sample_id,text,has_entity,BiLSTM_f1,BiLSTM_true_entities,BiLSTM_pred_entities,BiLSTM_true_tags,BiLSTM_pred_tags,BiLSTM-CRF_f1,BiLSTM-CRF_true_entities,BiLSTM-CRF_pred_entities,BiLSTM-CRF_true_tags,BiLSTM-CRF_pred_tags,PhoBERT_f1,PhoBERT_true_entities,PhoBERT_pred_entities,PhoBERT_true_tags,PhoBERT_pred_tags,XLM-RoBERTa_f1,XLM-RoBERTa_true_entities,XLM-RoBERTa_pred_entities,XLM-RoBERTa_true_tags,XLM-RoBERTa_pred_tags
6,"Xin chào Tuyết Thị, bạn đã đăng ký được cho chuẩn bị cho giai đoạn huấn luyện chuyên nghiệp huấn số. Chúng tôi đã ghi nhận 70 535377 tiền vào tài khoản của bạn để chi trả chi phí đầu tiên.",True,0.6666666666666666,"[{""type"": ""FIRSTNAME"", ""start"": 2, ""end"": 3, ""text"": ""Tuyết_@@""}, {""type"": ""MIDDLENAME"", ""start"": 3, ""end"": 4, ""text"": ""Thị""}, {""type"": ""AMOUNT"", ""start"": 22, ""end"": 25, ""text"": ""5@@ 35@@ 377""}]","[{""type"": ""FIRSTNAME"", ""start"": 2, ""end"": 3, ""text"": ""Tuyết_@@""}, {""type"": ""MIDDLENAME"", ""start"": 3, ""end"": 4, ""text"": ""Thị""}, {""type"": ""AMOUNT"", ""start"": 21, ""end"": 25, ""text"": ""70 5@@ 35@@ 377""}]",O O B-FIRSTNAME B-MIDDLENAME O O O O O O O O O O O O O O O O O O B-AMOUNT I-AMOUNT I-AMOUNT O O O O O O O O O O,O O B-FIRSTNAME B-MIDDLENAME O O O O O O O O O O O O O O O O O B-AMOUNT I-AMOUNT I-AMOUNT I-AMOUNT O O O O O O O O O O,0.6666666666666666,"[{""type"": ""FIRSTNAME"", ""start"": 2, ""end"": 3, ""text"": ""Tuyết_@@""}, {""type"": ""MIDDLENAME"", ""start"": 3, ""end"": 4, ""text"": ""Thị""}, {""type"": ""AMOUNT"", ""start"": 22, ""end"": 25, ""text"": ""5@@ 35@@ 377""}]","[{""type"": ""FIRSTNAME"", ""start"": 2, ""end"": 3, ""text"": ""Tuyết_@@""}, {""type"": ""MIDDLENAME"", ""start"": 3, ""end"": 4, ""text"": ""Thị""}, {""type"": ""AMOUNT"", ""start"": 21, ""end"": 25, ""text"": ""70 5@@ 35@@ 377""}]",O O B-FIRSTNAME B-MIDDLENAME O O O O O O O O O O O O O O O O O O B-AMOUNT I-AMOUNT I-AMOUNT O O O O O O O O O O,O O B-FIRSTNAME B-MIDDLENAME O O O O O O O O O O O O O O O O O B-AMOUNT I-AMOUNT I-AMOUNT I-AMOUNT O O O O O O O O O O,0.8571428571428571,"[{""type"": ""FIRSTNAME"", ""start"": 2, ""end"": 3, ""text"": ""Tuyết_@@""}, {""type"": ""MIDDLENAME"", ""start"": 3, ""end"": 4, ""text"": ""Thị""}, {""type"": ""AMOUNT"", ""start"": 22, ""end"": 25, ""text"": ""5@@ 35@@ 377""}]","[{""type"": ""FIRSTNAME"", ""start"": 2, ""end"": 3, ""text"": ""Tuyết_@@""}, {""type"": ""MIDDLENAME"", ""start"": 3, ""end"": 4, ""text"": ""Thị""}, {""type"": ""AGE"", ""start"": 21, ""end"": 22, ""text"": ""70""}, {""type"": ""AMOUNT"", ""start"": 22, ""end"": 25, ""text"": ""5@@ 35@@ 377""}]",O O B-FIRSTNAME B-MIDDLENAME O O O O O O O O O O O O O O O O O O B-AMOUNT I-AMOUNT I-AMOUNT O O O O O O O O O O,O O B-FIRSTNAME B-MIDDLENAME O O O O O O O O O O O O O O O O O B-AGE B-AMOUNT I-AMOUNT I-AMOUNT O O O O O O O O O O,0.6666666666666666,"[{""type"": ""FIRSTNAME"", ""start"": 2, ""end"": 3, ""text"": ""▁Tuyết""}, {""type"": ""MIDDLENAME"", ""start"": 3, ""end"": 4, ""text"": ""▁Thị""}, {""type"": ""AMOUNT"", ""start"": 29, ""end"": 32, ""text"": ""▁5 35 377""}]","[{""type"": ""FIRSTNAME"", ""start"": 2, ""end"": 3, ""text"": ""▁Tuyết""}, {""type"": ""MIDDLENAME"", ""start"": 3, ""end"": 4, ""text"": ""▁Thị""}, {""type"": ""AMOUNT"", ""start"": 28, ""end"": 32, ""text"": ""▁70 ▁5 35 377""}]",O O B-FIRSTNAME B-MIDDLENAME O O O O O O O O O O O O O O O O O O O O O O O O O B-AMOUNT I-AMOUNT I-AMOUNT O O O O O O O O O O O O O O,O O B-FIRSTNAME B-MIDDLENAME O O O O O O O O O O O O O O O O O O O O O O O O B-AMOUNT I-AMOUNT I-AMOUNT I-AMOUNT O O O O O O O O O O O O O O
41,Gíao dục chính thức đã đến đến địa chỉ Tòa nhà Landmark 81 vào ngày 18/09/63. Xác nhận đã nhận hàng.,True,0.5,"[{""type"": ""SECONDARYADDRESS"", ""start"": 9, ""end"": 13, ""text"": ""Toà nhà Landmark 81""}, {""type"": ""DATE"", ""start"": 15, ""end"": 19, ""text"": ""18/@@ 09 / 63""}]","[{""type"": ""SECONDARYADDRESS"", ""start"": 9, ""end"": 13, ""text"": ""Toà nhà Landmark 81""}, {""type"": ""DOB"", ""start"": 15, ""end"": 19, ""text"": ""18/@@ 09 / 63""}]",O O O O O O O O O B-SECONDARYADDRESS I-SECONDARYADDRESS I-SECONDARYADDRESS I-SECONDARYADDRESS O O B-DATE I-DATE I-DATE I-DATE O O O O O O,O O O O O O O O O B-SECONDARYADDRESS I-SECONDARYADDRESS I-SECONDARYADDRESS I-SECONDARYADDRESS O O B-DOB I-DOB I-DOB I-DOB O O O O O O,0.5,"[{""type"": ""SECONDARYADDRESS"", ""start"": 9, ""end"": 13, ""text"": ""Toà nhà Landmark 81""}, {""type"": ""DATE"", ""start"": 15, ""end"": 19, ""text"": ""18/@@ 09 / 63""}]","[{""type"": ""SECONDARYADDRESS"", ""start"": 9, ""end"": 13, ""text"": ""Toà nhà Landmark 81""}, {""type"": ""DOB"", ""start"": 15, ""end"": 19, ""text"": ""18/@@ 09 / 63""}]",O O O O O O O O O B-SECONDARYADDRESS I-SECONDARYADDRESS I-SECONDARYADDRESS I-SECONDARYADDRESS O O B-DATE I-DATE I-DATE I-DATE O O O O O O,O O O O O O O O O B-SECONDARYADDRESS I-SECONDARYADDRESS I-SECONDARYADDRESS I-SECONDARYADDRESS O O B-DOB I-DOB I-DOB I-DOB O O O O O O,0.4,"[{""type"": ""SECONDARYADDRESS"", ""start"": 9, ""end"": 13, ""text"": ""Toà nhà Landmark 81""}, {""type"": ""DATE"", ""start"": 15, ""end"": 19, ""text"": ""18/@@ 09 / 63""}]","[{""type"": ""SECONDARYADDRESS"", ""start"": 9, ""end"": 13, ""text"": ""Toà nhà Landmark 81""}, {""type"": ""DOB"", ""start"": 15, ""end"": 16, ""text"": ""18/@@""}, {""type"": ""DATE"", ""start"": 16, ""end"": 19, ""text"": ""09 / 63""}]",O O O O O O O O O B-SECONDARYADDRESS I-SECONDARYADDRESS I-SECONDARYADDRESS I-SECONDARYADDRESS O O B-DATE I-DATE I-DATE I-DATE O O O O O O,O O O O O O O O O B-SECONDARYADDRESS I-SECONDARYADDRESS I-SECONDARYADDRESS I-SECONDARYADDRESS O O B-DOB I-DATE I-DATE I-DATE O O O O O O,0.4,"[{""type"": ""SECONDARYADDRESS"", ""start"": 11, ""end"": 16, ""text"": ""▁Tòa ▁nhà ▁Land mark ▁81""}, {""type"": ""DATE"", ""start"": 18, ""end"": 21, ""text"": ""▁18 /09/ 63""}]","[{""type"": ""SECONDARYADDRESS"", ""start"": 11, ""end"": 16, ""text"": ""▁Tòa ▁nhà ▁Land mark ▁81""}, {""type"": ""DOB"", ""start"": 18, ""end"": 19, ""text"": ""▁18""}, {""type"": ""DATE"", ""start"": 19, ""end"": 21, ""text"": ""/09/ 63""}]",O O O O O O O O O O O B-SECONDARYADDRESS I-SECONDARYADDRESS I-SECONDARYADDRESS I-SECONDARYADDRESS I-SECONDARYADDRESS O O B-DATE I-DATE I-DATE O O O O O O O O,O O O O O O O O O O O B-SECONDARYADDRESS I-SECONDARYADDRESS I-SECONDARYADDRESS I-SECONDARYADDRESS I-SECONDARYADDRESS O O B-DOB I-DATE I-DATE O O O O O O O O
43,"Thân gửi Bác sĩ, chúng tôi cần cập nhật đánh giá rủi ro cho quận Quận Ba Đình. Vui lòng cập nhật cho chúng tôi càng sớm càng tốt. Thông tin liên lạc của bạn vẫn không thay đổi, đúng không - thắng.phùng@vnpt.vn?",True,0.6666666666666666,"[{""type"": ""JOBTITLE"", ""start"": 2, ""end"": 3, ""text"": ""Bác_sĩ""}, {""type"": ""COUNTY"", ""start"": 11, ""end"": 13, ""text"": ""Quận Ba_Đình""}, {""type"": ""EMAIL"", ""start"": 35, ""end"": 43, ""text"": ""thắ@@ ng.@@ phù ng@@ @@@ vn@@ pt@@ .vn""}]","[{""type"": ""PREFIX"", ""start"": 2, ""end"": 3, ""text"": ""Bác_sĩ""}, {""type"": ""COUNTY"", ""start"": 11, ""end"": 13, ""text"": ""Quận Ba_Đình""}, {""type"": ""EMAIL"", ""start"": 35, ""end"": 43, ""text"": ""thắ@@ ng.@@ phù ng@@ @@@ vn@@ pt@@ .vn""}]",O O B-JOBTITLE O O O O O O O O B-COUNTY I-COUNTY O O O O O O O O O O O O O O O O O O O O O O B-EMAIL I-EMAIL I-EMAIL I-EMAIL I-EMAIL I-EMAIL I-EMAIL I-EMAIL O,O O B-PREFIX O O O O O O O O B-COUNTY I-COUNTY O O O O O O O O O O O O O O O O O O O O O O B-EMAIL I-EMAIL I-EMAIL I-EMAIL I-EMAIL I-EMAIL I-EMAIL I-EMAIL O,0.6666666666666666,"[{""type"": ""JOBTITLE"", ""start"": 2, ""end"": 3, ""text"": ""Bác_sĩ""}, {""type"": ""COUNTY"", ""start"": 11, ""end"": 13, ""text"": ""Quận Ba_Đình""}, {""type"": ""EMAIL"", ""start"": 35, ""end"": 43, ""text"": ""thắ@@ ng.@@ phù ng@@ @@@ vn@@ pt@@ .vn""}]","[{""type"": ""PREFIX"", ""start"": 2, ""end"": 3, ""text"": ""Bác_sĩ""}, {""type"": ""COUNTY"", ""start"": 11, ""end"": 13, ""text"": ""Quận Ba_Đình""}, {""type"": ""EMAIL"", ""start"": 35, ""end"": 43, ""text"": ""thắ@@ ng.@@ phù ng@@ @@@ vn@@ pt@@ .vn""}]",O O B-JOBTITLE O O O O O O O O B-COUNTY I-COUNTY O O O O O O O O O O O O O O O O O O O O O O B-EMAIL I-EMAIL I-EMAIL I-EMAIL I-EMAIL I-EMAIL I-EMAIL I-EMAIL O,O O B-PREFIX O O O O O O O O B-COUNTY I-COUNTY O O O O O O O O O O O O O O O O O O O O O O B-EMAIL I-EMAIL I-EMAIL I-EMAIL I-EMAIL I-EMAIL I-EMAIL I-EMAIL O,0.6666666666666666,"[{""type"": ""JOBTITLE"", ""start"": 2, ""end"": 3, ""text"": ""Bác_sĩ""}, {""type"": ""COUNTY"", ""start"": 11, ""end"": 13, ""text"": ""Quận Ba_Đình""}, {""type"": ""EMAIL"", ""start"": 35, ""end"": 43, ""text"": ""thắ@@ ng.@@ phù ng@@ @@@ vn@@ pt@@ .vn""}]","[{""type"": ""PREFIX"", ""start"": 2, ""end"": 3, ""text"": ""Bác_sĩ""}, {""type"": ""COUNTY"", ""start"": 11, ""end"": 13, ""text"": ""Quận Ba_Đình""}, {""type"": ""EMAIL"", ""start"": 35, ""end"": 43, ""text"": ""thắ@@ ng.@@ phù ng@@ @@@ vn@@ pt@@ .vn""}]",O O B-JOBTITLE O O O O O O O O B-COUNTY I-COUNTY O O O O O O O O O O O O O O O O O O O O O O B-EMAIL I-EMAIL I-EMAIL I-EMAIL I-EMAIL I-EMAIL I-EMAIL I-EMAIL O,O O B-PREFIX O O O O O O O O B-COUNTY I-COUNTY O O O O O O O O O O O O O O O O O O O O O O B-EMAIL I-EMAIL I-EMAIL I-EMAIL I-EMAIL I-EMAIL I-EMAIL I-EMAIL O,0.6666666666666666,"[{""type"": ""JOBTITLE"", ""start"": 2, ""end"": 4, ""text"": ""▁Bác ▁sĩ""}, {""type"": ""COUNTY"", ""start"": 16, ""end"": 19, ""text"": ""▁Quận ▁Ba ▁Đình""}, {""type"": ""EMAIL"", ""start"": 46, ""end"": 55, ""text"": ""▁thắng . ph ùng @ vn pt . vn""}]","[{""type"": ""PREFIX"", ""start"": 2, ""end"": 4, ""text"": ""▁Bác ▁sĩ""}, {""type"": ""COUNTY"", ""start"": 16, ""end"": 19, ""text"": ""▁Quận ▁Ba ▁Đình""}, {""type"": ""EMAIL"", ""start"": 46, ""end"": 55, ""text"": ""▁thắng . ph ùng @ vn pt . vn""}]",O O B-JOBTITLE I-JOBTITLE O O O O O O O O O O O O B-COUNTY I-COUNTY I-COUNTY O O O O O O O O O O O O O O O O O O O O O O O O O O O B-EMAIL I-EMAIL I-EMAIL I-EMAIL I-EMAIL I-EMAIL I-EMAIL I-EMAIL I-EMAIL O,O O B-PREFIX I-PREFIX O O O O O O O O O O O O B-COUNTY I-COUNTY I-COUNTY O O O O O O O O O O O O O O O O O O O O O O O O O O O B-EMAIL I-EMAIL I-EMAIL I-EMAIL I-EMAIL I-EMAIL I-EMAIL I-EMAIL I-EMAIL O
64,"Chào Anh, chúng tôi rất vui vì bạn quan tâm đến chương trình trao đổi. Để đăng ký, vui lòng kết nối với chúng tôi qua IP: 51.191.208.134.",True,0.5,"[{""type"": ""FIRSTNAME"", ""start"": 1, ""end"": 2, ""text"": ""Anh""}, {""type"": ""IPADDRESS"", ""start"": 23, ""end"": 30, ""text"": ""5@@ 1.@@ 19@@ 1.@@ 208 . 134""}]","[{""type"": ""PREFIX"", ""start"": 1, ""end"": 2, ""text"": ""Anh""}, {""type"": ""IPADDRESS"", ""start"": 23, ""end"": 30, ""text"": ""5@@ 1.@@ 19@@ 1.@@ 208 . 134""}]",O B-FIRSTNAME O O O O O O O O O O O O O O O O O O O O O B-IPADDRESS I-IPADDRESS I-IPADDRESS I-IPADDRESS I-IPADDRESS I-IPADDRESS I-IPADDRESS O,O B-PREFIX O O O O O O O O O O O O O O O O O O O O O B-IPADDRESS I-IPADDRESS I-IPADDRESS I-IPADDRESS I-IPADDRESS I-IPADDRESS I-IPADDRESS O,0.5,"[{""type"": ""FIRSTNAME"", ""start"": 1, ""end"": 2, ""text"": ""Anh""}, {""type"": ""IPADDRESS"", ""start"": 23, ""end"": 30, ""text"": ""5@@ 1.@@ 19@@ 1.@@ 208 . 134""}]","[{""type"": ""PREFIX"", ""start"": 1, ""end"": 2, ""text"": ""Anh""}, {""type"": ""IPADDRESS"", ""start"": 23, ""end"": 30, ""text"": ""5@@ 1.@@ 19@@ 1.@@ 208 . 134""}]",O B-FIRSTNAME O O O O O O O O O O O O O O O O O O O O O B-IPADDRESS I-IPADDRESS I-IPADDRESS I-IPADDRESS I-IPADDRESS I-IPADDRESS I-IPADDRESS O,O B-PREFIX O O O O O O O O O O O O O O O O O O O O O B-IPADDRESS I-IPADDRESS I-IPADDRESS I-IPADDRESS I-IPADDRESS I-IPADDRESS I-IPADDRESS O,0.5,"[{""type"": ""FIRSTNAME"", ""start"": 1, ""end"": 2, ""text"": ""Anh""}, {""type"": ""IPADDRESS"", ""start"": 23, ""end"": 30, ""text"": ""5@@ 1.@@ 19@@ 1.@@ 208 . 134""}]","[{""type"": ""PREFIX"", ""start"": 1, ""end"": 2, ""text"": ""Anh""}, {""type"": ""IPADDRESS"", ""start"": 23, ""end"": 30, ""text"": ""5@@ 1.@@ 19@@ 1.@@ 208 . 134""}]",O B-FIRSTNAME O O O O O O O O O O O O O O O O O O O O O B-IPADDRESS I-IPADDRESS I-IPADDRESS I-IPADDRESS I-IPADDRESS I-IPADDRESS I-IPADDRESS O,O B-PREFIX O O O O O O O O O O O O O O O O O O O O O B-IPADDRESS I-IPADDRESS I-IPADDRESS I-IPADDRESS I-IPADDRESS I-IPADDRESS I-IPADDRESS O,0.5,"[{""type"": ""FIRSTNAME"", ""start"": 1, ""end"": 2, ""text"": ""▁Anh""}, {""type"": ""IPADDRESS"", ""start"": 31, ""end"": 37, ""text"": ""▁51 . 19 1.2 08. 134""}]","[{""type"": ""PREFIX"", ""start"": 1, ""end"": 2, ""text"": ""▁Anh""}, {""type"": ""IPADDRESS"", ""start"": 31, ""end"": 37, ""text"": ""▁51 . 19 1.2 08. 134""}]",O B-FIRSTNAME O O O O O O O O O O O O O O O O O O O O O O O O O O O O O B-IPADDRESS I-IPADDRESS I-IPADDRESS I-IPADDRESS I-IPADDRESS I-IPADDRESS O,O B-PREFIX O O O O O O O O O O O O O O O O O O O O O O O O O O O O O B-IPADDRESS I-IPADDRESS I-IPADDRESS I-IPADDRESS I-IPADDRESS I-IPADDRESS O
155,"Trong quá trình hoạt động của tuyến đường vận tải Panama vào ngày 03/10/1962, đã xảy ra một số vi phạm luật hàng hải. Con tàu, được đăng ký dưới mã số FXLRMHHRLKRL86359 và được biết đến với tên Tài khoản EUR, đã vi phạm một số quy định về môi trường.",True,0.6666666666666666,"[{""type"": ""DOB"", ""start"": 10, ""end"": 13, ""text"": ""03/@@ 10/@@ 1962""}, {""type"": ""VEHICLEVIN"", ""start"": 29, ""end"": 40, ""text"": ""F@@ XL@@ R@@ MH@@ HR@@ L@@ KR@@ L@@ 8@@ 63@@ 59""}, {""type"": ""ACCOUNTNAME"", ""start"": 46, ""end"": 48, ""text"": ""Tài_khoản EUR""}]","[{""type"": ""DATE"", ""start"": 10, ""end"": 13, ""text"": ""03/@@ 10/@@ 1962""}, {""type"": ""VEHICLEVIN"", ""start"": 29, ""end"": 40, ""text"": ""F@@ XL@@ R@@ MH@@ HR@@ L@@ KR@@ L@@ 8@@ 63@@ 59""}, {""type"": ""ACCOUNTNAME"", ""start"": 46, ""end"": 48, ""text"": ""Tài_khoản EUR""}]",O O O O O O O O O O B-DOB I-DOB I-DOB O O O O O O O O O O O O O O O O B-VEHICLEVIN I-VEHICLEVIN I-VEHICLEVIN I-VEHICLEVIN I-VEHICLEVIN I-VEHICLEVIN I-VEHICLEVIN I-VEHICLEVIN I-VEHICLEVIN I-VEHICLEVIN I-VEHICLEVIN O O O O O O B-ACCOUNTNAME I-ACCOUNTNAME O O O O O O O O,O O O O O O O O O O B-DATE I-DATE I-DATE O O O O O O O O O O O O O O O O B-VEHICLEVIN I-VEHICLEVIN I-VEHICLEVIN I-VEHICLEVIN I-VEHICLEVIN I-VEHICLEVIN I-VEHICLEVIN I-VEHICLEVIN I-VEHICLEVIN I-VEHICLEVIN I-VEHICLEVIN O O O O O O B-ACCOUNTNAME I-ACCOUNTNAME O O O O O O O O,0.8571428571428571,"[{""type"": ""DOB"", ""start"": 10, ""end"": 13, ""text"": ""03/@@ 10/@@ 1962""}, {""type"": ""VEHICLEVIN"", ""start"": 29, ""end"": 40, ""text"": ""F@@ XL@@ R@@ MH@@ HR@@ L@@ KR@@ L@@ 8@@ 63@@ 59""}, {""type"": ""ACCOUNTNAME"", ""start"": 46, ""end"": 48, ""text"": ""Tài_khoản EUR""}]","[{""type"": ""JOBAREA"", ""start"": 7, ""end"": 8, ""text"": ""Panama""}, {""type"": ""DOB"", ""start"": 10, ""end"": 13, ""text"": ""03/@@ 10/@@ 1962""}, {""type"": ""VEHICLEVIN"", ""start"": 29, ""end"": 40, ""text"": ""F@@ XL@@ R@@ MH@@ HR@@ L@@ KR@@ L@@ 8@@ 63@@ 59""}, {""type"": ""ACCOUNTNAME"", ""start"": 46, ""end"": 48, ""text"": ""Tài_khoản EUR""}]",O O O O O O O O O O B-DOB I-DOB I-DOB O O O O O O O O O O O O O O O O B-VEHICLEVIN I-VEHICLEVIN I-VEHICLEVIN I-VEHICLEVIN I-VEHICLEVIN I-VEHICLEVIN I-VEHICLEVIN I-VEHICLEVIN I-VEHICLEVIN I-VEHICLEVIN I-VEHICLEVIN O O O O O O B-ACCOUNTNAME I-ACCOUNTNAME O O O O O O O O,O O O O O O O B-JOBAREA O O B-DOB I-DOB I-DOB O O O O O O O O O O O O O O O O B-VEHICLEVIN I-VEHICLEVIN I-VEHICLEVIN I-VEHICLEVIN I-VEHICLEVIN I-VEHICLEVIN I-VEHICLEVIN I-VEHICLEVIN I-VEHICLEVIN I-VEHICLEVIN I-VEHICLEVIN O O O O O O B-ACCOUNTNAME I-ACCOUNTNAME O O O O O O O O,0.6666666666666666,"[{""type"": ""DOB"", ""start"": 10, ""end"": 13, ""text"": ""03/@@ 10/@@ 1962""}, {""type"": ""VEHICLEVIN"", ""start"": 29, ""end"": 40, ""text"": ""F@@ XL@@ R@@ MH@@ HR@@ L@@ KR@@ L@@ 8@@ 63@@ 59""}, {""type"": ""ACCOUNTNAME"", ""start"": 46, ""end"": 48, ""text"": ""Tài_khoản EUR""}]","[{""type"": ""DATE"", ""start"": 10, ""end"": 13, ""text"": ""03/@@ 10/@@ 1962""}, {""type"": ""VEHICLEVIN"", ""start"": 29, ""end"": 40, ""text"": ""F@@ XL@@ R@@ MH@@ HR@@ L@@ KR@@ L@@ 8@@ 63@@ 59""}, {""type"": ""ACCOUNTNAME"", ""start"": 46, ""end"": 48, ""text"": ""Tài_khoản EUR""}]",O O O O O O O O O O B-DOB I-DOB I-DOB O O O O O O O O O O O O O O O O B-VEHICLEVIN I-VEHICLEVIN I-VEHICLEVIN I-VEHICLEVIN I-VEHICLEVIN I-VEHICLEVIN I-VEHICLEVIN I-VEHICLEVIN I-VEHICLEVIN I-VEHICLEVIN I-VEHICLEVIN O O O O O O B-ACCOUNTNAME I-ACCOUNTNAME O O O O O O O O,O O O O O O O O O O B-DATE I-DATE I-DATE O O O O O O O O O O O O O O O O B-VEHICLEVIN I-VEHICLEVIN I-VEHICLEVIN I-VEHICLEVIN I-VEHICLEVIN I-VEHICLEVIN I-VEHICLEVIN I-VEHICLEVIN I-VEHICLEVIN I-VEHICLEVIN I-VEHICLEVIN O O O O O O B-ACCOUNTNAME I-ACCOUNTNAME O O O O O O O O,0.6666666666666666,"[{""type"": ""DOB"", ""start"": 13, ""end"": 16, ""text"": ""▁03 /10/ 1962""}, {""type"": ""VEHICLEVIN"", ""start"": 38, ""end"": 47, ""text"": ""▁F XL RM H HR LK RL 86 359""}, {""type"": ""ACCOUNTNAME"", ""start"": 53, ""end"": 56, ""text"": ""▁Tài ▁khoản ▁EUR""}]","[{""type"": ""DATE"", ""start"": 13, ""end"": 16, ""text"": ""▁03 /10/ 1962""}, {""type"": ""VEHICLEVIN"", ""start"": 38, ""end"": 47, ""text"": ""▁F XL RM H HR LK RL 86 359""}, {""type"": ""ACCOUNTNAME"", ""start"": 53, ""end"": 56, ""text"": ""▁Tài ▁khoản ▁EUR""}]",O O O O O O O O O O O O O B-DOB I-DOB I-DOB O O O O O O O O O O O O O O O O O O O O O O B-VEHICLEVIN I-VEHICLEVIN I-VEHICLEVIN I-VEHICLEVIN I-VEHICLEVIN I-VEHICLEVIN I-VEHICLEVIN I-VEHICLEVIN I-VEHICLEVIN O O O O O O B-ACCOUNTNAME I-ACCOUNTNAME I-ACCOUNTNAME O O O O O O O O O O O O,O O O O O O O O O O O O O B-DATE I-DATE I-DATE O O O O O O O O O O O O O O O O O O O O O O B-VEHICLEVIN I-VEHICLEVIN I-VEHICLEVIN I-VEHICLEVIN I-VEHICLEVIN I-VEHICLEVIN I-VEHICLEVIN I-VEHICLEVIN I-VEHICLEVIN O O O O O O B-ACCOUNTNAME I-ACCOUNTNAME I-ACCOUNTNAME O O O O O O O O O O O O
228,"Quý học sinh 056094618779, thông tin quan trọng về bài tập học sinh học sinh. Thời hạn gửi bài tập đã được mở rộng đến 15.01.2000. Chi phí cho bài tập là VND 0.4004m. Hãy đảm bảo bạn đã thanh toán nó qua DO88JFZK00064503946520084074.",True,0.8000000000000002,"[{""type"": ""CCCD"", ""start"": 2, ""end"": 9, ""text"": ""05@@ 60@@ 9@@ 46@@ 18@@ 7@@ 79""}, {""type"": ""DOB"", ""start"": 24, ""end"": 27, ""text"": ""15.0@@ 1.@@ 2000""}, {""type"": ""CURRENCYCODE"", ""start"": 32, ""end"": 33, ""text"": ""VND""}, {""type"": ""AMOUNT"", ""start"": 33, ""end"": 37, ""text"": ""0.@@ 400@@ 4 m""}, {""type"": ""IBAN"", ""start"": 45, ""end"": 61, ""text"": ""DO@@ 88@@ J@@ F@@ Z@@ K 00@@ 06@@ 450@@ 39@@ 46@@ 5@@ 200@@ 8@@ 40@@ 74""}]","[{""type"": ""CCCD"", ""start"": 2, ""end"": 9, ""text"": ""05@@ 60@@ 9@@ 46@@ 18@@ 7@@ 79""}, {""type"": ""DOB"", ""start"": 24, ""end"": 27, ""text"": ""15.0@@ 1.@@ 2000""}, {""type"": ""CURRENCYSYMBOL"", ""start"": 32, ""end"": 33, ""text"": ""VND""}, {""type"": ""AMOUNT"", ""start"": 33, ""end"": 37, ""text"": ""0.@@ 400@@ 4 m""}, {""type"": ""IBAN"", ""start"": 45, ""end"": 61, ""text"": ""DO@@ 88@@ J@@ F@@ Z@@ K 00@@ 06@@ 450@@ 39@@ 46@@ 5@@ 200@@ 8@@ 40@@ 74""}]",O O B-CCCD I-CCCD I-CCCD I-CCCD I-CCCD I-CCCD I-CCCD O O O O O O O O O O O O O O O B-DOB I-DOB I-DOB O O O O O B-CURRENCYCODE B-AMOUNT I-AMOUNT I-AMOUNT I-AMOUNT O O O O O O O O B-IBAN I-IBAN I-IBAN I-IBAN I-IBAN I-IBAN I-IBAN I-IBAN I-IBAN I-IBAN I-IBAN I-IBAN I-IBAN I-IBAN I-IBAN I-IBAN O,O O B-CCCD I-CCCD I-CCCD I-CCCD I-CCCD I-CCCD I-CCCD O O O O O O O O O O O O O O O B-DOB I-DOB I-DOB O O O O O B-CURRENCYSYMBOL B-AMOUNT I-AMOUNT I-AMOUNT I-AMOUNT O O O O O O O O B-IBAN I-IBAN I-IBAN I-IBAN I-IBAN I-IBAN I-IBAN I-IBAN I-IBAN I-IBAN I-IBAN I-IBAN I-IBAN I-IBAN I-IBAN I-IBAN O,0.8000000000000002,"[{""type"": ""CCCD"", ""start"": 2, ""end"": 9, ""text"": ""05@@ 60@@ 9@@ 46@@ 18@@ 7@@ 79""}, {""type"": ""DOB"", ""start"": 24, ""end"": 27, ""text"": ""15.0@@ 1.@@ 2000""}, {""type"": ""CURRENCYCODE"", ""start"": 32, ""end"": 33, ""text"": ""VND""}, {""type"": ""AMOUNT"", ""start"": 33, ""end"": 37, ""text"": ""0.@@ 400@@ 4 m""}, {""type"": ""IBAN"", ""start"": 45, ""end"": 61, ""text"": ""DO@@ 88@@ J@@ F@@ Z@@ K 00@@ 06@@ 450@@ 39@@ 46@@ 5@@ 200@@ 8@@ 40@@ 74""}]","[{""type"": ""CCCD"", ""start"": 2, ""end"": 9, ""text"": ""05@@ 60@@ 9@@ 46@@ 18@@ 7@@ 79""}, {""type"": ""DOB"", ""start"": 24, ""end"": 27, ""text"": ""15.0@@ 1.@@ 2000""}, {""type"": ""CURRENCYSYMBOL"", ""start"": 32, ""end"": 33, ""text"": ""VND""}, {""type"": ""AMOUNT"", ""start"": 33, ""end"": 37, ""text"": ""0.@@ 400@@ 4 m""}, {""type"": ""IBAN"", ""start"": 45, ""end"": 61, ""text"": ""DO@@ 88@@ J@@ F@@ Z@@ K 00@@ 06@@ 450@@ 39@@ 46@@ 5@@ 200@@ 8@@ 40@@ 74""}]",O O B-CCCD I-CCCD I-CCCD I-CCCD I-CCCD I-CCCD I-CCCD O O O O O O O O O O O O O O O B-DOB I-DOB I-DOB O O O O O B-CURRENCYCODE B-AMOUNT I-AMOUNT I-AMOUNT I-AMOUNT O O O O O O O O B-IBAN I-IBAN I-IBAN I-IBAN I-IBAN I-IBAN I-IBAN I-IBAN I-IBAN I-IBAN I-IBAN I-IBAN I-IBAN I-IBAN I-IBAN I-IBAN O,O O B-CCCD I-CCCD I-CCCD I-CCCD I-CCCD I-CCCD I-CCCD O O O O O O O O O O O O O O O B-DOB I-DOB I-DOB O O O O O B-CURRENCYSYMBOL B-AMOUNT I-AMOUNT I-AMOUNT I-AMOUNT O O O O O O O O B-IBAN I-IBAN I-IBAN I-IBAN I-IBAN I-IBAN I-IBAN I-IBAN I-IBAN I-IBAN I-IBAN I-IBAN I-IBAN I-IBAN I-IBAN I-IBAN O,0.5454545454545454,"[{""type"": ""CCCD"", ""start"": 2, ""end"": 9, ""text"": ""05@@ 60@@ 9@@ 46@@ 18@@ 7@@ 79""}, {""type"": ""DOB"", ""start"": 24, ""end"": 27, ""text"": ""15.0@@ 1.@@ 2000""}, {""type"": ""CURRENCYCODE"", ""start"": 32, ""end"": 33, ""text"": ""VND""}, {""type"": ""AMOUNT"", ""start"": 33, ""end"": 37, ""text"": ""0.@@ 400@@ 4 m""}, {""type"": ""IBAN"", ""start"": 45, ""end"": 61, ""text"": ""DO@@ 88@@ J@@ F@@ Z@@ K 00@@ 06@@ 450@@ 39@@ 46@@ 5@@ 200@@ 8@@ 40@@ 74""}]","[{""type"": ""CCCD"", ""start"": 2, ""end"": 9, ""text"": ""05@@ 60@@ 9@@ 46@@ 18@@ 7@@ 79""}, {""type"": ""DATE"", ""start"": 24, ""end"": 25, ""text"": ""15.0@@""}, {""type"": ""DOB"", ""start"": 25, ""end"": 27, ""text"": ""1.@@ 2000""}, {""type"": ""CURRENCYSYMBOL"", ""start"": 32, ""end"": 33, ""text"": ""VND""}, {""type"": ""AMOUNT"", ""start"": 33, ""end"": 37, ""text"": ""0.@@ 400@@ 4 m""}, {""type"": ""IBAN"", ""start"": 45, ""end"": 61, ""text"": ""DO@@ 88@@ J@@ F@@ Z@@ K 00@@ 06@@ 450@@ 39@@ 46@@ 5@@ 200@@ 8@@ 40@@ 74""}]",O O B-CCCD I-CCCD I-CCCD I-CCCD I-CCCD I-CCCD I-CCCD O O O O O O O O O O O O O O O B-DOB I-DOB I-DOB O O O O O B-CURRENCYCODE B-AMOUNT I-AMOUNT I-AMOUNT I-AMOUNT O O O O O O O O B-IBAN I-IBAN I-IBAN I-IBAN I-IBAN I-IBAN I-IBAN I-IBAN I-IBAN I-IBAN I-IBAN I-IBAN I-IBAN I-IBAN I-IBAN I-IBAN O,O O B-CCCD I-CCCD I-CCCD I-CCCD I-CCCD I-CCCD I-CCCD O O O O O O O O O O O O O O O B-DATE I-DOB I-DOB O O O O O B-CURRENCYSYMBOL B-AMOUNT I-AMOUNT I-AMOUNT I-AMOUNT O O O O O O O O B-IBAN I-IBAN I-IBAN I-IBAN I-IBAN I-IBAN I-IBAN I-IBAN I-IBAN I-IBAN I-IBAN I-IBAN I-IBAN I-IBAN I-IBAN I-IBAN O,0.6666666666666666,"[{""type"": ""CCCD"", ""start"": 3, ""end"": 8, ""text"": ""▁05 609 46 18 779""}, {""type"": ""DOB"", ""start"": 31, ""end"": 34, ""text"": ""▁15 .01. 2000""}, {""type"": ""CURRENCYCODE"", ""start"": 41, ""end"": 43, ""text"": ""▁V ND""}, {""type"": ""AMOUNT"", ""start"": 43, ""end"": 44, ""text"": ""▁""}, {""type"": ""AMOUNT"", ""start"": 44, ""end"": 47, ""text"": ""0.4 004 m""}, {""type"": ""IBAN"", ""start"": 57, ""end"": 70, ""text"": ""▁DO 88 J F ZK 000 64 50 39 465 2008 40 74""}]","[{""type"": ""CCCD"", ""start"": 3, ""end"": 8, ""text"": ""▁05 609 46 18 779""}, {""type"": ""DATE"", ""start"": 31, ""end"": 34, ""text"": ""▁15 .01. 2000""}, {""type"": ""CURRENCYSYMBOL"", ""start"": 41, ""end"": 43, ""text"": ""▁V ND""}, {""type"": ""AMOUNT"", ""start"": 43, ""end"": 44, ""text"": ""▁""}, {""type"": ""AMOUNT"", ""start"": 44, ""end"": 47, ""text"": ""0.4 004 m""}, {""type"": ""IBAN"", ""start"": 57, ""end"": 70, ""text"": ""▁DO 88 J F ZK 000 64 50 39 465 2008 40 74""}]",O O O B-CCCD I-CCCD I-CCCD I-CCCD I-CCCD O O O O O O O O O O O O O O O O O O O O O O O B-DOB I-DOB I-DOB O O O O O O O B-CURRENCYCODE I-CURRENCYCODE B-AMOUNT B-AMOUNT I-AMOUNT I-AMOUNT O O O O O O O O O O B-IBAN I-IBAN I-IBAN I-IBAN I-IBAN I-IBAN I-IBAN I-IBAN I-IBAN I-IBAN I-IBAN I-IBAN I-IBAN O,O O O B-CCCD I-CCCD I-CCCD I-CCCD I-CCCD O O O O O O O O O O O O O O O O O O O O O O O B-DATE I-DATE I-DATE O O O O O O O B-CURRENCYSYMBOL I-CURRENCYSYMBOL B-AMOUNT B-AMOUNT I-AMOUNT I-AMOUNT O O O O O O O O O O B-IBAN I-IBAN I-IBAN I-IBAN I-IBAN I-IBAN I-IBAN I-IBAN I-IBAN I-IBAN I-IBAN I-IBAN I-IBAN O
234,Tôi đã quan sát kĩ năng quản lý của bạn trong Xây dựng. Tôi muốn gợi ý bạn cho vị trí Y tá mở rộng trong đội ngũ của chúng tôi. Xin vui lòng gửi thông tin của mình bao gồm 9.4.1958 và 006093847846 để đăng ký.,True,0.75,"[{""type"": ""JOBAREA"", ""start"": 8, ""end"": 9, ""text"": ""Xây_dựng""}, {""type"": ""JOBTYPE"", ""start"": 16, ""end"": 18, ""text"": ""Y@@ _tá""}, {""type"": ""DOB"", ""start"": 31, ""end"": 34, ""text"": ""9.@@ 4.@@ 1958""}, {""type"": ""CCCD"", ""start"": 35, ""end"": 42, ""text"": ""00@@ 60@@ 9@@ 38@@ 47@@ 8@@ 46""}]","[{""type"": ""JOBAREA"", ""start"": 8, ""end"": 9, ""text"": ""Xây_dựng""}, {""type"": ""JOBTITLE"", ""start"": 16, ""end"": 18, ""text"": ""Y@@ _tá""}, {""type"": ""DOB"", ""start"": 31, ""end"": 34, ""text"": ""9.@@ 4.@@ 1958""}, {""type"": ""CCCD"", ""start"": 35, ""end"": 42, ""text"": ""00@@ 60@@ 9@@ 38@@ 47@@ 8@@ 46""}]",O O O O O O O O B-JOBAREA O O O O O O O B-JOBTYPE I-JOBTYPE O O O O O O O O O O O O O B-DOB I-DOB I-DOB O B-CCCD I-CCCD I-CCCD I-CCCD I-CCCD I-CCCD I-CCCD O O O,O O O O O O O O B-JOBAREA O O O O O O O B-JOBTITLE I-JOBTITLE O O O O O O O O O O O O O B-DOB I-DOB I-DOB O B-CCCD I-CCCD I-CCCD I-CCCD I-CCCD I-CCCD I-CCCD O O O,0.75,"[{""type"": ""JOBAREA"", ""start"": 8, ""end"": 9, ""text"": ""Xây_dựng""}, {""type"": ""JOBTYPE"", ""start"": 16, ""end"": 18, ""text"": ""Y@@ _tá""}, {""type"": ""DOB"", ""start"": 31, ""end"": 34, ""text"": ""9.@@ 4.@@ 1958""}, {""type"": ""CCCD"", ""start"": 35, ""end"": 42, ""text"": ""00@@ 60@@ 9@@ 38@@ 47@@ 8@@ 46""}]","[{""type"": ""JOBAREA"", ""start"": 8, ""end"": 9, ""text"": ""Xây_dựng""}, {""type"": ""JOBTITLE"", ""start"": 16, ""end"": 18, ""text"": ""Y@@ _tá""}, {""type"": ""DOB"", ""start"": 31, ""end"": 34, ""text"": ""9.@@ 4.@@ 1958""}, {""type"": ""CCCD"", ""start"": 35, ""end"": 42, ""text"": ""00@@ 60@@ 9@@ 38@@ 47@@ 8@@ 46""}]",O O O O O O O O B-JOBAREA O O O O O O O B-JOBTYPE I-JOBTYPE O O O O O O O O O O O O O B-DOB I-DOB I-DOB O B-CCCD I-CCCD I-CCCD I-CCCD I-CCCD I-CCCD I-CCCD O O O,O O O O O O O O B-JOBAREA O O O O O O O B-JOBTITLE I-JOBTITLE O O O O O O O O O O O O O B-DOB I-DOB I-DOB O B-CCCD I-CCCD I-CCCD I-CCCD I-CCCD I-CCCD I-CCCD O O O,0.75,"[{""type"": ""JOBAREA"", ""start"": 8, ""end"": 9, ""text"": ""Xây_dựng""}, {""type"": ""JOBTYPE"", ""start"": 16, ""end"": 18, ""text"": ""Y@@ _tá""}, {""type"": ""DOB"", ""start"": 31, ""end"": 34, ""text"": ""9.@@ 4.@@ 1958""}, {""type"": ""CCCD"", ""start"": 35, ""end"": 42, ""text"": ""00@@ 60@@ 9@@ 38@@ 47@@ 8@@ 46""}]","[{""type"": ""JOBAREA"", ""start"": 8, ""end"": 9, ""text"": ""Xây_dựng""}, {""type"": ""JOBTITLE"", ""start"": 16, ""end"": 18, ""text"": ""Y@@ _tá""}, {""type"": ""DOB"", ""start"": 31, ""end"": 34, ""text"": ""9.@@ 4.@@ 1958""}, {""type"": ""CCCD"", ""start"": 35, ""end"": 42, ""text"": ""00@@ 60@@ 9@@ 38@@ 47@@ 8@@ 46""}]",O O O O O O O O B-JOBAREA O O O O O O O B-JOBTYPE I-JOBTYPE O O O O O O O O O O O O O B-DOB I-DOB I-DOB O B-CCCD I-CCCD I-CCCD I-CCCD I-CCCD I-CCCD I-CCCD O O O,O O O O O O O O B-JOBAREA O O O O O O O B-JOBTITLE I-JOBTITLE O O O O O O O O O O O O O B-DOB I-DOB I-DOB O B-CCCD I-CCCD I-CCCD I-CCCD I-CCCD I-CCCD I-CCCD O O O,0.75,"[{""type"": ""JOBAREA"", ""start"": 11, ""end"": 13, ""text"": ""▁Xây ▁dựng""}, {""type"": ""JOBTYPE"", ""start"": 22, ""end"": 24, ""text"": ""▁Y ▁tá""}, {""type"": ""DOB"", ""start"": 43, ""end"": 46, ""text"": ""▁9 .4. 1958""}, {""type"": ""CCCD"", ""start"": 47, ""end"": 52, ""text"": ""▁00 609 38 478 46""}]","[{""type"": ""JOBAREA"", ""start"": 11, ""end"": 13, ""text"": ""▁Xây ▁dựng""}, {""type"": ""JOBTITLE"", ""start"": 22, ""end"": 24, ""text"": ""▁Y ▁tá""}, {""type"": ""DOB"", ""start"": 43, ""end"": 46, ""text"": ""▁9 .4. 1958""}, {""type"": ""CCCD"", ""start"": 47, ""end"": 52, ""text"": ""▁00 609 38 478 46""}]",O O O O O O O O O O O B-JOBAREA I-JOBAREA O O O O O O O O O B-JOBTYPE I-JOBTYPE O O O O O O O O O O O O O O O O O O O B-DOB I-DOB I-DOB O B-CCCD I-CCCD I-CCCD I-CCCD I-CCCD O O O O,O O O O O O O O O O O B-JOBAREA I-JOBAREA O O O O O O O O O B-JOBTITLE I-JOBTITLE O O O O O O O O O O O O O O O O O O O B-DOB I-DOB I-DOB O B-CCCD I-CCCD I-CCCD I-CCCD I-CCCD O O O O
272,"Để lưu trữ của chúng tôi, chúng tôi cần thêm thông tin bao gồm IPV6 của bạn aeac:a3b1:1ebf:36d0:c5cb:1e27:7afe:f624, ngày sinh 05/05/2004, và màu mắt Nâu đen.",True,0.6666666666666666,"[{""type"": ""IPADDRESS"", ""start"": 15, ""end"": 44, ""text"": ""ae@@ ac : a 3 b 1:1 eb@@ f : 36 d 0 : c 5 c@@ b : 1 e@@ 2 7@@ :@@ 7 afe : f 624""}, {""type"": ""DATE"", ""start"": 46, ""end"": 49, ""text"": ""05/@@ 05/@@ 2004""}, {""type"": ""EYECOLOR"", ""start"": 53, ""end"": 55, ""text"": ""Nâu đen""}]","[{""type"": ""IPADDRESS"", ""start"": 15, ""end"": 44, ""text"": ""ae@@ ac : a 3 b 1:1 eb@@ f : 36 d 0 : c 5 c@@ b : 1 e@@ 2 7@@ :@@ 7 afe : f 624""}, {""type"": ""DOB"", ""start"": 46, ""end"": 49, ""text"": ""05/@@ 05/@@ 2004""}, {""type"": ""EYECOLOR"", ""start"": 53, ""end"": 55, ""text"": ""Nâu đen""}]",O O O O O O O O O O O O O O O B-IPADDRESS I-IPADDRESS I-IPADDRESS I-IPADDRESS I-IPADDRESS I-IPADDRESS I-IPADDRESS I-IPADDRESS I-IPADDRESS I-IPADDRESS I-IPADDRESS I-IPADDRESS I-IPADDRESS I-IPADDRESS I-IPADDRESS I-IPADDRESS I-IPADDRESS I-IPADDRESS I-IPADDRESS I-IPADDRESS I-IPADDRESS I-IPADDRESS I-IPADDRESS I-IPADDRESS I-IPADDRESS I-IPADDRESS I-IPADDRESS I-IPADDRESS I-IPADDRESS O O B-DATE I-DATE I-DATE O O O O B-EYECOLOR I-EYECOLOR O,O O O O O O O O O O O O O O O B-IPADDRESS I-IPADDRESS I-IPADDRESS I-IPADDRESS I-IPADDRESS I-IPADDRESS I-IPADDRESS I-IPADDRESS I-IPADDRESS I-IPADDRESS I-IPADDRESS I-IPADDRESS I-IPADDRESS I-IPADDRESS I-IPADDRESS I-IPADDRESS I-IPADDRESS I-IPADDRESS I-IPADDRESS I-IPADDRESS I-IPADDRESS I-IPADDRESS I-IPADDRESS I-IPADDRESS I-IPADDRESS I-IPADDRESS I-IPADDRESS I-IPADDRESS I-IPADDRESS O O B-DOB I-DOB I-DOB O O O O B-EYECOLOR I-EYECOLOR O,0.6666666666666666,"[{""type"": ""IPADDRESS"", ""start"": 15, ""end"": 44, ""text"": ""ae@@ ac : a 3 b 1:1 eb@@ f : 36 d 0 : c 5 c@@ b : 1 e@@ 2 7@@ :@@ 7 afe : f 624""}, {""type"": ""DATE"", ""start"": 46, ""end"": 49, ""text"": ""05/@@ 05/@@ 2004""}, {""type"": ""EYECOLOR"", ""start"": 53, ""end"": 55, ""text"": ""Nâu đen""}]","[{""type"": ""IPADDRESS"", ""start"": 15, ""end"": 44, ""text"": ""ae@@ ac : a 3 b 1:1 eb@@ f : 36 d 0 : c 5 c@@ b : 1 e@@ 2 7@@ :@@ 7 afe : f 624""}, {""type"": ""DOB"", ""start"": 46, ""end"": 49, ""text"": ""05/@@ 05/@@ 2004""}, {""type"": ""EYECOLOR"", ""start"": 53, ""end"": 55, ""text"": ""Nâu đen""}]",O O O O O O O O O O O O O O O B-IPADDRESS I-IPADDRESS I-IPADDRESS I-IPADDRESS I-IPADDRESS I-IPADDRESS I-IPADDRESS I-IPADDRESS I-IPADDRESS I-IPADDRESS I-IPADDRESS I-IPADDRESS I-IPADDRESS I-IPADDRESS I-IPADDRESS I-IPADDRESS I-IPADDRESS I-IPADDRESS I-IPADDRESS I-IPADDRESS I-IPADDRESS I-IPADDRESS I-IPADDRESS I-IPADDRESS I-IPADDRESS I-IPADDRESS I-IPADDRESS I-IPADDRESS I-IPADDRESS O O B-DATE I-DATE I-DATE O O O O B-EYECOLOR I-EYECOLOR O,O O O O O O O O O O O O O O O B-IPADDRESS I-IPADDRESS I-IPADDRESS I-IPADDRESS I-IPADDRESS I-IPADDRESS I-IPADDRESS I-IPADDRESS I-IPADDRESS I-IPADDRESS I-IPADDRESS I-IPADDRESS I-IPADDRESS I-IPADDRESS I-IPADDRESS I-IPADDRESS I-IPADDRESS I-IPADDRESS I-IPADDRESS I-IPADDRESS I-IPADDRESS I-IPADDRESS I-IPADDRESS I-IPADDRESS I-IPADDRESS I-IPADDRESS I-IPADDRESS I-IPADDRESS I-IPADDRESS O O B-DOB I-DOB I-DOB O O O O B-EYECOLOR I-EYECOLOR O,0.6666666666666666,"[{""type"": ""IPADDRESS"", ""start"": 15, ""end"": 44, ""text"": ""ae@@ ac : a 3 b 1:1 eb@@ f : 36 d 0 : c 5 c@@ b : 1 e@@ 2 7@@ :@@ 7 afe : f 624""}, {""type"": ""DATE"", ""start"": 46, ""end"": 49, ""text"": ""05/@@ 05/@@ 2004""}, {""type"": ""EYECOLOR"", ""start"": 53, ""end"": 55, ""text"": ""Nâu đen""}]","[{""type"": ""IPADDRESS"", ""start"": 15, ""end"": 44, ""text"": ""ae@@ ac : a 3 b 1:1 eb@@ f : 36 d 0 : c 5 c@@ b : 1 e@@ 2 7@@ :@@ 7 afe : f 624""}, {""type"": ""DOB"", ""start"": 46, ""end"": 49, ""text"": ""05/@@ 05/@@ 2004""}, {""type"": ""EYECOLOR"", ""start"": 53, ""end"": 55, ""text"": ""Nâu đen""}]",O O O O O O O O O O O O O O O B-IPADDRESS I-IPADDRESS I-IPADDRESS I-IPADDRESS I-IPADDRESS I-IPADDRESS I-IPADDRESS I-IPADDRESS I-IPADDRESS I-IPADDRESS I-IPADDRESS I-IPADDRESS I-IPADDRESS I-IPADDRESS I-IPADDRESS I-IPADDRESS I-IPADDRESS I-IPADDRESS I-IPADDRESS I-IPADDRESS I-IPADDRESS I-IPADDRESS I-IPADDRESS I-IPADDRESS I-IPADDRESS I-IPADDRESS I-IPADDRESS I-IPADDRESS I-IPADDRESS O O B-DATE I-DATE I-DATE O O O O B-EYECOLOR I-EYECOLOR O,O O O O O O O O O O O O O O O B-IPADDRESS I-IPADDRESS I-IPADDRESS I-IPADDRESS I-IPADDRESS I-IPADDRESS I-IPADDRESS I-IPADDRESS I-IPADDRESS I-IPADDRESS I-IPADDRESS I-IPADDRESS I-IPADDRESS I-IPADDRESS I-IPADDRESS I-IPADDRESS I-IPADDRESS I-IPADDRESS I-IPADDRESS I-IPADDRESS I-IPADDRESS I-IPADDRESS I-IPADDRESS I-IPADDRESS I-IPADDRESS I-IPADDRESS I-IPADDRESS I-IPADDRESS I-IPADDRESS O O B-DOB I-DOB I-DOB O O O O B-EYECOLOR I-EYECOLOR O,0.6666666666666666,"[{""type"": ""IPADDRESS"", ""start"": 20, ""end"": 50, ""text"": ""▁a e ac : a 3 b 1 :1 e bf :36 d 0 : c 5 c b :1 e 27 : 7 a fe : f 6 24""}, {""type"": ""DATE"", ""start"": 53, ""end"": 56, ""text"": ""▁05 /05/20 04""}, {""type"": ""EYECOLOR"", ""start"": 60, ""end"": 64, ""text"": ""▁N â u ▁đen""}]","[{""type"": ""IPADDRESS"", ""start"": 20, ""end"": 50, ""text"": ""▁a e ac : a 3 b 1 :1 e bf :36 d 0 : c 5 c b :1 e 27 : 7 a fe : f 6 24""}, {""type"": ""DOB"", ""start"": 53, ""end"": 56, ""text"": ""▁05 /05/20 04""}, {""type"": ""EYECOLOR"", ""start"": 60, ""end"": 64, ""text"": ""▁N â u ▁đen""}]",O O O O O O O O O O O O O O O O O O O O B-IPADDRESS I-IPADDRESS I-IPADDRESS I-IPADDRESS I-IPADDRESS I-IPADDRESS I-IPADDRESS I-IPADDRESS I-IPADDRESS I-IPADDRESS I-IPADDRESS I-IPADDRESS I-IPADDRESS I-IPADDRESS I-IPADDRESS I-IPADDRESS I-IPADDRESS I-IPADDRESS I-IPADDRESS I-IPADDRESS I-IPADDRESS I-IPADDRESS I-IPADDRESS I-IPADDRESS I-IPADDRESS I-IPADDRESS I-IPADDRESS I-IPADDRESS I-IPADDRESS I-IPADDRESS O O O B-DATE I-DATE I-DATE O O O O B-EYECOLOR I-EYECOLOR I-EYECOLOR I-EYECOLOR O,O O O O O O O O O O O O O O O O O O O O B-IPADDRESS I-IPADDRESS I-IPADDRESS I-IPADDRESS I-IPADDRESS I-IPADDRESS I-IPADDRESS I-IPADDRESS I-IPADDRESS I-IPADDRESS I-IPADDRESS I-IPADDRESS I-IPADDRESS I-IPADDRESS I-IPADDRESS I-IPADDRESS I-IPADDRESS I-IPADDRESS I-IPADDRESS I-IPADDRESS I-IPADDRESS I-IPADDRESS I-IPADDRESS I-IPADDRESS I-IPADDRESS I-IPADDRESS I-IPADDRESS I-IPADDRESS I-IPADDRESS I-IPADDRESS O O O B-DOB I-DOB I-DOB O O O O B-EYECOLOR I-EYECOLOR I-EYECOLOR I-EYECOLOR O
284,"Trong chương trình hướng dẫn, tôi nhận ra rằng kỹ năng Lập trình viên của mình đã được cải thiện. Cảm ơn người hướng dẫn của tôi, Ngọc Nguyễn.",True,0.6666666666666666,"[{""type"": ""JOBTYPE"", ""start"": 9, ""end"": 11, ""text"": ""Lập@@ _trình_viên""}, {""type"": ""FIRSTNAME"", ""start"": 23, ""end"": 24, ""text"": ""Ngọc_@@""}, {""type"": ""LASTNAME"", ""start"": 24, ""end"": 25, ""text"": ""Nguyễn_.""}]","[{""type"": ""JOBTITLE"", ""start"": 9, ""end"": 11, ""text"": ""Lập@@ _trình_viên""}, {""type"": ""FIRSTNAME"", ""start"": 23, ""end"": 24, ""text"": ""Ngọc_@@""}, {""type"": ""LASTNAME"", ""start"": 24, ""end"": 25, ""text"": ""Nguyễn_.""}]",O O O O O O O O O B-JOBTYPE I-JOBTYPE O O O O O O O O O O O O B-FIRSTNAME B-LASTNAME,O O O O O O O O O B-JOBTITLE I-JOBTITLE O O O O O O O O O O O O B-FIRSTNAME B-LASTNAME,0.6666666666666666,"[{""type"": ""JOBTYPE"", ""start"": 9, ""end"": 11, ""text"": ""Lập@@ _trình_viên""}, {""type"": ""FIRSTNAME"", ""start"": 23, ""end"": 24, ""text"": ""Ngọc_@@""}, {""type"": ""LASTNAME"", ""start"": 24, ""end"": 25, ""text"": ""Nguyễn_.""}]","[{""type"": ""JOBTITLE"", ""start"": 9, ""end"": 11, ""text"": ""Lập@@ _trình_viên""}, {""type"": ""FIRSTNAME"", ""start"": 23, ""end"": 24, ""text"": ""Ngọc_@@""}, {""type"": ""LASTNAME"", ""start"": 24, ""end"": 25, ""text"": ""Nguyễn_.""}]",O O O O O O O O O B-JOBTYPE I-JOBTYPE O O O O O O O O O O O O B-FIRSTNAME B-LASTNAME,O O O O O O O O O B-JOBTITLE I-JOBTITLE O O O O O O O O O O O O B-FIRSTNAME B-LASTNAME,0.6666666666666666,"[{""type"": ""JOBTYPE"", ""start"": 9, ""end"": 11, ""text"": ""Lập@@ _trình_viên""}, {""type"": ""FIRSTNAME"", ""start"": 23, ""end"": 24, ""text"": ""Ngọc_@@""}, {""type"": ""LASTNAME"", ""start"": 24, ""end"": 25, ""text"": ""Nguyễn_.""}]","[{""type"": ""JOBTITLE"", ""start"": 9, ""end"": 11, ""text"": ""Lập@@ _trình_viên""}, {""type"": ""FIRSTNAME"", ""start"": 23, ""end"": 24, ""text"": ""Ngọc_@@""}, {""type"": ""LASTNAME"", ""start"": 24, ""end"": 25, ""text"": ""Nguyễn_.""}]",O O O O O O O O O B-JOBTYPE I-JOBTYPE O O O O O O O O O O O O B-FIRSTNAME B-LASTNAME,O O O O O O O O O B-JOBTITLE I-JOBTITLE O O O O O O O O O O O O B-FIRSTNAME B-LASTNAME,0.6666666666666666,"[{""type"": ""JOBTYPE"", ""start"": 12, ""end"": 15, ""text"": ""▁Lập ▁trình ▁viên""}, {""type"": ""FIRSTNAME"", ""start"": 30, ""end"": 31, ""text"": ""▁Ngọc""}, {""type"": ""LASTNAME"", ""start"": 31, ""end"": 32, ""text"": ""▁Nguyễn""}]","[{""type"": ""JOBTITLE"", ""start"": 12, ""end"": 15, ""text"": ""▁Lập ▁trình ▁viên""}, {""type"": ""FIRSTNAME"", ""start"": 30, ""end"": 31, ""text"": ""▁Ngọc""}, {""type"": ""LASTNAME"", ""start"": 31, ""end"": 32, ""text"": ""▁Nguyễn""}]",O O O O O O O O O O O O B-JOBTYPE I-JOBTYPE I-JOBTYPE O O O O O O O O O O O O O O O B-FIRSTNAME B-LASTNAME O,O O O O O O O O O O O O B-JOBTITLE I-JOBTITLE I-JOBTITLE O O O O O O O O O O O O O O O B-FIRSTNAME B-LASTNAME O
304,"Chào Thanh, trong khuôn khổ dự án Xây dựng, chúng tôi cần dữ liệu về sinh viên nam 53 tuổi. Chúng tôi có thể nhận được thông tin đó từ bạn không?",True,0.75,"[{""type"": ""FIRSTNAME"", ""start"": 1, ""end"": 2, ""text"": ""Thanh""}, {""type"": ""JOBAREA"", ""start"": 6, ""end"": 7, ""text"": ""Xây_dựng""}, {""type"": ""GENDER"", ""start"": 13, ""end"": 14, ""text"": ""nam""}, {""type"": ""AGE"", ""start"": 14, ""end"": 15, ""text"": ""53""}]","[{""type"": ""MIDDLENAME"", ""start"": 1, ""end"": 2, ""text"": ""Thanh""}, {""type"": ""JOBAREA"", ""start"": 6, ""end"": 7, ""text"": ""Xây_dựng""}, {""type"": ""GENDER"", ""start"": 13, ""end"": 14, ""text"": ""nam""}, {""type"": ""AGE"", ""start"": 14, ""end"": 15, ""text"": ""53""}]",O B-FIRSTNAME O O O O B-JOBAREA O O O O O O B-GENDER B-AGE O O O O O O O O O O O O,O B-MIDDLENAME O O O O B-JOBAREA O O O O O O B-GENDER B-AGE O O O O O O O O O O O O,0.75,"[{""type"": ""FIRSTNAME"", ""start"": 1, ""end"": 2, ""text"": ""Thanh""}, {""type"": ""JOBAREA"", ""start"": 6, ""end"": 7, ""text"": ""Xây_dựng""}, {""type"": ""GENDER"", ""start"": 13, ""end"": 14, ""text"": ""nam""}, {""type"": ""AGE"", ""start"": 14, ""end"": 15, ""text"": ""53""}]","[{""type"": ""MIDDLENAME"", ""start"": 1, ""end"": 2, ""text"": ""Thanh""}, {""type"": ""JOBAREA"", ""start"": 6, ""end"": 7, ""text"": ""Xây_dựng""}, {""type"": ""GENDER"", ""start"": 13, ""end"": 14, ""text"": ""nam""}, {""type"": ""AGE"", ""start"": 14, ""end"": 15, ""text"": ""53""}]",O B-FIRSTNAME O O O O B-JOBAREA O O O O O O B-GENDER B-AGE O O O O O O O O O O O O,O B-MIDDLENAME O O O O B-JOBAREA O O O O O O B-GENDER B-AGE O O O O O O O O O O O O,0.75,"[{""type"": ""FIRSTNAME"", ""start"": 1, ""end"": 2, ""text"": ""Thanh""}, {""type"": ""JOBAREA"", ""start"": 6, ""end"": 7, ""text"": ""Xây_dựng""}, {""type"": ""GENDER"", ""start"": 13, ""end"": 14, ""text"": ""nam""}, {""type"": ""AGE"", ""start"": 14, ""end"": 15, ""text"": ""53""}]","[{""type"": ""MIDDLENAME"", ""start"": 1, ""end"": 2, ""text"": ""Thanh""}, {""type"": ""JOBAREA"", ""start"": 6, ""end"": 7, ""text"": ""Xây_dựng""}, {""type"": ""GENDER"", ""start"": 13, ""end"": 14, ""text"": ""nam""}, {""type"": ""AGE"", ""start"": 14, ""end"": 15, ""text"": ""53""}]",O B-FIRSTNAME O O O O B-JOBAREA O O O O O O B-GENDER B-AGE O O O O O O O O O O O O,O B-MIDDLENAME O O O O B-JOBAREA O O O O O O B-GENDER B-AGE O O O O O O O O O O O O,0.75,"[{""type"": ""FIRSTNAME"", ""start"": 1, ""end"": 2, ""text"": ""▁Thanh""}, {""type"": ""JOBAREA"", ""start"": 8, ""end"": 10, ""text"": ""▁Xây ▁dựng""}, {""type"": ""GENDER"", ""start"": 19, ""end"": 20, ""text"": ""▁nam""}, {""type"": ""AGE"", ""start"": 20, ""end"": 21, ""text"": ""▁53""}]","[{""type"": ""MIDDLENAME"", ""start"": 1, ""end"": 2, ""text"": ""▁Thanh""}, {""type"": ""JOBAREA"", ""start"": 8, ""end"": 10, ""text"": ""▁Xây ▁dựng""}, {""type"": ""GENDER"", ""start"": 19, ""end"": 20, ""text"": ""▁nam""}, {""type"": ""AGE"", ""start"": 20, ""end"": 21, ""text"": ""▁53""}]",O B-FIRSTNAME O O O O O O B-JOBAREA I-JOBAREA O O O O O O O O O B-GENDER B-AGE O O O O O O O O O O O O O O O,O B-MIDDLENAME O O O O O O B-JOBAREA I-JOBAREA O O O O O O O O O B-GENDER B-AGE O O O O O O O O O O O O O O O
308,Bộ STEM đã đến cho Kiệt. Sử dụng thẻ 5520642079398561 để thanh toán. Tổng hóa đơn là USD.,True,0.6666666666666666,"[{""type"": ""FIRSTNAME"", ""start"": 5, ""end"": 6, ""text"": ""Kiệt""}, {""type"": ""MASKEDNUMBER"", ""start"": 9, ""end"": 17, ""text"": ""55@@ 20@@ 64@@ 20@@ 79@@ 39@@ 85@@ 61""}, {""type"": ""CURRENCYSYMBOL"", ""start"": 23, ""end"": 24, ""text"": ""USD""}]","[{""type"": ""FIRSTNAME"", ""start"": 5, ""end"": 6, ""text"": ""Kiệt""}, {""type"": ""CREDITCARDNUMBER"", ""start"": 9, ""end"": 17, ""text"": ""55@@ 20@@ 64@@ 20@@ 79@@ 39@@ 85@@ 61""}, {""type"": ""CURRENCYSYMBOL"", ""start"": 23, ""end"": 24, ""text"": ""USD""}]",O O O O O B-FIRSTNAME O O O B-MASKEDNUMBER I-MASKEDNUMBER I-MASKEDNUMBER I-MASKEDNUMBER I-MASKEDNUMBER I-MASKEDNUMBER I-MASKEDNUMBER I-MASKEDNUMBER O O O O O O B-CURRENCYSYMBOL O,O O O O O B-FIRSTNAME O O O B-CREDITCARDNUMBER I-CREDITCARDNUMBER I-CREDITCARDNUMBER I-CREDITCARDNUMBER I-CREDITCARDNUMBER I-CREDITCARDNUMBER I-CREDITCARDNUMBER I-CREDITCARDNUMBER O O O O O O B-CURRENCYSYMBOL O,0.6666666666666666,"[{""type"": ""FIRSTNAME"", ""start"": 5, ""end"": 6, ""text"": ""Kiệt""}, {""type"": ""MASKEDNUMBER"", ""start"": 9, ""end"": 17, ""text"": ""55@@ 20@@ 64@@ 20@@ 79@@ 39@@ 85@@ 61""}, {""type"": ""CURRENCYSYMBOL"", ""start"": 23, ""end"": 24, ""text"": ""USD""}]","[{""type"": ""FIRSTNAME"", ""start"": 5, ""end"": 6, ""text"": ""Kiệt""}, {""type"": ""CREDITCARDNUMBER"", ""start"": 9, ""end"": 17, ""text"": ""55@@ 20@@ 64@@ 20@@ 79@@ 39@@ 85@@ 61""}, {""type"": ""CURRENCYSYMBOL"", ""start"": 23, ""end"": 24, ""text"": ""USD""}]",O O O O O B-FIRSTNAME O O O B-MASKEDNUMBER I-MASKEDNUMBER I-MASKEDNUMBER I-MASKEDNUMBER I-MASKEDNUMBER I-MASKEDNUMBER I-MASKEDNUMBER I-MASKEDNUMBER O O O O O O B-CURRENCYSYMBOL O,O O O O O B-FIRSTNAME O O O B-CREDITCARDNUMBER I-CREDITCARDNUMBER I-CREDITCARDNUMBER I-CREDITCARDNUMBER I-CREDITCARDNUMBER I-CREDITCARDNUMBER I-CREDITCARDNUMBER I-CREDITCARDNUMBER O O O O O O B-CURRENCYSYMBOL O,0.6666666666666666,"[{""type"": ""FIRSTNAME"", ""start"": 5, ""end"": 6, ""text"": ""Kiệt""}, {""type"": ""MASKEDNUMBER"", ""start"": 9, ""end"": 17, ""text"": ""55@@ 20@@ 64@@ 20@@ 79@@ 39@@ 85@@ 61""}, {""type"": ""CURRENCYSYMBOL"", ""start"": 23, ""end"": 24, ""text"": ""USD""}]","[{""type"": ""FIRSTNAME"", ""start"": 5, ""end"": 6, ""text"": ""Kiệt""}, {""type"": ""CREDITCARDNUMBER"", ""start"": 9, ""end"": 17, ""text"": ""55@@ 20@@ 64@@ 20@@ 79@@ 39@@ 85@@ 61""}, {""type"": ""CURRENCYSYMBOL"", ""start"": 23, ""end"": 24, ""text"": ""USD""}]",O O O O O B-FIRSTNAME O O O B-MASKEDNUMBER I-MASKEDNUMBER I-MASKEDNUMBER I-MASKEDNUMBER I-MASKEDNUMBER I-MASKEDNUMBER I-MASKEDNUMBER I-MASKEDNUMBER O O O O O O B-CURRENCYSYMBOL O,O O O O O B-FIRSTNAME O O O B-CREDITCARDNUMBER I-CREDITCARDNUMBER I-CREDITCARDNUMBER I-CREDITCARDNUMBER I-CREDITCARDNUMBER I-CREDITCARDNUMBER I-CREDITCARDNUMBER I-CREDITCARDNUMBER O O O O O O B-CURRENCYSYMBOL O,0.6666666666666666,"[{""type"": ""FIRSTNAME"", ""start"": 6, ""end"": 7, ""text"": ""▁Kiệt""}, {""type"": ""MASKEDNUMBER"", ""start"": 11, ""end"": 17, ""text"": ""▁55 206 420 79 398 561""}, {""type"": ""CURRENCYSYMBOL"", ""start"": 25, ""end"": 26, ""text"": ""▁USD""}]","[{""type"": ""FIRSTNAME"", ""start"": 6, ""end"": 7, ""text"": ""▁Kiệt""}, {""type"": ""CREDITCARDNUMBER"", ""start"": 11, ""end"": 17, ""text"": ""▁55 206 420 79 398 561""}, {""type"": ""CURRENCYSYMBOL"", ""start"": 25, ""end"": 26, ""text"": ""▁USD""}]",O O O O O O B-FIRSTNAME O O O O B-MASKEDNUMBER I-MASKEDNUMBER I-MASKEDNUMBER I-MASKEDNUMBER I-MASKEDNUMBER I-MASKEDNUMBER O O O O O O O O B-CURRENCYSYMBOL O,O O O O O O B-FIRSTNAME O O O O B-CREDITCARDNUMBER I-CREDITCARDNUMBER I-CREDITCARDNUMBER I-CREDITCARDNUMBER I-CREDITCARDNUMBER I-CREDITCARDNUMBER O O O O O O O O B-CURRENCYSYMBOL O
334,"Thanh toán của bạn đ P ula thành công vào 03.03.1962. Nếu có bất kỳ câu hỏi nào, xin vui lòng liên hệ với chúng tôi qua số điện thoại 0358558401.",True,0.75,"[{""type"": ""CURRENCYSYMBOL"", ""start"": 3, ""end"": 4, ""text"": ""đ""}, {""type"": ""CURRENCY"", ""start"": 4, ""end"": 6, ""text"": ""P ula""}, {""type"": ""DOB"", ""start"": 8, ""end"": 12, ""text"": ""03@@ .0@@ 3.@@ 1962""}, {""type"": ""PHONENUMBER"", ""start"": 28, ""end"": 34, ""text"": ""0@@ 35@@ 8@@ 55@@ 84@@ 01""}]","[{""type"": ""CURRENCYSYMBOL"", ""start"": 3, ""end"": 4, ""text"": ""đ""}, {""type"": ""CURRENCY"", ""start"": 4, ""end"": 6, ""text"": ""P ula""}, {""type"": ""DATE"", ""start"": 8, ""end"": 12, ""text"": ""03@@ .0@@ 3.@@ 1962""}, {""type"": ""PHONENUMBER"", ""start"": 28, ""end"": 34, ""text"": ""0@@ 35@@ 8@@ 55@@ 84@@ 01""}]",O O O B-CURRENCYSYMBOL B-CURRENCY I-CURRENCY O O B-DOB I-DOB I-DOB I-DOB O O O O O O O O O O O O O O O O B-PHONENUMBER I-PHONENUMBER I-PHONENUMBER I-PHONENUMBER I-PHONENUMBER I-PHONENUMBER O,O O O B-CURRENCYSYMBOL B-CURRENCY I-CURRENCY O O B-DATE I-DATE I-DATE I-DATE O O O O O O O O O O O O O O O O B-PHONENUMBER I-PHONENUMBER I-PHONENUMBER I-PHONENUMBER I-PHONENUMBER I-PHONENUMBER O,0.75,"[{""type"": ""CURRENCYSYMBOL"", ""start"": 3, ""end"": 4, ""text"": ""đ""}, {""type"": ""CURRENCY"", ""start"": 4, ""end"": 6, ""text"": ""P ula""}, {""type"": ""DOB"", ""start"": 8, ""end"": 12, ""text"": ""03@@ .0@@ 3.@@ 1962""}, {""type"": ""PHONENUMBER"", ""start"": 28, ""end"": 34, ""text"": ""0@@ 35@@ 8@@ 55@@ 84@@ 01""}]","[{""type"": ""CURRENCYSYMBOL"", ""start"": 3, ""end"": 4, ""text"": ""đ""}, {""type"": ""CURRENCY"", ""start"": 4, ""end"": 6, ""text"": ""P ula""}, {""type"": ""DATE"", ""start"": 8, ""end"": 12, ""text"": ""03@@ .0@@ 3.@@ 1962""}, {""type"": ""PHONENUMBER"", ""start"": 28, ""end"": 34, ""text"": ""0@@ 35@@ 8@@ 55@@ 84@@ 01""}]",O O O B-CURRENCYSYMBOL B-CURRENCY I-CURRENCY O O B-DOB I-DOB I-DOB I-DOB O O O O O O O O O O O O O O O O B-PHONENUMBER I-PHONENUMBER I-PHONENUMBER I-PHONENUMBER I-PHONENUMBER I-PHONENUMBER O,O O O B-CURRENCYSYMBOL B-CURRENCY I-CURRENCY O O B-DATE I-DATE I-DATE I-DATE O O O O O O O O O O O O O O O O B-PHONENUMBER I-PHONENUMBER I-PHONENUMBER I-PHONENUMBER I-PHONENUMBER I-PHONENUMBER O,0.75,"[{""type"": ""CURRENCYSYMBOL"", ""start"": 3, ""end"": 4, ""text"": ""đ""}, {""type"": ""CURRENCY"", ""start"": 4, ""end"": 6, ""text"": ""P ula""}, {""type"": ""DOB"", ""start"": 8, ""end"": 12, ""text"": ""03@@ .0@@ 3.@@ 1962""}, {""type"": ""PHONENUMBER"", ""start"": 28, ""end"": 34, ""text"": ""0@@ 35@@ 8@@ 55@@ 84@@ 01""}]","[{""type"": ""CURRENCYSYMBOL"", ""start"": 3, ""end"": 4, ""text"": ""đ""}, {""type"": ""CURRENCY"", ""start"": 4, ""end"": 6, ""text"": ""P ula""}, {""type"": ""DATE"", ""start"": 8, ""end"": 12, ""text"": ""03@@ .0@@ 3.@@ 1962""}, {""type"": ""PHONENUMBER"", ""start"": 28, ""end"": 34, ""text"": ""0@@ 35@@ 8@@ 55@@ 84@@ 01""}]",O O O B-CURRENCYSYMBOL B-CURRENCY I-CURRENCY O O B-DOB I-DOB I-DOB I-DOB O O O O O O O O O O O O O O O O B-PHONENUMBER I-PHONENUMBER I-PHONENUMBER I-PHONENUMBER I-PHONENUMBER I-PHONENUMBER O,O O O B-CURRENCYSYMBOL B-CURRENCY I-CURRENCY O O B-DATE I-DATE I-DATE I-DATE O O O O O O O O O O O O O O O O B-PHONENUMBER I-PHONENUMBER I-PHONENUMBER I-PHONENUMBER I-PHONENUMBER I-PHONENUMBER O,0.75,"[{""type"": ""CURRENCYSYMBOL"", ""start"": 4, ""end"": 5, ""text"": ""▁đ""}, {""type"": ""CURRENCY"", ""start"": 5, ""end"": 7, ""text"": ""▁P ▁ula""}, {""type"": ""DOB"", ""start"": 10, ""end"": 13, ""text"": ""▁03. 03. 1962""}, {""type"": ""PHONENUMBER"", ""start"": 34, ""end"": 39, ""text"": ""▁03 58 558 40 1""}]","[{""type"": ""CURRENCYSYMBOL"", ""start"": 4, ""end"": 5, ""text"": ""▁đ""}, {""type"": ""CURRENCY"", ""start"": 5, ""end"": 7, ""text"": ""▁P ▁ula""}, {""type"": ""DATE"", ""start"": 10, ""end"": 13, ""text"": ""▁03. 03. 1962""}, {""type"": ""PHONENUMBER"", ""start"": 34, ""end"": 39, ""text"": ""▁03 58 558 40 1""}]",O O O O B-CURRENCYSYMBOL B-CURRENCY I-CURRENCY O O O B-DOB I-DOB I-DOB O O O O O O O O O O O O O O O O O O O O O B-PHONENUMBER I-PHONENUMBER I-PHONENUMBER I-PHONENUMBER I-PHONENUMBER O,O O O O B-CURRENCYSYMBOL B-CURRENCY I-CURRENCY O O O B-DATE I-DATE I-DATE O O O O O O O O O O O O O O O O O O O O O B-PHONENUMBER I-PHONENUMBER I-PHONENUMBER I-PHONENUMBER I-PHONENUMBER O
374,"""Xin chào Hợp, hãy đảm bảo thẻ của bạn với số thẻ 0443785370121948 có đủ số dư để đối chiếu với chi phí tình từ bất kỳ. """,True,0.5,"[{""type"": ""FIRSTNAME"", ""start"": 3, ""end"": 4, ""text"": ""Hợp""}, {""type"": ""MASKEDNUMBER"", ""start"": 13, ""end"": 21, ""text"": ""04@@ 4@@ 37@@ 8@@ 53@@ 70@@ 12@@ 1948""}]","[{""type"": ""FIRSTNAME"", ""start"": 3, ""end"": 4, ""text"": ""Hợp""}, {""type"": ""CREDITCARDNUMBER"", ""start"": 13, ""end"": 21, ""text"": ""04@@ 4@@ 37@@ 8@@ 53@@ 70@@ 12@@ 1948""}]",O O O B-FIRSTNAME O O O O O O O O O B-MASKEDNUMBER I-MASKEDNUMBER I-MASKEDNUMBER I-MASKEDNUMBER I-MASKEDNUMBER I-MASKEDNUMBER I-MASKEDNUMBER I-MASKEDNUMBER O O O O O O O O O O O O,O O O B-FIRSTNAME O O O O O O O O O B-CREDITCARDNUMBER I-CREDITCARDNUMBER I-CREDITCARDNUMBER I-CREDITCARDNUMBER I-CREDITCARDNUMBER I-CREDITCARDNUMBER I-CREDITCARDNUMBER I-CREDITCARDNUMBER O O O O O O O O O O O O,0.5,"[{""type"": ""FIRSTNAME"", ""start"": 3, ""end"": 4, ""text"": ""Hợp""}, {""type"": ""MASKEDNUMBER"", ""start"": 13, ""end"": 21, ""text"": ""04@@ 4@@ 37@@ 8@@ 53@@ 70@@ 12@@ 1948""}]","[{""type"": ""FIRSTNAME"", ""start"": 3, ""end"": 4, ""text"": ""Hợp""}, {""type"": ""CREDITCARDNUMBER"", ""start"": 13, ""end"": 21, ""text"": ""04@@ 4@@ 37@@ 8@@ 53@@ 70@@ 12@@ 1948""}]",O O O B-FIRSTNAME O O O O O O O O O B-MASKEDNUMBER I-MASKEDNUMBER I-MASKEDNUMBER I-MASKEDNUMBER I-MASKEDNUMBER I-MASKEDNUMBER I-MASKEDNUMBER I-MASKEDNUMBER O O O O O O O O O O O O,O O O B-FIRSTNAME O O O O O O O O O B-CREDITCARDNUMBER I-CREDITCARDNUMBER I-CREDITCARDNUMBER I-CREDITCARDNUMBER I-CREDITCARDNUMBER I-CREDITCARDNUMBER I-CREDITCARDNUMBER I-CREDITCARDNUMBER O O O O O O O O O O O O,0.5,"[{""type"": ""FIRSTNAME"", ""start"": 3, ""end"": 4, ""text"": ""Hợp""}, {""type"": ""MASKEDNUMBER"", ""start"": 13, ""end"": 21, ""text"": ""04@@ 4@@ 37@@ 8@@ 53@@ 70@@ 12@@ 1948""}]","[{""type"": ""FIRSTNAME"", ""start"": 3, ""end"": 4, ""text"": ""Hợp""}, {""type"": ""CREDITCARDNUMBER"", ""start"": 13, ""end"": 21, ""text"": ""04@@ 4@@ 37@@ 8@@ 53@@ 70@@ 12@@ 1948""}]",O O O B-FIRSTNAME O O O O O O O O O B-MASKEDNUMBER I-MASKEDNUMBER I-MASKEDNUMBER I-MASKEDNUMBER I-MASKEDNUMBER I-MASKEDNUMBER I-MASKEDNUMBER I-MASKEDNUMBER O O O O O O O O O O O O,O O O B-FIRSTNAME O O O O O O O O O B-CREDITCARDNUMBER I-CREDITCARDNUMBER I-CREDITCARDNUMBER I-CREDITCARDNUMBER I-CREDITCARDNUMBER I-CREDITCARDNUMBER I-CREDITCARDNUMBER I-CREDITCARDNUMBER O O O O O O O O O O O O,0.5,"[{""type"": ""FIRSTNAME"", ""start"": 4, ""end"": 5, ""text"": ""▁Hợp""}, {""type"": ""MASKEDNUMBER"", ""start"": 15, ""end"": 21, ""text"": ""▁04 437 85 370 12 1948""}]","[{""type"": ""FIRSTNAME"", ""start"": 4, ""end"": 5, ""text"": ""▁Hợp""}, {""type"": ""CREDITCARDNUMBER"", ""start"": 15, ""end"": 21, ""text"": ""▁04 437 85 370 12 1948""}]",O O O O B-FIRSTNAME O O O O O O O O O O B-MASKEDNUMBER I-MASKEDNUMBER I-MASKEDNUMBER I-MASKEDNUMBER I-MASKEDNUMBER I-MASKEDNUMBER O O O O O O O O O O O O O O O O,O O O O B-FIRSTNAME O O O O O O O O O O B-CREDITCARDNUMBER I-CREDITCARDNUMBER I-CREDITCARDNUMBER I-CREDITCARDNUMBER I-CREDITCARDNUMBER I-CREDITCARDNUMBER O O O O O O O O O O O O O O O O
417,"Dịch vụ xử lý ngẩng người nhận được thông báo từ thiết bị 41-234505-871227-5 về vụ viện giao chủa Nhung, nam tuổi 85. Nhân viên Ngọc Tâm Jeremy7 đã phản hồi về vụ việc.",True,0.6666666666666666,"[{""type"": ""PHONEIMEI"", ""start"": 9, ""end"": 17, ""text"": ""4@@ 1-@@ 23@@ 450@@ 5-@@ 87@@ 12@@ 27-5""}, {""type"": ""FIRSTNAME"", ""start"": 23, ""end"": 24, ""text"": ""Nhung""}, {""type"": ""GENDER"", ""start"": 25, ""end"": 26, ""text"": ""nam""}, {""type"": ""AGE"", ""start"": 27, ""end"": 28, ""text"": ""85""}, {""type"": ""COMPANYNAME"", ""start"": 30, ""end"": 32, ""text"": ""Ngọc_@@ Tâm""}, {""type"": ""USERNAME"", ""start"": 32, ""end"": 35, ""text"": ""Jerem@@ y@@ 7""}]","[{""type"": ""PHONEIMEI"", ""start"": 9, ""end"": 17, ""text"": ""4@@ 1-@@ 23@@ 450@@ 5-@@ 87@@ 12@@ 27-5""}, {""type"": ""FIRSTNAME"", ""start"": 23, ""end"": 24, ""text"": ""Nhung""}, {""type"": ""GENDER"", ""start"": 25, ""end"": 26, ""text"": ""nam""}, {""type"": ""AGE"", ""start"": 27, ""end"": 28, ""text"": ""85""}, {""type"": ""MIDDLENAME"", ""start"": 30, ""end"": 31, ""text"": ""Ngọc_@@""}, {""type"": ""USERNAME"", ""start"": 31, ""end"": 35, ""text"": ""Tâm Jerem@@ y@@ 7""}]",O O O O O O O O O B-PHONEIMEI I-PHONEIMEI I-PHONEIMEI I-PHONEIMEI I-PHONEIMEI I-PHONEIMEI I-PHONEIMEI I-PHONEIMEI O O O O O O B-FIRSTNAME O B-GENDER O B-AGE O O B-COMPANYNAME I-COMPANYNAME B-USERNAME I-USERNAME I-USERNAME O O O O O,O O O O O O O O O B-PHONEIMEI I-PHONEIMEI I-PHONEIMEI I-PHONEIMEI I-PHONEIMEI I-PHONEIMEI I-PHONEIMEI I-PHONEIMEI O O O O O O B-FIRSTNAME O B-GENDER O B-AGE O O B-MIDDLENAME I-USERNAME I-USERNAME I-USERNAME I-USERNAME O O O O O,0.7692307692307692,"[{""type"": ""PHONEIMEI"", ""start"": 9, ""end"": 17, ""text"": ""4@@ 1-@@ 23@@ 450@@ 5-@@ 87@@ 12@@ 27-5""}, {""type"": ""FIRSTNAME"", ""start"": 23, ""end"": 24, ""text"": ""Nhung""}, {""type"": ""GENDER"", ""start"": 25, ""end"": 26, ""text"": ""nam""}, {""type"": ""AGE"", ""start"": 27, ""end"": 28, ""text"": ""85""}, {""type"": ""COMPANYNAME"", ""start"": 30, ""end"": 32, ""text"": ""Ngọc_@@ Tâm""}, {""type"": ""USERNAME"", ""start"": 32, ""end"": 35, ""text"": ""Jerem@@ y@@ 7""}]","[{""type"": ""PHONEIMEI"", ""start"": 9, ""end"": 17, ""text"": ""4@@ 1-@@ 23@@ 450@@ 5-@@ 87@@ 12@@ 27-5""}, {""type"": ""FIRSTNAME"", ""start"": 23, ""end"": 24, ""text"": ""Nhung""}, {""type"": ""GENDER"", ""start"": 25, ""end"": 26, ""text"": ""nam""}, {""type"": ""AGE"", ""start"": 27, ""end"": 28, ""text"": ""85""}, {""type"": ""MIDDLENAME"", ""start"": 30, ""end"": 31, ""text"": ""Ngọc_@@""}, {""type"": ""FIRSTNAME"", ""start"": 31, ""end"": 32, ""text"": ""Tâm""}, {""type"": ""USERNAME"", ""start"": 32, ""end"": 35, ""text"": ""Jerem@@ y@@ 7""}]",O O O O O O O O O B-PHONEIMEI I-PHONEIMEI I-PHONEIMEI I-PHONEIMEI I-PHONEIMEI I-PHONEIMEI I-PHONEIMEI I-PHONEIMEI O O O O O O B-FIRSTNAME O B-GENDER O B-AGE O O B-COMPANYNAME I-COMPANYNAME B-USERNAME I-USERNAME I-USERNAME O O O O O,O O O O O O O O O B-PHONEIMEI I-PHONEIMEI I-PHONEIMEI I-PHONEIMEI I-PHONEIMEI I-PHONEIMEI I-PHONEIMEI I-PHONEIMEI O O O O O O B-FIRSTNAME O B-GENDER O B-AGE O O B-MIDDLENAME B-FIRSTNAME B-USERNAME I-USERNAME I-USERNAME O O O O O,0.7692307692307692,"[{""type"": ""PHONEIMEI"", ""start"": 9, ""end"": 17, ""text"": ""4@@ 1-@@ 23@@ 450@@ 5-@@ 87@@ 12@@ 27-5""}, {""type"": ""FIRSTNAME"", ""start"": 23, ""end"": 24, ""text"": ""Nhung""}, {""type"": ""GENDER"", ""start"": 25, ""end"": 26, ""text"": ""nam""}, {""type"": ""AGE"", ""start"": 27, ""end"": 28, ""text"": ""85""}, {""type"": ""COMPANYNAME"", ""start"": 30, ""end"": 32, ""text"": ""Ngọc_@@ Tâm""}, {""type"": ""USERNAME"", ""start"": 32, ""end"": 35, ""text"": ""Jerem@@ y@@ 7""}]","[{""type"": ""PHONEIMEI"", ""start"": 9, ""end"": 17, ""text"": ""4@@ 1-@@ 23@@ 450@@ 5-@@ 87@@ 12@@ 27-5""}, {""type"": ""FIRSTNAME"", ""start"": 23, ""end"": 24, ""text"": ""Nhung""}, {""type"": ""GENDER"", ""start"": 25, ""end"": 26, ""text"": ""nam""}, {""type"": ""AGE"", ""start"": 27, ""end"": 28, ""text"": ""85""}, {""type"": ""FIRSTNAME"", ""start"": 30, ""end"": 31, ""text"": ""Ngọc_@@""}, {""type"": ""COMPANYNAME"", ""start"": 31, ""end"": 32, ""text"": ""Tâm""}, {""type"": ""USERNAME"", ""start"": 32, ""end"": 35, ""text"": ""Jerem@@ y@@ 7""}]",O O O O O O O O O B-PHONEIMEI I-PHONEIMEI I-PHONEIMEI I-PHONEIMEI I-PHONEIMEI I-PHONEIMEI I-PHONEIMEI I-PHONEIMEI O O O O O O B-FIRSTNAME O B-GENDER O B-AGE O O B-COMPANYNAME I-COMPANYNAME B-USERNAME I-USERNAME I-USERNAME O O O O O,O O O O O O O O O B-PHONEIMEI I-PHONEIMEI I-PHONEIMEI I-PHONEIMEI I-PHONEIMEI I-PHONEIMEI I-PHONEIMEI I-PHONEIMEI O O O O O O B-FIRSTNAME O B-GENDER O B-AGE O O B-FIRSTNAME I-COMPANYNAME B-USERNAME I-USERNAME I-USERNAME O O O O O,0.7692307692307692,"[{""type"": ""PHONEIMEI"", ""start"": 15, ""end"": 23, ""text"": ""▁41 -23 450 5-8 7 12 27 -5""}, {""type"": ""FIRSTNAME"", ""start"": 29, ""end"": 31, ""text"": ""▁N hung""}, {""type"": ""GENDER"", ""start"": 32, ""end"": 33, ""text"": ""▁nam""}, {""type"": ""AGE"", ""start"": 34, ""end"": 35, ""text"": ""▁85""}, {""type"": ""COMPANYNAME"", ""start"": 38, ""end"": 40, ""text"": ""▁Ngọc ▁Tâm""}, {""type"": ""USERNAME"", ""start"": 40, ""end"": 42, ""text"": ""▁Jeremy 7""}]","[{""type"": ""PHONEIMEI"", ""start"": 15, ""end"": 23, ""text"": ""▁41 -23 450 5-8 7 12 27 -5""}, {""type"": ""FIRSTNAME"", ""start"": 29, ""end"": 31, ""text"": ""▁N hung""}, {""type"": ""GENDER"", ""start"": 32, ""end"": 33, ""text"": ""▁nam""}, {""type"": ""AGE"", ""start"": 34, ""end"": 35, ""text"": ""▁85""}, {""type"": ""FIRSTNAME"", ""start"": 38, ""end"": 39, ""text"": ""▁Ngọc""}, {""type"": ""MIDDLENAME"", ""start"": 39, ""end"": 40, ""text"": ""▁Tâm""}, {""type"": ""USERNAME"", ""start"": 40, ""end"": 42, ""text"": ""▁Jeremy 7""}]",O O O O O O O O O O O O O O O B-PHONEIMEI I-PHONEIMEI I-PHONEIMEI I-PHONEIMEI I-PHONEIMEI I-PHONEIMEI I-PHONEIMEI I-PHONEIMEI O O O O O O B-FIRSTNAME I-FIRSTNAME O B-GENDER O B-AGE O O O B-COMPANYNAME I-COMPANYNAME B-USERNAME I-USERNAME O O O O O O O,O O O O O O O O O O O O O O O B-PHONEIMEI I-PHONEIMEI I-PHONEIMEI I-PHONEIMEI I-PHONEIMEI I-PHONEIMEI I-PHONEIMEI I-PHONEIMEI O O O O O O B-FIRSTNAME I-FIRSTNAME O B-GENDER O B-AGE O O O B-FIRSTNAME B-MIDDLENAME B-USERNAME I-USERNAME O O O O O O O
432,"Xin chào Phúc Quang, bạn đã đăng ký được cho chuẩn bị cho giai đoạn huấn luyện chuyên nghiệp huấn số. Chúng tôi đã ghi nhận 70 671k tiền vào tài khoản của bạn để chi trả chi phí đầu tiên.",True,0.6666666666666666,"[{""type"": ""FIRSTNAME"", ""start"": 2, ""end"": 3, ""text"": ""Phúc_@@""}, {""type"": ""MIDDLENAME"", ""start"": 3, ""end"": 4, ""text"": ""Quang""}, {""type"": ""AMOUNT"", ""start"": 22, ""end"": 25, ""text"": ""67@@ 1@@ k""}]","[{""type"": ""FIRSTNAME"", ""start"": 2, ""end"": 3, ""text"": ""Phúc_@@""}, {""type"": ""MIDDLENAME"", ""start"": 3, ""end"": 4, ""text"": ""Quang""}, {""type"": ""AMOUNT"", ""start"": 21, ""end"": 25, ""text"": ""70 67@@ 1@@ k""}]",O O B-FIRSTNAME B-MIDDLENAME O O O O O O O O O O O O O O O O O O B-AMOUNT I-AMOUNT I-AMOUNT O O O O O O O O O O,O O B-FIRSTNAME B-MIDDLENAME O O O O O O O O O O O O O O O O O B-AMOUNT I-AMOUNT I-AMOUNT I-AMOUNT O O O O O O O O O O,0.6666666666666666,"[{""type"": ""FIRSTNAME"", ""start"": 2, ""end"": 3, ""text"": ""Phúc_@@""}, {""type"": ""MIDDLENAME"", ""start"": 3, ""end"": 4, ""text"": ""Quang""}, {""type"": ""AMOUNT"", ""start"": 22, ""end"": 25, ""text"": ""67@@ 1@@ k""}]","[{""type"": ""FIRSTNAME"", ""start"": 2, ""end"": 3, ""text"": ""Phúc_@@""}, {""type"": ""MIDDLENAME"", ""start"": 3, ""end"": 4, ""text"": ""Quang""}, {""type"": ""AMOUNT"", ""start"": 21, ""end"": 25, ""text"": ""70 67@@ 1@@ k""}]",O O B-FIRSTNAME B-MIDDLENAME O O O O O O O O O O O O O O O O O O B-AMOUNT I-AMOUNT I-AMOUNT O O O O O O O O O O,O O B-FIRSTNAME B-MIDDLENAME O O O O O O O O O O O O O O O O O B-AMOUNT I-AMOUNT I-AMOUNT I-AMOUNT O O O O O O O O O O,0.8571428571428571,"[{""type"": ""FIRSTNAME"", ""start"": 2, ""end"": 3, ""text"": ""Phúc_@@""}, {""type"": ""MIDDLENAME"", ""start"": 3, ""end"": 4, ""text"": ""Quang""}, {""type"": ""AMOUNT"", ""start"": 22, ""end"": 25, ""text"": ""67@@ 1@@ k""}]","[{""type"": ""FIRSTNAME"", ""start"": 2, ""end"": 3, ""text"": ""Phúc_@@""}, {""type"": ""MIDDLENAME"", ""start"": 3, ""end"": 4, ""text"": ""Quang""}, {""type"": ""AGE"", ""start"": 21, ""end"": 22, ""text"": ""70""}, {""type"": ""AMOUNT"", ""start"": 22, ""end"": 25, ""text"": ""67@@ 1@@ k""}]",O O B-FIRSTNAME B-MIDDLENAME O O O O O O O O O O O O O O O O O O B-AMOUNT I-AMOUNT I-AMOUNT O O O O O O O O O O,O O B-FIRSTNAME B-MIDDLENAME O O O O O O O O O O O O O O O O O B-AGE B-AMOUNT I-AMOUNT I-AMOUNT O O O O O O O O O O,0.6666666666666666,"[{""type"": ""FIRSTNAME"", ""start"": 2, ""end"": 3, ""text"": ""▁Phúc""}, {""type"": ""MIDDLENAME"", ""start"": 3, ""end"": 4, ""text"": ""▁Quang""}, {""type"": ""AMOUNT"", ""start"": 29, ""end"": 32, ""text"": ""▁6 71 k""}]","[{""type"": ""FIRSTNAME"", ""start"": 2, ""end"": 3, ""text"": ""▁Phúc""}, {""type"": ""MIDDLENAME"", ""start"": 3, ""end"": 4, ""text"": ""▁Quang""}, {""type"": ""AMOUNT"", ""start"": 28, ""end"": 32, ""text"": ""▁70 ▁6 71 k""}]",O O B-FIRSTNAME B-MIDDLENAME O O O O O O O O O O O O O O O O O O O O O O O O O B-AMOUNT I-AMOUNT I-AMOUNT O O O O O O O O O O O O O O,O O B-FIRSTNAME B-MIDDLENAME O O O O O O O O O O O O O O O O O O O O O O O O B-AMOUNT I-AMOUNT I-AMOUNT I-AMOUNT O O O O O O O O O O O O O O
463,"Thân gửi Mạnh, tờ rơi mới nhất của chúng tôi liên quan đến điều trị nghiện đã được gửi đến nhà bạn. Bạn có thể sử dụng 4254060574808736 được cung cấp để thực hiện thanh toán sau khi đã xem xét kỹ lưỡng các chương trình của chúng tôi...",True,0.5,"[{""type"": ""FIRSTNAME"", ""start"": 2, ""end"": 3, ""text"": ""Mạnh""}, {""type"": ""MASKEDNUMBER"", ""start"": 24, ""end"": 32, ""text"": ""4@@ 25@@ 40@@ 60@@ 57@@ 480@@ 87@@ 36""}]","[{""type"": ""FIRSTNAME"", ""start"": 2, ""end"": 3, ""text"": ""Mạnh""}, {""type"": ""CREDITCARDNUMBER"", ""start"": 24, ""end"": 32, ""text"": ""4@@ 25@@ 40@@ 60@@ 57@@ 480@@ 87@@ 36""}]",O O B-FIRSTNAME O O O O O O O O O O O O O O O O O O O O O B-MASKEDNUMBER I-MASKEDNUMBER I-MASKEDNUMBER I-MASKEDNUMBER I-MASKEDNUMBER I-MASKEDNUMBER I-MASKEDNUMBER I-MASKEDNUMBER O O O O O O O O O O O O O O O,O O B-FIRSTNAME O O O O O O O O O O O O O O O O O O O O O B-CREDITCARDNUMBER I-CREDITCARDNUMBER I-CREDITCARDNUMBER I-CREDITCARDNUMBER I-CREDITCARDNUMBER I-CREDITCARDNUMBER I-CREDITCARDNUMBER I-CREDITCARDNUMBER O O O O O O O O O O O O O O O,0.5,"[{""type"": ""FIRSTNAME"", ""start"": 2, ""end"": 3, ""text"": ""Mạnh""}, {""type"": ""MASKEDNUMBER"", ""start"": 24, ""end"": 32, ""text"": ""4@@ 25@@ 40@@ 60@@ 57@@ 480@@ 87@@ 36""}]","[{""type"": ""FIRSTNAME"", ""start"": 2, ""end"": 3, ""text"": ""Mạnh""}, {""type"": ""CREDITCARDNUMBER"", ""start"": 24, ""end"": 32, ""text"": ""4@@ 25@@ 40@@ 60@@ 57@@ 480@@ 87@@ 36""}]",O O B-FIRSTNAME O O O O O O O O O O O O O O O O O O O O O B-MASKEDNUMBER I-MASKEDNUMBER I-MASKEDNUMBER I-MASKEDNUMBER I-MASKEDNUMBER I-MASKEDNUMBER I-MASKEDNUMBER I-MASKEDNUMBER O O O O O O O O O O O O O O O,O O B-FIRSTNAME O O O O O O O O O O O O O O O O O O O O O B-CREDITCARDNUMBER I-CREDITCARDNUMBER I-CREDITCARDNUMBER I-CREDITCARDNUMBER I-CREDITCARDNUMBER I-CREDITCARDNUMBER I-CREDITCARDNUMBER I-CREDITCARDNUMBER O O O O O O O O O O O O O O O,0.5,"[{""type"": ""FIRSTNAME"", ""start"": 2, ""end"": 3, ""text"": ""Mạnh""}, {""type"": ""MASKEDNUMBER"", ""start"": 24, ""end"": 32, ""text"": ""4@@ 25@@ 40@@ 60@@ 57@@ 480@@ 87@@ 36""}]","[{""type"": ""FIRSTNAME"", ""start"": 2, ""end"": 3, ""text"": ""Mạnh""}, {""type"": ""CREDITCARDNUMBER"", ""start"": 24, ""end"": 32, ""text"": ""4@@ 25@@ 40@@ 60@@ 57@@ 480@@ 87@@ 36""}]",O O B-FIRSTNAME O O O O O O O O O O O O O O O O O O O O O B-MASKEDNUMBER I-MASKEDNUMBER I-MASKEDNUMBER I-MASKEDNUMBER I-MASKEDNUMBER I-MASKEDNUMBER I-MASKEDNUMBER I-MASKEDNUMBER O O O O O O O O O O O O O O O,O O B-FIRSTNAME O O O O O O O O O O O O O O O O O O O O O B-CREDITCARDNUMBER I-CREDITCARDNUMBER I-CREDITCARDNUMBER I-CREDITCARDNUMBER I-CREDITCARDNUMBER I-CREDITCARDNUMBER I-CREDITCARDNUMBER I-CREDITCARDNUMBER O O O O O O O O O O O O O O O,0.5,"[{""type"": ""FIRSTNAME"", ""start"": 2, ""end"": 4, ""text"": ""▁M ạnh""}, {""type"": ""MASKEDNUMBER"", ""start"": 30, ""end"": 36, ""text"": ""▁42 54 060 574 808 736""}]","[{""type"": ""FIRSTNAME"", ""start"": 2, ""end"": 4, ""text"": ""▁M ạnh""}, {""type"": ""CREDITCARDNUMBER"", ""start"": 30, ""end"": 36, ""text"": ""▁42 54 060 574 808 736""}]",O O B-FIRSTNAME I-FIRSTNAME O O O O O O O O O O O O O O O O O O O O O O O O O O B-MASKEDNUMBER I-MASKEDNUMBER I-MASKEDNUMBER I-MASKEDNUMBER I-MASKEDNUMBER I-MASKEDNUMBER O O O O O O O O O O O O O O O O O O O O O O O,O O B-FIRSTNAME I-FIRSTNAME O O O O O O O O O O O O O O O O O O O O O O O O O O B-CREDITCARDNUMBER I-CREDITCARDNUMBER I-CREDITCARDNUMBER I-CREDITCARDNUMBER I-CREDITCARDNUMBER I-CREDITCARDNUMBER O O O O O O O O O O O O O O O O O O O O O O O
507,Hãy cung cấp số Tài khoản vay thế chấp của bạn 19188811111111 (Techcombank) để tiếp tục tính toán về tiết kiệm thuế. Vui lòng ghi rõ số tiền 0.40m bằng mã VND hoặc VND. Liên hệ với tôi qua số điện thoại 0349669185.,True,0.8333333333333334,"[{""type"": ""ACCOUNTNAME"", ""start"": 3, ""end"": 6, ""text"": ""Tài_khoản vay thế_chấp""}, {""type"": ""ACCOUNTNUMBER"", ""start"": 8, ""end"": 18, ""text"": ""19@@ 18@@ 88@@ 11@@ 11@@ 11@@ 11 ( Techcombank )""}, {""type"": ""AMOUNT"", ""start"": 31, ""end"": 34, ""text"": ""0.@@ 40 m""}, {""type"": ""CURRENCYCODE"", ""start"": 36, ""end"": 37, ""text"": ""VND""}, {""type"": ""CURRENCYSYMBOL"", ""start"": 38, ""end"": 39, ""text"": ""VND""}, {""type"": ""PHONENUMBER"", ""start"": 46, ""end"": 52, ""text"": ""0@@ 34@@ 9@@ 66@@ 9@@ 185""}]","[{""type"": ""ACCOUNTNAME"", ""start"": 3, ""end"": 6, ""text"": ""Tài_khoản vay thế_chấp""}, {""type"": ""ACCOUNTNUMBER"", ""start"": 8, ""end"": 18, ""text"": ""19@@ 18@@ 88@@ 11@@ 11@@ 11@@ 11 ( Techcombank )""}, {""type"": ""AMOUNT"", ""start"": 31, ""end"": 34, ""text"": ""0.@@ 40 m""}, {""type"": ""CURRENCYCODE"", ""start"": 36, ""end"": 37, ""text"": ""VND""}, {""type"": ""CURRENCYCODE"", ""start"": 38, ""end"": 39, ""text"": ""VND""}, {""type"": ""PHONENUMBER"", ""start"": 46, ""end"": 52, ""text"": ""0@@ 34@@ 9@@ 66@@ 9@@ 185""}]",O O O B-ACCOUNTNAME I-ACCOUNTNAME I-ACCOUNTNAME O O B-ACCOUNTNUMBER I-ACCOUNTNUMBER I-ACCOUNTNUMBER I-ACCOUNTNUMBER I-ACCOUNTNUMBER I-ACCOUNTNUMBER I-ACCOUNTNUMBER I-ACCOUNTNUMBER I-ACCOUNTNUMBER I-ACCOUNTNUMBER O O O O O O O O O O O O O B-AMOUNT I-AMOUNT I-AMOUNT O O B-CURRENCYCODE O B-CURRENCYSYMBOL O O O O O O O B-PHONENUMBER I-PHONENUMBER I-PHONENUMBER I-PHONENUMBER I-PHONENUMBER I-PHONENUMBER O,O O O B-ACCOUNTNAME I-ACCOUNTNAME I-ACCOUNTNAME O O B-ACCOUNTNUMBER I-ACCOUNTNUMBER I-ACCOUNTNUMBER I-ACCOUNTNUMBER I-ACCOUNTNUMBER I-ACCOUNTNUMBER I-ACCOUNTNUMBER I-ACCOUNTNUMBER I-ACCOUNTNUMBER I-ACCOUNTNUMBER O O O O O O O O O O O O O B-AMOUNT I-AMOUNT I-AMOUNT O O B-CURRENCYCODE O B-CURRENCYCODE O O O O O O O B-PHONENUMBER I-PHONENUMBER I-PHONENUMBER I-PHONENUMBER I-PHONENUMBER I-PHONENUMBER O,0.8333333333333334,"[{""type"": ""ACCOUNTNAME"", ""start"": 3, ""end"": 6, ""text"": ""Tài_khoản vay thế_chấp""}, {""type"": ""ACCOUNTNUMBER"", ""start"": 8, ""end"": 18, ""text"": ""19@@ 18@@ 88@@ 11@@ 11@@ 11@@ 11 ( Techcombank )""}, {""type"": ""AMOUNT"", ""start"": 31, ""end"": 34, ""text"": ""0.@@ 40 m""}, {""type"": ""CURRENCYCODE"", ""start"": 36, ""end"": 37, ""text"": ""VND""}, {""type"": ""CURRENCYSYMBOL"", ""start"": 38, ""end"": 39, ""text"": ""VND""}, {""type"": ""PHONENUMBER"", ""start"": 46, ""end"": 52, ""text"": ""0@@ 34@@ 9@@ 66@@ 9@@ 185""}]","[{""type"": ""ACCOUNTNAME"", ""start"": 3, ""end"": 6, ""text"": ""Tài_khoản vay thế_chấp""}, {""type"": ""ACCOUNTNUMBER"", ""start"": 8, ""end"": 18, ""text"": ""19@@ 18@@ 88@@ 11@@ 11@@ 11@@ 11 ( Techcombank )""}, {""type"": ""AMOUNT"", ""start"": 31, ""end"": 34, ""text"": ""0.@@ 40 m""}, {""type"": ""CURRENCYCODE"", ""start"": 36, ""end"": 37, ""text"": ""VND""}, {""type"": ""CURRENCYCODE"", ""start"": 38, ""end"": 39, ""text"": ""VND""}, {""type"": ""PHONENUMBER"", ""start"": 46, ""end"": 52, ""text"": ""0@@ 34@@ 9@@ 66@@ 9@@ 185""}]",O O O B-ACCOUNTNAME I-ACCOUNTNAME I-ACCOUNTNAME O O B-ACCOUNTNUMBER I-ACCOUNTNUMBER I-ACCOUNTNUMBER I-ACCOUNTNUMBER I-ACCOUNTNUMBER I-ACCOUNTNUMBER I-ACCOUNTNUMBER I-ACCOUNTNUMBER I-ACCOUNTNUMBER I-ACCOUNTNUMBER O O O O O O O O O O O O O B-AMOUNT I-AMOUNT I-AMOUNT O O B-CURRENCYCODE O B-CURRENCYSYMBOL O O O O O O O B-PHONENUMBER I-PHONENUMBER I-PHONENUMBER I-PHONENUMBER I-PHONENUMBER I-PHONENUMBER O,O O O B-ACCOUNTNAME I-ACCOUNTNAME I-ACCOUNTNAME O O B-ACCOUNTNUMBER I-ACCOUNTNUMBER I-ACCOUNTNUMBER I-ACCOUNTNUMBER I-ACCOUNTNUMBER I-ACCOUNTNUMBER I-ACCOUNTNUMBER I-ACCOUNTNUMBER I-ACCOUNTNUMBER I-ACCOUNTNUMBER O O O O O O O O O O O O O B-AMOUNT I-AMOUNT I-AMOUNT O O B-CURRENCYCODE O B-CURRENCYCODE O O O O O O O B-PHONENUMBER I-PHONENUMBER I-PHONENUMBER I-PHONENUMBER I-PHONENUMBER I-PHONENUMBER O,0.8333333333333334,"[{""type"": ""ACCOUNTNAME"", ""start"": 3, ""end"": 6, ""text"": ""Tài_khoản vay thế_chấp""}, {""type"": ""ACCOUNTNUMBER"", ""start"": 8, ""end"": 18, ""text"": ""19@@ 18@@ 88@@ 11@@ 11@@ 11@@ 11 ( Techcombank )""}, {""type"": ""AMOUNT"", ""start"": 31, ""end"": 34, ""text"": ""0.@@ 40 m""}, {""type"": ""CURRENCYCODE"", ""start"": 36, ""end"": 37, ""text"": ""VND""}, {""type"": ""CURRENCYSYMBOL"", ""start"": 38, ""end"": 39, ""text"": ""VND""}, {""type"": ""PHONENUMBER"", ""start"": 46, ""end"": 52, ""text"": ""0@@ 34@@ 9@@ 66@@ 9@@ 185""}]","[{""type"": ""ACCOUNTNAME"", ""start"": 3, ""end"": 6, ""text"": ""Tài_khoản vay thế_chấp""}, {""type"": ""ACCOUNTNUMBER"", ""start"": 8, ""end"": 18, ""text"": ""19@@ 18@@ 88@@ 11@@ 11@@ 11@@ 11 ( Techcombank )""}, {""type"": ""AMOUNT"", ""start"": 31, ""end"": 34, ""text"": ""0.@@ 40 m""}, {""type"": ""CURRENCYCODE"", ""start"": 36, ""end"": 37, ""text"": ""VND""}, {""type"": ""CURRENCYCODE"", ""start"": 38, ""end"": 39, ""text"": ""VND""}, {""type"": ""PHONENUMBER"", ""start"": 46, ""end"": 52, ""text"": ""0@@ 34@@ 9@@ 66@@ 9@@ 185""}]",O O O B-ACCOUNTNAME I-ACCOUNTNAME I-ACCOUNTNAME O O B-ACCOUNTNUMBER I-ACCOUNTNUMBER I-ACCOUNTNUMBER I-ACCOUNTNUMBER I-ACCOUNTNUMBER I-ACCOUNTNUMBER I-ACCOUNTNUMBER I-ACCOUNTNUMBER I-ACCOUNTNUMBER I-ACCOUNTNUMBER O O O O O O O O O O O O O B-AMOUNT I-AMOUNT I-AMOUNT O O B-CURRENCYCODE O B-CURRENCYSYMBOL O O O O O O O B-PHONENUMBER I-PHONENUMBER I-PHONENUMBER I-PHONENUMBER I-PHONENUMBER I-PHONENUMBER O,O O O B-ACCOUNTNAME I-ACCOUNTNAME I-ACCOUNTNAME O O B-ACCOUNTNUMBER I-ACCOUNTNUMBER I-ACCOUNTNUMBER I-ACCOUNTNUMBER I-ACCOUNTNUMBER I-ACCOUNTNUMBER I-ACCOUNTNUMBER I-ACCOUNTNUMBER I-ACCOUNTNUMBER I-ACCOUNTNUMBER O O O O O O O O O O O O O B-AMOUNT I-AMOUNT I-AMOUNT O O B-CURRENCYCODE O B-CURRENCYCODE O O O O O O O B-PHONENUMBER I-PHONENUMBER I-PHONENUMBER I-PHONENUMBER I-PHONENUMBER I-PHONENUMBER O,0.8333333333333334,"[{""type"": ""ACCOUNTNAME"", ""start"": 4, ""end"": 9, ""text"": ""▁Tài ▁khoản ▁vay ▁thế ▁chấp""}, {""type"": ""ACCOUNTNUMBER"", ""start"": 11, ""end"": 20, ""text"": ""▁1918 88 1111 1111 ▁( Tech com bank )""}, {""type"": ""AMOUNT"", ""start"": 36, ""end"": 40, ""text"": ""▁0 . 40 m""}, {""type"": ""CURRENCYCODE"", ""start"": 42, ""end"": 44, ""text"": ""▁V ND""}, {""type"": ""CURRENCYSYMBOL"", ""start"": 45, ""end"": 47, ""text"": ""▁V ND""}, {""type"": ""PHONENUMBER"", ""start"": 56, ""end"": 60, ""text"": ""▁03 49 669 185""}]","[{""type"": ""ACCOUNTNAME"", ""start"": 4, ""end"": 9, ""text"": ""▁Tài ▁khoản ▁vay ▁thế ▁chấp""}, {""type"": ""ACCOUNTNUMBER"", ""start"": 11, ""end"": 20, ""text"": ""▁1918 88 1111 1111 ▁( Tech com bank )""}, {""type"": ""AMOUNT"", ""start"": 36, ""end"": 40, ""text"": ""▁0 . 40 m""}, {""type"": ""CURRENCYCODE"", ""start"": 42, ""end"": 44, ""text"": ""▁V ND""}, {""type"": ""CURRENCYCODE"", ""start"": 45, ""end"": 47, ""text"": ""▁V ND""}, {""type"": ""PHONENUMBER"", ""start"": 56, ""end"": 60, ""text"": ""▁03 49 669 185""}]",O O O O B-ACCOUNTNAME I-ACCOUNTNAME I-ACCOUNTNAME I-ACCOUNTNAME I-ACCOUNTNAME O O B-ACCOUNTNUMBER I-ACCOUNTNUMBER I-ACCOUNTNUMBER I-ACCOUNTNUMBER I-ACCOUNTNUMBER I-ACCOUNTNUMBER I-ACCOUNTNUMBER I-ACCOUNTNUMBER I-ACCOUNTNUMBER O O O O O O O O O O O O O O O O B-AMOUNT I-AMOUNT I-AMOUNT I-AMOUNT O O B-CURRENCYCODE I-CURRENCYCODE O B-CURRENCYSYMBOL I-CURRENCYSYMBOL O O O O O O O O O B-PHONENUMBER I-PHONENUMBER I-PHONENUMBER I-PHONENUMBER O,O O O O B-ACCOUNTNAME I-ACCOUNTNAME I-ACCOUNTNAME I-ACCOUNTNAME I-ACCOUNTNAME O O B-ACCOUNTNUMBER I-ACCOUNTNUMBER I-ACCOUNTNUMBER I-ACCOUNTNUMBER I-ACCOUNTNUMBER I-ACCOUNTNUMBER I-ACCOUNTNUMBER I-ACCOUNTNUMBER I-ACCOUNTNUMBER O O O O O O O O O O O O O O O O B-AMOUNT I-AMOUNT I-AMOUNT I-AMOUNT O O B-CURRENCYCODE I-CURRENCYCODE O B-CURRENCYCODE I-CURRENCYCODE O O O O O O O O O B-PHONENUMBER I-PHONENUMBER I-PHONENUMBER I-PHONENUMBER O
522,"Xin chào Khuê, bạn có 7 tuổi. Hãy đạt được thực đơn của Đăng ký Đăng không. Ăn uống tốt hơn cho mắt của bạn, đặc biệt với màu mắt của bạn Nâu. Hiện tại, chiều cao của bạn là bình thường cho tuổi trong thời gian này.",True,0.8571428571428571,"[{""type"": ""FIRSTNAME"", ""start"": 2, ""end"": 3, ""text"": ""Khuê""}, {""type"": ""AGE"", ""start"": 6, ""end"": 7, ""text"": ""7""}, {""type"": ""EYECOLOR"", ""start"": 32, ""end"": 33, ""text"": ""Nâu""}]","[{""type"": ""FIRSTNAME"", ""start"": 2, ""end"": 3, ""text"": ""Khuê""}, {""type"": ""AGE"", ""start"": 6, ""end"": 7, ""text"": ""7""}, {""type"": ""FIRSTNAME"", ""start"": 15, ""end"": 16, ""text"": ""Đăng""}, {""type"": ""EYECOLOR"", ""start"": 32, ""end"": 33, ""text"": ""Nâu""}]",O O B-FIRSTNAME O O O B-AGE O O O O O O O O O O O O O O O O O O O O O O O O O B-EYECOLOR O O O O O O O O O O O O O O O,O O B-FIRSTNAME O O O B-AGE O O O O O O O O B-FIRSTNAME O O O O O O O O O O O O O O O O B-EYECOLOR O O O O O O O O O O O O O O O,0.8571428571428571,"[{""type"": ""FIRSTNAME"", ""start"": 2, ""end"": 3, ""text"": ""Khuê""}, {""type"": ""AGE"", ""start"": 6, ""end"": 7, ""text"": ""7""}, {""type"": ""EYECOLOR"", ""start"": 32, ""end"": 33, ""text"": ""Nâu""}]","[{""type"": ""FIRSTNAME"", ""start"": 2, ""end"": 3, ""text"": ""Khuê""}, {""type"": ""AGE"", ""start"": 6, ""end"": 7, ""text"": ""7""}, {""type"": ""FIRSTNAME"", ""start"": 15, ""end"": 16, ""text"": ""Đăng""}, {""type"": ""EYECOLOR"", ""start"": 32, ""end"": 33, ""text"": ""Nâu""}]",O O B-FIRSTNAME O O O B-AGE O O O O O O O O O O O O O O O O O O O O O O O O O B-EYECOLOR O O O O O O O O O O O O O O O,O O B-FIRSTNAME O O O B-AGE O O O O O O O O B-FIRSTNAME O O O O O O O O O O O O O O O O B-EYECOLOR O O O O O O O O O O O O O O O,0.8571428571428571,"[{""type"": ""FIRSTNAME"", ""start"": 2, ""end"": 3, ""text"": ""Khuê""}, {""type"": ""AGE"", ""start"": 6, ""end"": 7, ""text"": ""7""}, {""type"": ""EYECOLOR"", ""start"": 32, ""end"": 33, ""text"": ""Nâu""}]","[{""type"": ""FIRSTNAME"", ""start"": 2, ""end"": 3, ""text"": ""Khuê""}, {""type"": ""AGE"", ""start"": 6, ""end"": 7, ""text"": ""7""}, {""type"": ""FIRSTNAME"", ""start"": 15, ""end"": 16, ""text"": ""Đăng""}, {""type"": ""EYECOLOR"", ""start"": 32, ""end"": 33, ""text"": ""Nâu""}]",O O B-FIRSTNAME O O O B-AGE O O O O O O O O O O O O O O O O O O O O O O O O O B-EYECOLOR O O O O O O O O O O O O O O O,O O B-FIRSTNAME O O O B-AGE O O O O O O O O B-FIRSTNAME O O O O O O O O O O O O O O O O B-EYECOLOR O O O O O O O O O O O O O O O,0.8571428571428571,"[{""type"": ""FIRSTNAME"", ""start"": 2, ""end"": 4, ""text"": ""▁Khu ê""}, {""type"": ""AGE"", ""start"": 7, ""end"": 8, ""text"": ""▁7""}, {""type"": ""EYECOLOR"", ""start"": 37, ""end"": 40, ""text"": ""▁N â u""}]","[{""type"": ""FIRSTNAME"", ""start"": 2, ""end"": 4, ""text"": ""▁Khu ê""}, {""type"": ""AGE"", ""start"": 7, ""end"": 8, ""text"": ""▁7""}, {""type"": ""COMPANYNAME"", ""start"": 16, ""end"": 19, ""text"": ""▁Đăng ▁ký ▁Đăng""}, {""type"": ""EYECOLOR"", ""start"": 37, ""end"": 40, ""text"": ""▁N â u""}]",O O B-FIRSTNAME I-FIRSTNAME O O O B-AGE O O O O O O O O O O O O O O O O O O O O O O O O O O O O O B-EYECOLOR I-EYECOLOR I-EYECOLOR O O O O O O O O O O O O O O O O O O,O O B-FIRSTNAME I-FIRSTNAME O O O B-AGE O O O O O O O O B-COMPANYNAME I-COMPANYNAME I-COMPANYNAME O O O O O O O O O O O O O O O O O O B-EYECOLOR I-EYECOLOR I-EYECOLOR O O O O O O O O O O O O O O O O O O
586,"Thông báo cho nhân viên y tế, Yến Nguyễn cần phẫu thuật mắt. Vui lòng đảm bảo rằng phòng mổ ở cánh Nam đã được chuẩn bị. Liên hệ với Bác sĩ của bệnh nhân nếu có bất kỳ vấn đề nào.",True,0.75,"[{""type"": ""FIRSTNAME"", ""start"": 5, ""end"": 6, ""text"": ""Yến_@@""}, {""type"": ""LASTNAME"", ""start"": 6, ""end"": 7, ""text"": ""Nguyễn""}, {""type"": ""ORDINALDIRECTION"", ""start"": 19, ""end"": 20, ""text"": ""Nam""}, {""type"": ""JOBTYPE"", ""start"": 26, ""end"": 27, ""text"": ""Bác_sĩ""}]","[{""type"": ""FIRSTNAME"", ""start"": 5, ""end"": 6, ""text"": ""Yến_@@""}, {""type"": ""LASTNAME"", ""start"": 6, ""end"": 7, ""text"": ""Nguyễn""}, {""type"": ""ORDINALDIRECTION"", ""start"": 19, ""end"": 20, ""text"": ""Nam""}, {""type"": ""JOBTITLE"", ""start"": 26, ""end"": 27, ""text"": ""Bác_sĩ""}]",O O O O O B-FIRSTNAME B-LASTNAME O O O O O O O O O O O O B-ORDINALDIRECTION O O O O O O B-JOBTYPE O O O O O O O O,O O O O O B-FIRSTNAME B-LASTNAME O O O O O O O O O O O O B-ORDINALDIRECTION O O O O O O B-JOBTITLE O O O O O O O O,0.75,"[{""type"": ""FIRSTNAME"", ""start"": 5, ""end"": 6, ""text"": ""Yến_@@""}, {""type"": ""LASTNAME"", ""start"": 6, ""end"": 7, ""text"": ""Nguyễn""}, {""type"": ""ORDINALDIRECTION"", ""start"": 19, ""end"": 20, ""text"": ""Nam""}, {""type"": ""JOBTYPE"", ""start"": 26, ""end"": 27, ""text"": ""Bác_sĩ""}]","[{""type"": ""FIRSTNAME"", ""start"": 5, ""end"": 6, ""text"": ""Yến_@@""}, {""type"": ""LASTNAME"", ""start"": 6, ""end"": 7, ""text"": ""Nguyễn""}, {""type"": ""ORDINALDIRECTION"", ""start"": 19, ""end"": 20, ""text"": ""Nam""}, {""type"": ""JOBTITLE"", ""start"": 26, ""end"": 27, ""text"": ""Bác_sĩ""}]",O O O O O B-FIRSTNAME B-LASTNAME O O O O O O O O O O O O B-ORDINALDIRECTION O O O O O O B-JOBTYPE O O O O O O O O,O O O O O B-FIRSTNAME B-LASTNAME O O O O O O O O O O O O B-ORDINALDIRECTION O O O O O O B-JOBTITLE O O O O O O O O,0.75,"[{""type"": ""FIRSTNAME"", ""start"": 5, ""end"": 6, ""text"": ""Yến_@@""}, {""type"": ""LASTNAME"", ""start"": 6, ""end"": 7, ""text"": ""Nguyễn""}, {""type"": ""ORDINALDIRECTION"", ""start"": 19, ""end"": 20, ""text"": ""Nam""}, {""type"": ""JOBTYPE"", ""start"": 26, ""end"": 27, ""text"": ""Bác_sĩ""}]","[{""type"": ""FIRSTNAME"", ""start"": 5, ""end"": 6, ""text"": ""Yến_@@""}, {""type"": ""LASTNAME"", ""start"": 6, ""end"": 7, ""text"": ""Nguyễn""}, {""type"": ""ORDINALDIRECTION"", ""start"": 19, ""end"": 20, ""text"": ""Nam""}, {""type"": ""JOBTITLE"", ""start"": 26, ""end"": 27, ""text"": ""Bác_sĩ""}]",O O O O O B-FIRSTNAME B-LASTNAME O O O O O O O O O O O O B-ORDINALDIRECTION O O O O O O B-JOBTYPE O O O O O O O O,O O O O O B-FIRSTNAME B-LASTNAME O O O O O O O O O O O O B-ORDINALDIRECTION O O O O O O B-JOBTITLE O O O O O O O O,0.75,"[{""type"": ""FIRSTNAME"", ""start"": 8, ""end"": 10, ""text"": ""▁Y ến""}, {""type"": ""LASTNAME"", ""start"": 10, ""end"": 11, ""text"": ""▁Nguyễn""}, {""type"": ""ORDINALDIRECTION"", ""start"": 26, ""end"": 27, ""text"": ""▁Nam""}, {""type"": ""JOBTYPE"", ""start"": 35, ""end"": 37, ""text"": ""▁Bác ▁sĩ""}]","[{""type"": ""FIRSTNAME"", ""start"": 8, ""end"": 10, ""text"": ""▁Y ến""}, {""type"": ""LASTNAME"", ""start"": 10, ""end"": 11, ""text"": ""▁Nguyễn""}, {""type"": ""ORDINALDIRECTION"", ""start"": 26, ""end"": 27, ""text"": ""▁Nam""}, {""type"": ""JOBTITLE"", ""start"": 35, ""end"": 37, ""text"": ""▁Bác ▁sĩ""}]",O O O O O O O O B-FIRSTNAME I-FIRSTNAME B-LASTNAME O O O O O O O O O O O O O O O B-ORDINALDIRECTION O O O O O O O O B-JOBTYPE I-JOBTYPE O O O O O O O O O O O,O O O O O O O O B-FIRSTNAME I-FIRSTNAME B-LASTNAME O O O O O O O O O O O O O O O B-ORDINALDIRECTION O O O O O O O O B-JOBTITLE I-JOBTITLE O O O O O O O O O O O
619,"Nghiên cứu đang diễn ra về cơ sở di truyền của sự chênh lệch chiều cao, đặc biệt là ở những cá nhân có chiều cao cao tầm 1m75, thuộc quyền quản lý của Lộc Quang Vương trong vai trò Nhân viên. Để biết thêm thông tin, vui lòng liên hệ qua vantruong@gmail.com.",True,0.7692307692307692,"[{""type"": ""HEIGHT"", ""start"": 21, ""end"": 25, ""text"": ""cao tầm 1m@@ 75""}, {""type"": ""FIRSTNAME"", ""start"": 30, ""end"": 31, ""text"": ""Lộc_@@""}, {""type"": ""MIDDLENAME"", ""start"": 31, ""end"": 32, ""text"": ""Quang_@@""}, {""type"": ""LASTNAME"", ""start"": 32, ""end"": 33, ""text"": ""Vương""}, {""type"": ""JOBTITLE"", ""start"": 35, ""end"": 36, ""text"": ""Nhân_viên""}, {""type"": ""EMAIL"", ""start"": 45, ""end"": 48, ""text"": ""van@@ truong@@ @gmail.com.""}]","[{""type"": ""HEIGHT"", ""start"": 22, ""end"": 23, ""text"": ""tầm""}, {""type"": ""HEIGHT"", ""start"": 23, ""end"": 25, ""text"": ""1m@@ 75""}, {""type"": ""FIRSTNAME"", ""start"": 30, ""end"": 31, ""text"": ""Lộc_@@""}, {""type"": ""MIDDLENAME"", ""start"": 31, ""end"": 32, ""text"": ""Quang_@@""}, {""type"": ""LASTNAME"", ""start"": 32, ""end"": 33, ""text"": ""Vương""}, {""type"": ""JOBTITLE"", ""start"": 35, ""end"": 36, ""text"": ""Nhân_viên""}, {""type"": ""EMAIL"", ""start"": 45, ""end"": 48, ""text"": ""van@@ truong@@ @gmail.com.""}]",O O O O O O O O O O O O O O O O O O O O O B-HEIGHT I-HEIGHT I-HEIGHT I-HEIGHT O O O O O B-FIRSTNAME B-MIDDLENAME B-LASTNAME O O B-JOBTITLE O O O O O O O O O B-EMAIL I-EMAIL I-EMAIL,O O O O O O O O O O O O O O O O O O O O O O B-HEIGHT B-HEIGHT I-HEIGHT O O O O O B-FIRSTNAME B-MIDDLENAME B-LASTNAME O O B-JOBTITLE O O O O O O O O O B-EMAIL I-EMAIL I-EMAIL,0.8333333333333334,"[{""type"": ""HEIGHT"", ""start"": 21, ""end"": 25, ""text"": ""cao tầm 1m@@ 75""}, {""type"": ""FIRSTNAME"", ""start"": 30, ""end"": 31, ""text"": ""Lộc_@@""}, {""type"": ""MIDDLENAME"", ""start"": 31, ""end"": 32, ""text"": ""Quang_@@""}, {""type"": ""LASTNAME"", ""start"": 32, ""end"": 33, ""text"": ""Vương""}, {""type"": ""JOBTITLE"", ""start"": 35, ""end"": 36, ""text"": ""Nhân_viên""}, {""type"": ""EMAIL"", ""start"": 45, ""end"": 48, ""text"": ""van@@ truong@@ @gmail.com.""}]","[{""type"": ""HEIGHT"", ""start"": 22, ""end"": 25, ""text"": ""tầm 1m@@ 75""}, {""type"": ""FIRSTNAME"", ""start"": 30, ""end"": 31, ""text"": ""Lộc_@@""}, {""type"": ""MIDDLENAME"", ""start"": 31, ""end"": 32, ""text"": ""Quang_@@""}, {""type"": ""LASTNAME"", ""start"": 32, ""end"": 33, ""text"": ""Vương""}, {""type"": ""JOBTITLE"", ""start"": 35, ""end"": 36, ""text"": ""Nhân_viên""}, {""type"": ""EMAIL"", ""start"": 45, ""end"": 48, ""text"": ""van@@ truong@@ @gmail.com.""}]",O O O O O O O O O O O O O O O O O O O O O B-HEIGHT I-HEIGHT I-HEIGHT I-HEIGHT O O O O O B-FIRSTNAME B-MIDDLENAME B-LASTNAME O O B-JOBTITLE O O O O O O O O O B-EMAIL I-EMAIL I-EMAIL,O O O O O O O O O O O O O O O O O O O O O O B-HEIGHT I-HEIGHT I-HEIGHT O O O O O B-FIRSTNAME B-MIDDLENAME B-LASTNAME O O B-JOBTITLE O O O O O O O O O B-EMAIL I-EMAIL I-EMAIL,0.8333333333333334,"[{""type"": ""HEIGHT"", ""start"": 21, ""end"": 25, ""text"": ""cao tầm 1m@@ 75""}, {""type"": ""FIRSTNAME"", ""start"": 30, ""end"": 31, ""text"": ""Lộc_@@""}, {""type"": ""MIDDLENAME"", ""start"": 31, ""end"": 32, ""text"": ""Quang_@@""}, {""type"": ""LASTNAME"", ""start"": 32, ""end"": 33, ""text"": ""Vương""}, {""type"": ""JOBTITLE"", ""start"": 35, ""end"": 36, ""text"": ""Nhân_viên""}, {""type"": ""EMAIL"", ""start"": 45, ""end"": 48, ""text"": ""van@@ truong@@ @gmail.com.""}]","[{""type"": ""HEIGHT"", ""start"": 23, ""end"": 25, ""text"": ""1m@@ 75""}, {""type"": ""FIRSTNAME"", ""start"": 30, ""end"": 31, ""text"": ""Lộc_@@""}, {""type"": ""MIDDLENAME"", ""start"": 31, ""end"": 32, ""text"": ""Quang_@@""}, {""type"": ""LASTNAME"", ""start"": 32, ""end"": 33, ""text"": ""Vương""}, {""type"": ""JOBTITLE"", ""start"": 35, ""end"": 36, ""text"": ""Nhân_viên""}, {""type"": ""EMAIL"", ""start"": 45, ""end"": 48, ""text"": ""van@@ truong@@ @gmail.com.""}]",O O O O O O O O O O O O O O O O O O O O O B-HEIGHT I-HEIGHT I-HEIGHT I-HEIGHT O O O O O B-FIRSTNAME B-MIDDLENAME B-LASTNAME O O B-JOBTITLE O O O O O O O O O B-EMAIL I-EMAIL I-EMAIL,O O O O O O O O O O O O O O O O O O O O O O O B-HEIGHT I-HEIGHT O O O O O B-FIRSTNAME B-MIDDLENAME B-LASTNAME O O B-JOBTITLE O O O O O O O O O B-EMAIL I-EMAIL I-EMAIL,0.8333333333333334,"[{""type"": ""HEIGHT"", ""start"": 30, ""end"": 35, ""text"": ""▁cao ▁tầm ▁1 m 75""}, {""type"": ""FIRSTNAME"", ""start"": 41, ""end"": 42, ""text"": ""▁Lộc""}, {""type"": ""MIDDLENAME"", ""start"": 42, ""end"": 43, ""text"": ""▁Quang""}, {""type"": ""LASTNAME"", ""start"": 43, ""end"": 44, ""text"": ""▁Vương""}, {""type"": ""JOBTITLE"", ""start"": 47, ""end"": 49, ""text"": ""▁Nhân ▁viên""}, {""type"": ""EMAIL"", ""start"": 61, ""end"": 68, ""text"": ""▁van tru ong @ gmail . com""}]","[{""type"": ""HEIGHT"", ""start"": 32, ""end"": 35, ""text"": ""▁1 m 75""}, {""type"": ""FIRSTNAME"", ""start"": 41, ""end"": 42, ""text"": ""▁Lộc""}, {""type"": ""MIDDLENAME"", ""start"": 42, ""end"": 43, ""text"": ""▁Quang""}, {""type"": ""LASTNAME"", ""start"": 43, ""end"": 44, ""text"": ""▁Vương""}, {""type"": ""JOBTITLE"", ""start"": 47, ""end"": 49, ""text"": ""▁Nhân ▁viên""}, {""type"": ""EMAIL"", ""start"": 61, ""end"": 68, ""text"": ""▁van tru ong @ gmail . com""}]",O O O O O O O O O O O O O O O O O O O O O O O O O O O O O O B-HEIGHT I-HEIGHT I-HEIGHT I-HEIGHT I-HEIGHT O O O O O O B-FIRSTNAME B-MIDDLENAME B-LASTNAME O O O B-JOBTITLE I-JOBTITLE O O O O O O O O O O O O B-EMAIL I-EMAIL I-EMAIL I-EMAIL I-EMAIL I-EMAIL I-EMAIL O,O O O O O O O O O O O O O O O O O O O O O O O O O O O O O O O O B-HEIGHT I-HEIGHT I-HEIGHT O O O O O O B-FIRSTNAME B-MIDDLENAME B-LASTNAME O O O B-JOBTITLE I-JOBTITLE O O O O O O O O O O O O B-EMAIL I-EMAIL I-EMAIL I-EMAIL I-EMAIL I-EMAIL I-EMAIL O
627,"Thân gửi Xuân, 2982212409828144 đã sẵn sàng với các thư giới thiệu. Họ sẽ có quyền truy cập vào 160.59.10.159 trong tuần này. Vui lòng theo dõi.",True,0.28571428571428575,"[{""type"": ""FIRSTNAME"", ""start"": 2, ""end"": 3, ""text"": ""Xuân""}, {""type"": ""MASKEDNUMBER"", ""start"": 4, ""end"": 12, ""text"": ""29@@ 8@@ 22@@ 12@@ 40@@ 98@@ 28@@ 144""}, {""type"": ""IPADDRESS"", ""start"": 25, ""end"": 31, ""text"": ""16@@ 0.@@ 5@@ 9.@@ 10.@@ 159""}]","[{""type"": ""MIDDLENAME"", ""start"": 2, ""end"": 3, ""text"": ""Xuân""}, {""type"": ""CREDITCARDNUMBER"", ""start"": 4, ""end"": 6, ""text"": ""29@@ 8@@""}, {""type"": ""MASKEDNUMBER"", ""start"": 6, ""end"": 12, ""text"": ""22@@ 12@@ 40@@ 98@@ 28@@ 144""}, {""type"": ""IPADDRESS"", ""start"": 25, ""end"": 31, ""text"": ""16@@ 0.@@ 5@@ 9.@@ 10.@@ 159""}]",O O B-FIRSTNAME O B-MASKEDNUMBER I-MASKEDNUMBER I-MASKEDNUMBER I-MASKEDNUMBER I-MASKEDNUMBER I-MASKEDNUMBER I-MASKEDNUMBER I-MASKEDNUMBER O O O O O O O O O O O O O B-IPADDRESS I-IPADDRESS I-IPADDRESS I-IPADDRESS I-IPADDRESS I-IPADDRESS O O O O O O O O,O O B-MIDDLENAME O B-CREDITCARDNUMBER I-CREDITCARDNUMBER I-MASKEDNUMBER I-MASKEDNUMBER I-MASKEDNUMBER I-MASKEDNUMBER I-MASKEDNUMBER I-MASKEDNUMBER O O O O O O O O O O O O O B-IPADDRESS I-IPADDRESS I-IPADDRESS I-IPADDRESS I-IPADDRESS I-IPADDRESS O O O O O O O O,0.6666666666666666,"[{""type"": ""FIRSTNAME"", ""start"": 2, ""end"": 3, ""text"": ""Xuân""}, {""type"": ""MASKEDNUMBER"", ""start"": 4, ""end"": 12, ""text"": ""29@@ 8@@ 22@@ 12@@ 40@@ 98@@ 28@@ 144""}, {""type"": ""IPADDRESS"", ""start"": 25, ""end"": 31, ""text"": ""16@@ 0.@@ 5@@ 9.@@ 10.@@ 159""}]","[{""type"": ""MIDDLENAME"", ""start"": 2, ""end"": 3, ""text"": ""Xuân""}, {""type"": ""MASKEDNUMBER"", ""start"": 4, ""end"": 12, ""text"": ""29@@ 8@@ 22@@ 12@@ 40@@ 98@@ 28@@ 144""}, {""type"": ""IPADDRESS"", ""start"": 25, ""end"": 31, ""text"": ""16@@ 0.@@ 5@@ 9.@@ 10.@@ 159""}]",O O B-FIRSTNAME O B-MASKEDNUMBER I-MASKEDNUMBER I-MASKEDNUMBER I-MASKEDNUMBER I-MASKEDNUMBER I-MASKEDNUMBER I-MASKEDNUMBER I-MASKEDNUMBER O O O O O O O O O O O O O B-IPADDRESS I-IPADDRESS I-IPADDRESS I-IPADDRESS I-IPADDRESS I-IPADDRESS O O O O O O O O,O O B-MIDDLENAME O B-MASKEDNUMBER I-MASKEDNUMBER I-MASKEDNUMBER I-MASKEDNUMBER I-MASKEDNUMBER I-MASKEDNUMBER I-MASKEDNUMBER I-MASKEDNUMBER O O O O O O O O O O O O O B-IPADDRESS I-IPADDRESS I-IPADDRESS I-IPADDRESS I-IPADDRESS I-IPADDRESS O O O O O O O O,0.6666666666666666,"[{""type"": ""FIRSTNAME"", ""start"": 2, ""end"": 3, ""text"": ""Xuân""}, {""type"": ""MASKEDNUMBER"", ""start"": 4, ""end"": 12, ""text"": ""29@@ 8@@ 22@@ 12@@ 40@@ 98@@ 28@@ 144""}, {""type"": ""IPADDRESS"", ""start"": 25, ""end"": 31, ""text"": ""16@@ 0.@@ 5@@ 9.@@ 10.@@ 159""}]","[{""type"": ""MIDDLENAME"", ""start"": 2, ""end"": 3, ""text"": ""Xuân""}, {""type"": ""MASKEDNUMBER"", ""start"": 4, ""end"": 12, ""text"": ""29@@ 8@@ 22@@ 12@@ 40@@ 98@@ 28@@ 144""}, {""type"": ""IPADDRESS"", ""start"": 25, ""end"": 31, ""text"": ""16@@ 0.@@ 5@@ 9.@@ 10.@@ 159""}]",O O B-FIRSTNAME O B-MASKEDNUMBER I-MASKEDNUMBER I-MASKEDNUMBER I-MASKEDNUMBER I-MASKEDNUMBER I-MASKEDNUMBER I-MASKEDNUMBER I-MASKEDNUMBER O O O O O O O O O O O O O B-IPADDRESS I-IPADDRESS I-IPADDRESS I-IPADDRESS I-IPADDRESS I-IPADDRESS O O O O O O O O,O O B-MIDDLENAME O B-MASKEDNUMBER I-MASKEDNUMBER I-MASKEDNUMBER I-MASKEDNUMBER I-MASKEDNUMBER I-MASKEDNUMBER I-MASKEDNUMBER I-MASKEDNUMBER O O O O O O O O O O O O O B-IPADDRESS I-IPADDRESS I-IPADDRESS I-IPADDRESS I-IPADDRESS I-IPADDRESS O O O O O O O O,0.75,"[{""type"": ""FIRSTNAME"", ""start"": 2, ""end"": 3, ""text"": ""▁Xuân""}, {""type"": ""MASKEDNUMBER"", ""start"": 4, ""end"": 5, ""text"": ""▁""}, {""type"": ""MASKEDNUMBER"", ""start"": 5, ""end"": 11, ""text"": ""298 22 124 09 828 144""}, {""type"": ""IPADDRESS"", ""start"": 27, ""end"": 32, ""text"": ""▁160 . 59 .10. 159""}]","[{""type"": ""MIDDLENAME"", ""start"": 2, ""end"": 3, ""text"": ""▁Xuân""}, {""type"": ""MASKEDNUMBER"", ""start"": 4, ""end"": 5, ""text"": ""▁""}, {""type"": ""MASKEDNUMBER"", ""start"": 5, ""end"": 11, ""text"": ""298 22 124 09 828 144""}, {""type"": ""IPADDRESS"", ""start"": 27, ""end"": 32, ""text"": ""▁160 . 59 .10. 159""}]",O O B-FIRSTNAME O B-MASKEDNUMBER B-MASKEDNUMBER I-MASKEDNUMBER I-MASKEDNUMBER I-MASKEDNUMBER I-MASKEDNUMBER I-MASKEDNUMBER O O O O O O O O O O O O O O O O B-IPADDRESS I-IPADDRESS I-IPADDRESS I-IPADDRESS I-IPADDRESS O O O O O O O O O,O O B-MIDDLENAME O B-MASKEDNUMBER B-MASKEDNUMBER I-MASKEDNUMBER I-MASKEDNUMBER I-MASKEDNUMBER I-MASKEDNUMBER I-MASKEDNUMBER O O O O O O O O O O O O O O O O B-IPADDRESS I-IPADDRESS I-IPADDRESS I-IPADDRESS I-IPADDRESS O O O O O O O O O
680,"Tuấn, tài khoản nhượng quyền 0451000889922 (Vietcombank) của chúng tôi đã bị hệ thống bảo mật đánh dấu với IP 0eaf:d892:cf66:1263:bcc5:f4c6:d6f4:6a3d. Cần xác minh qua 0399091630.",True,0.75,"[{""type"": ""MIDDLENAME"", ""start"": 0, ""end"": 1, ""text"": ""Tuấn""}, {""type"": ""ACCOUNTNUMBER"", ""start"": 5, ""end"": 14, ""text"": ""0@@ 45@@ 1000@@ 88@@ 99@@ 22 ( Vietcombank )""}, {""type"": ""IPADDRESS"", ""start"": 23, ""end"": 55, ""text"": ""0 e@@ af : d 8@@ 92 : c@@ f 6 6@@ :1 263 : b@@ cc 5 : f 4 c 6 : d 6 f 4:@@ 6 a@@ 3@@ d""}, {""type"": ""PHONENUMBER"", ""start"": 59, ""end"": 65, ""text"": ""0@@ 39@@ 9@@ 09@@ 16@@ 30""}]","[{""type"": ""FIRSTNAME"", ""start"": 0, ""end"": 1, ""text"": ""Tuấn""}, {""type"": ""ACCOUNTNUMBER"", ""start"": 5, ""end"": 14, ""text"": ""0@@ 45@@ 1000@@ 88@@ 99@@ 22 ( Vietcombank )""}, {""type"": ""IPADDRESS"", ""start"": 23, ""end"": 55, ""text"": ""0 e@@ af : d 8@@ 92 : c@@ f 6 6@@ :1 263 : b@@ cc 5 : f 4 c 6 : d 6 f 4:@@ 6 a@@ 3@@ d""}, {""type"": ""PHONENUMBER"", ""start"": 59, ""end"": 65, ""text"": ""0@@ 39@@ 9@@ 09@@ 16@@ 30""}]",B-MIDDLENAME O O O O B-ACCOUNTNUMBER I-ACCOUNTNUMBER I-ACCOUNTNUMBER I-ACCOUNTNUMBER I-ACCOUNTNUMBER I-ACCOUNTNUMBER I-ACCOUNTNUMBER I-ACCOUNTNUMBER I-ACCOUNTNUMBER O O O O O O O O O B-IPADDRESS I-IPADDRESS I-IPADDRESS I-IPADDRESS I-IPADDRESS I-IPADDRESS I-IPADDRESS I-IPADDRESS I-IPADDRESS I-IPADDRESS I-IPADDRESS I-IPADDRESS I-IPADDRESS I-IPADDRESS I-IPADDRESS I-IPADDRESS I-IPADDRESS I-IPADDRESS I-IPADDRESS I-IPADDRESS I-IPADDRESS I-IPADDRESS I-IPADDRESS I-IPADDRESS I-IPADDRESS I-IPADDRESS I-IPADDRESS I-IPADDRESS I-IPADDRESS I-IPADDRESS I-IPADDRESS I-IPADDRESS O O O O B-PHONENUMBER I-PHONENUMBER I-PHONENUMBER I-PHONENUMBER I-PHONENUMBER I-PHONENUMBER O,B-FIRSTNAME O O O O B-ACCOUNTNUMBER I-ACCOUNTNUMBER I-ACCOUNTNUMBER I-ACCOUNTNUMBER I-ACCOUNTNUMBER I-ACCOUNTNUMBER I-ACCOUNTNUMBER I-ACCOUNTNUMBER I-ACCOUNTNUMBER O O O O O O O O O B-IPADDRESS I-IPADDRESS I-IPADDRESS I-IPADDRESS I-IPADDRESS I-IPADDRESS I-IPADDRESS I-IPADDRESS I-IPADDRESS I-IPADDRESS I-IPADDRESS I-IPADDRESS I-IPADDRESS I-IPADDRESS I-IPADDRESS I-IPADDRESS I-IPADDRESS I-IPADDRESS I-IPADDRESS I-IPADDRESS I-IPADDRESS I-IPADDRESS I-IPADDRESS I-IPADDRESS I-IPADDRESS I-IPADDRESS I-IPADDRESS I-IPADDRESS I-IPADDRESS I-IPADDRESS I-IPADDRESS I-IPADDRESS O O O O B-PHONENUMBER I-PHONENUMBER I-PHONENUMBER I-PHONENUMBER I-PHONENUMBER I-PHONENUMBER O,0.75,"[{""type"": ""MIDDLENAME"", ""start"": 0, ""end"": 1, ""text"": ""Tuấn""}, {""type"": ""ACCOUNTNUMBER"", ""start"": 5, ""end"": 14, ""text"": ""0@@ 45@@ 1000@@ 88@@ 99@@ 22 ( Vietcombank )""}, {""type"": ""IPADDRESS"", ""start"": 23, ""end"": 55, ""text"": ""0 e@@ af : d 8@@ 92 : c@@ f 6 6@@ :1 263 : b@@ cc 5 : f 4 c 6 : d 6 f 4:@@ 6 a@@ 3@@ d""}, {""type"": ""PHONENUMBER"", ""start"": 59, ""end"": 65, ""text"": ""0@@ 39@@ 9@@ 09@@ 16@@ 30""}]","[{""type"": ""FIRSTNAME"", ""start"": 0, ""end"": 1, ""text"": ""Tuấn""}, {""type"": ""ACCOUNTNUMBER"", ""start"": 5, ""end"": 14, ""text"": ""0@@ 45@@ 1000@@ 88@@ 99@@ 22 ( Vietcombank )""}, {""type"": ""IPADDRESS"", ""start"": 23, ""end"": 55, ""text"": ""0 e@@ af : d 8@@ 92 : c@@ f 6 6@@ :1 263 : b@@ cc 5 : f 4 c 6 : d 6 f 4:@@ 6 a@@ 3@@ d""}, {""type"": ""PHONENUMBER"", ""start"": 59, ""end"": 65, ""text"": ""0@@ 39@@ 9@@ 09@@ 16@@ 30""}]",B-MIDDLENAME O O O O B-ACCOUNTNUMBER I-ACCOUNTNUMBER I-ACCOUNTNUMBER I-ACCOUNTNUMBER I-ACCOUNTNUMBER I-ACCOUNTNUMBER I-ACCOUNTNUMBER I-ACCOUNTNUMBER I-ACCOUNTNUMBER O O O O O O O O O B-IPADDRESS I-IPADDRESS I-IPADDRESS I-IPADDRESS I-IPADDRESS I-IPADDRESS I-IPADDRESS I-IPADDRESS I-IPADDRESS I-IPADDRESS I-IPADDRESS I-IPADDRESS I-IPADDRESS I-IPADDRESS I-IPADDRESS I-IPADDRESS I-IPADDRESS I-IPADDRESS I-IPADDRESS I-IPADDRESS I-IPADDRESS I-IPADDRESS I-IPADDRESS I-IPADDRESS I-IPADDRESS I-IPADDRESS I-IPADDRESS I-IPADDRESS I-IPADDRESS I-IPADDRESS I-IPADDRESS I-IPADDRESS O O O O B-PHONENUMBER I-PHONENUMBER I-PHONENUMBER I-PHONENUMBER I-PHONENUMBER I-PHONENUMBER O,B-FIRSTNAME O O O O B-ACCOUNTNUMBER I-ACCOUNTNUMBER I-ACCOUNTNUMBER I-ACCOUNTNUMBER I-ACCOUNTNUMBER I-ACCOUNTNUMBER I-ACCOUNTNUMBER I-ACCOUNTNUMBER I-ACCOUNTNUMBER O O O O O O O O O B-IPADDRESS I-IPADDRESS I-IPADDRESS I-IPADDRESS I-IPADDRESS I-IPADDRESS I-IPADDRESS I-IPADDRESS I-IPADDRESS I-IPADDRESS I-IPADDRESS I-IPADDRESS I-IPADDRESS I-IPADDRESS I-IPADDRESS I-IPADDRESS I-IPADDRESS I-IPADDRESS I-IPADDRESS I-IPADDRESS I-IPADDRESS I-IPADDRESS I-IPADDRESS I-IPADDRESS I-IPADDRESS I-IPADDRESS I-IPADDRESS I-IPADDRESS I-IPADDRESS I-IPADDRESS I-IPADDRESS I-IPADDRESS O O O O B-PHONENUMBER I-PHONENUMBER I-PHONENUMBER I-PHONENUMBER I-PHONENUMBER I-PHONENUMBER O,0.75,"[{""type"": ""MIDDLENAME"", ""start"": 0, ""end"": 1, ""text"": ""Tuấn""}, {""type"": ""ACCOUNTNUMBER"", ""start"": 5, ""end"": 14, ""text"": ""0@@ 45@@ 1000@@ 88@@ 99@@ 22 ( Vietcombank )""}, {""type"": ""IPADDRESS"", ""start"": 23, ""end"": 55, ""text"": ""0 e@@ af : d 8@@ 92 : c@@ f 6 6@@ :1 263 : b@@ cc 5 : f 4 c 6 : d 6 f 4:@@ 6 a@@ 3@@ d""}, {""type"": ""PHONENUMBER"", ""start"": 59, ""end"": 65, ""text"": ""0@@ 39@@ 9@@ 09@@ 16@@ 30""}]","[{""type"": ""FIRSTNAME"", ""start"": 0, ""end"": 1, ""text"": ""Tuấn""}, {""type"": ""ACCOUNTNUMBER"", ""start"": 5, ""end"": 14, ""text"": ""0@@ 45@@ 1000@@ 88@@ 99@@ 22 ( Vietcombank )""}, {""type"": ""IPADDRESS"", ""start"": 23, ""end"": 55, ""text"": ""0 e@@ af : d 8@@ 92 : c@@ f 6 6@@ :1 263 : b@@ cc 5 : f 4 c 6 : d 6 f 4:@@ 6 a@@ 3@@ d""}, {""type"": ""PHONENUMBER"", ""start"": 59, ""end"": 65, ""text"": ""0@@ 39@@ 9@@ 09@@ 16@@ 30""}]",B-MIDDLENAME O O O O B-ACCOUNTNUMBER I-ACCOUNTNUMBER I-ACCOUNTNUMBER I-ACCOUNTNUMBER I-ACCOUNTNUMBER I-ACCOUNTNUMBER I-ACCOUNTNUMBER I-ACCOUNTNUMBER I-ACCOUNTNUMBER O O O O O O O O O B-IPADDRESS I-IPADDRESS I-IPADDRESS I-IPADDRESS I-IPADDRESS I-IPADDRESS I-IPADDRESS I-IPADDRESS I-IPADDRESS I-IPADDRESS I-IPADDRESS I-IPADDRESS I-IPADDRESS I-IPADDRESS I-IPADDRESS I-IPADDRESS I-IPADDRESS I-IPADDRESS I-IPADDRESS I-IPADDRESS I-IPADDRESS I-IPADDRESS I-IPADDRESS I-IPADDRESS I-IPADDRESS I-IPADDRESS I-IPADDRESS I-IPADDRESS I-IPADDRESS I-IPADDRESS I-IPADDRESS I-IPADDRESS O O O O B-PHONENUMBER I-PHONENUMBER I-PHONENUMBER I-PHONENUMBER I-PHONENUMBER I-PHONENUMBER O,B-FIRSTNAME O O O O B-ACCOUNTNUMBER I-ACCOUNTNUMBER I-ACCOUNTNUMBER I-ACCOUNTNUMBER I-ACCOUNTNUMBER I-ACCOUNTNUMBER I-ACCOUNTNUMBER I-ACCOUNTNUMBER I-ACCOUNTNUMBER O O O O O O O O O B-IPADDRESS I-IPADDRESS I-IPADDRESS I-IPADDRESS I-IPADDRESS I-IPADDRESS I-IPADDRESS I-IPADDRESS I-IPADDRESS I-IPADDRESS I-IPADDRESS I-IPADDRESS I-IPADDRESS I-IPADDRESS I-IPADDRESS I-IPADDRESS I-IPADDRESS I-IPADDRESS I-IPADDRESS I-IPADDRESS I-IPADDRESS I-IPADDRESS I-IPADDRESS I-IPADDRESS I-IPADDRESS I-IPADDRESS I-IPADDRESS I-IPADDRESS I-IPADDRESS I-IPADDRESS I-IPADDRESS I-IPADDRESS O O O O B-PHONENUMBER I-PHONENUMBER I-PHONENUMBER I-PHONENUMBER I-PHONENUMBER I-PHONENUMBER O,0.75,"[{""type"": ""MIDDLENAME"", ""start"": 0, ""end"": 1, ""text"": ""▁Tuấn""}, {""type"": ""ACCOUNTNUMBER"", ""start"": 6, ""end"": 18, ""text"": ""▁0 45 1000 88 99 22 ▁( Vi et com bank )""}, {""type"": ""IPADDRESS"", ""start"": 31, ""end"": 62, ""text"": ""▁0 e af : d 89 2 : cf 66 :12 63 : b cc 5 : f 4 c 6 : d 6 f 4 : 6 a 3 d""}, {""type"": ""PHONENUMBER"", ""start"": 67, ""end"": 72, ""text"": ""▁03 99 09 16 30""}]","[{""type"": ""FIRSTNAME"", ""start"": 0, ""end"": 1, ""text"": ""▁Tuấn""}, {""type"": ""ACCOUNTNUMBER"", ""start"": 6, ""end"": 18, ""text"": ""▁0 45 1000 88 99 22 ▁( Vi et com bank )""}, {""type"": ""IPADDRESS"", ""start"": 31, ""end"": 62, ""text"": ""▁0 e af : d 89 2 : cf 66 :12 63 : b cc 5 : f 4 c 6 : d 6 f 4 : 6 a 3 d""}, {""type"": ""PHONENUMBER"", ""start"": 67, ""end"": 72, ""text"": ""▁03 99 09 16 30""}]",B-MIDDLENAME O O O O O B-ACCOUNTNUMBER I-ACCOUNTNUMBER I-ACCOUNTNUMBER I-ACCOUNTNUMBER I-ACCOUNTNUMBER I-ACCOUNTNUMBER I-ACCOUNTNUMBER I-ACCOUNTNUMBER I-ACCOUNTNUMBER I-ACCOUNTNUMBER I-ACCOUNTNUMBER I-ACCOUNTNUMBER O O O O O O O O O O O O O B-IPADDRESS I-IPADDRESS I-IPADDRESS I-IPADDRESS I-IPADDRESS I-IPADDRESS I-IPADDRESS I-IPADDRESS I-IPADDRESS I-IPADDRESS I-IPADDRESS I-IPADDRESS I-IPADDRESS I-IPADDRESS I-IPADDRESS I-IPADDRESS I-IPADDRESS I-IPADDRESS I-IPADDRESS I-IPADDRESS I-IPADDRESS I-IPADDRESS I-IPADDRESS I-IPADDRESS I-IPADDRESS I-IPADDRESS I-IPADDRESS I-IPADDRESS I-IPADDRESS I-IPADDRESS I-IPADDRESS O O O O O B-PHONENUMBER I-PHONENUMBER I-PHONENUMBER I-PHONENUMBER I-PHONENUMBER O,B-FIRSTNAME O O O O O B-ACCOUNTNUMBER I-ACCOUNTNUMBER I-ACCOUNTNUMBER I-ACCOUNTNUMBER I-ACCOUNTNUMBER I-ACCOUNTNUMBER I-ACCOUNTNUMBER I-ACCOUNTNUMBER I-ACCOUNTNUMBER I-ACCOUNTNUMBER I-ACCOUNTNUMBER I-ACCOUNTNUMBER O O O O O O O O O O O O O B-IPADDRESS I-IPADDRESS I-IPADDRESS I-IPADDRESS I-IPADDRESS I-IPADDRESS I-IPADDRESS I-IPADDRESS I-IPADDRESS I-IPADDRESS I-IPADDRESS I-IPADDRESS I-IPADDRESS I-IPADDRESS I-IPADDRESS I-IPADDRESS I-IPADDRESS I-IPADDRESS I-IPADDRESS I-IPADDRESS I-IPADDRESS I-IPADDRESS I-IPADDRESS I-IPADDRESS I-IPADDRESS I-IPADDRESS I-IPADDRESS I-IPADDRESS I-IPADDRESS I-IPADDRESS I-IPADDRESS O O O O O B-PHONENUMBER I-PHONENUMBER I-PHONENUMBER I-PHONENUMBER I-PHONENUMBER O
726,"Cảm ơn Yến đã tham gia Hội thảo Bác sĩ Thần kinh. Dựa trên vị trí của bạn, [-77.1843, -160.2737], chúng tôi gợi ý chuyến bay AC143, hướng Tây cho chuyến đi của bạn.",True,0.7499999999999999,"[{""type"": ""FIRSTNAME"", ""start"": 1, ""end"": 2, ""text"": ""Yến""}, {""type"": ""NEARBYGPSCOORDINATE"", ""start"": 14, ""end"": 26, ""text"": ""[ -@@ 7@@ 7.@@ 1843 , -@@ 16@@ 0.@@ 27@@ 37 ]""}, {""type"": ""ORDINALDIRECTION"", ""start"": 35, ""end"": 36, ""text"": ""Tây""}]","[{""type"": ""FIRSTNAME"", ""start"": 1, ""end"": 2, ""text"": ""Yến""}, {""type"": ""NEARBYGPSCOORDINATE"", ""start"": 14, ""end"": 26, ""text"": ""[ -@@ 7@@ 7.@@ 1843 , -@@ 16@@ 0.@@ 27@@ 37 ]""}, {""type"": ""HEIGHT"", ""start"": 31, ""end"": 32, ""text"": ""AC@@""}, {""type"": ""PIN"", ""start"": 32, ""end"": 33, ""text"": ""143""}, {""type"": ""ORDINALDIRECTION"", ""start"": 35, ""end"": 36, ""text"": ""Tây""}]",O B-FIRSTNAME O O O O O O O O O O O O B-NEARBYGPSCOORDINATE I-NEARBYGPSCOORDINATE I-NEARBYGPSCOORDINATE I-NEARBYGPSCOORDINATE I-NEARBYGPSCOORDINATE I-NEARBYGPSCOORDINATE I-NEARBYGPSCOORDINATE I-NEARBYGPSCOORDINATE I-NEARBYGPSCOORDINATE I-NEARBYGPSCOORDINATE I-NEARBYGPSCOORDINATE I-NEARBYGPSCOORDINATE O O O O O O O O O B-ORDINALDIRECTION O O O O O O,O B-FIRSTNAME O O O O O O O O O O O O B-NEARBYGPSCOORDINATE I-NEARBYGPSCOORDINATE I-NEARBYGPSCOORDINATE I-NEARBYGPSCOORDINATE I-NEARBYGPSCOORDINATE I-NEARBYGPSCOORDINATE I-NEARBYGPSCOORDINATE I-NEARBYGPSCOORDINATE I-NEARBYGPSCOORDINATE I-NEARBYGPSCOORDINATE I-NEARBYGPSCOORDINATE I-NEARBYGPSCOORDINATE O O O O O B-HEIGHT I-PIN O O B-ORDINALDIRECTION O O O O O O,0.8571428571428571,"[{""type"": ""FIRSTNAME"", ""start"": 1, ""end"": 2, ""text"": ""Yến""}, {""type"": ""NEARBYGPSCOORDINATE"", ""start"": 14, ""end"": 26, ""text"": ""[ -@@ 7@@ 7.@@ 1843 , -@@ 16@@ 0.@@ 27@@ 37 ]""}, {""type"": ""ORDINALDIRECTION"", ""start"": 35, ""end"": 36, ""text"": ""Tây""}]","[{""type"": ""FIRSTNAME"", ""start"": 1, ""end"": 2, ""text"": ""Yến""}, {""type"": ""NEARBYGPSCOORDINATE"", ""start"": 14, ""end"": 26, ""text"": ""[ -@@ 7@@ 7.@@ 1843 , -@@ 16@@ 0.@@ 27@@ 37 ]""}, {""type"": ""ZIPCODE"", ""start"": 31, ""end"": 33, ""text"": ""AC@@ 143""}, {""type"": ""ORDINALDIRECTION"", ""start"": 35, ""end"": 36, ""text"": ""Tây""}]",O B-FIRSTNAME O O O O O O O O O O O O B-NEARBYGPSCOORDINATE I-NEARBYGPSCOORDINATE I-NEARBYGPSCOORDINATE I-NEARBYGPSCOORDINATE I-NEARBYGPSCOORDINATE I-NEARBYGPSCOORDINATE I-NEARBYGPSCOORDINATE I-NEARBYGPSCOORDINATE I-NEARBYGPSCOORDINATE I-NEARBYGPSCOORDINATE I-NEARBYGPSCOORDINATE I-NEARBYGPSCOORDINATE O O O O O O O O O B-ORDINALDIRECTION O O O O O O,O B-FIRSTNAME O O O O O O O O O O O O B-NEARBYGPSCOORDINATE I-NEARBYGPSCOORDINATE I-NEARBYGPSCOORDINATE I-NEARBYGPSCOORDINATE I-NEARBYGPSCOORDINATE I-NEARBYGPSCOORDINATE I-NEARBYGPSCOORDINATE I-NEARBYGPSCOORDINATE I-NEARBYGPSCOORDINATE I-NEARBYGPSCOORDINATE I-NEARBYGPSCOORDINATE I-NEARBYGPSCOORDINATE O O O O O B-ZIPCODE I-ZIPCODE O O B-ORDINALDIRECTION O O O O O O,0.8571428571428571,"[{""type"": ""FIRSTNAME"", ""start"": 1, ""end"": 2, ""text"": ""Yến""}, {""type"": ""NEARBYGPSCOORDINATE"", ""start"": 14, ""end"": 26, ""text"": ""[ -@@ 7@@ 7.@@ 1843 , -@@ 16@@ 0.@@ 27@@ 37 ]""}, {""type"": ""ORDINALDIRECTION"", ""start"": 35, ""end"": 36, ""text"": ""Tây""}]","[{""type"": ""FIRSTNAME"", ""start"": 1, ""end"": 2, ""text"": ""Yến""}, {""type"": ""NEARBYGPSCOORDINATE"", ""start"": 14, ""end"": 26, ""text"": ""[ -@@ 7@@ 7.@@ 1843 , -@@ 16@@ 0.@@ 27@@ 37 ]""}, {""type"": ""VEHICLEVRM"", ""start"": 31, ""end"": 33, ""text"": ""AC@@ 143""}, {""type"": ""ORDINALDIRECTION"", ""start"": 35, ""end"": 36, ""text"": ""Tây""}]",O B-FIRSTNAME O O O O O O O O O O O O B-NEARBYGPSCOORDINATE I-NEARBYGPSCOORDINATE I-NEARBYGPSCOORDINATE I-NEARBYGPSCOORDINATE I-NEARBYGPSCOORDINATE I-NEARBYGPSCOORDINATE I-NEARBYGPSCOORDINATE I-NEARBYGPSCOORDINATE I-NEARBYGPSCOORDINATE I-NEARBYGPSCOORDINATE I-NEARBYGPSCOORDINATE I-NEARBYGPSCOORDINATE O O O O O O O O O B-ORDINALDIRECTION O O O O O O,O B-FIRSTNAME O O O O O O O O O O O O B-NEARBYGPSCOORDINATE I-NEARBYGPSCOORDINATE I-NEARBYGPSCOORDINATE I-NEARBYGPSCOORDINATE I-NEARBYGPSCOORDINATE I-NEARBYGPSCOORDINATE I-NEARBYGPSCOORDINATE I-NEARBYGPSCOORDINATE I-NEARBYGPSCOORDINATE I-NEARBYGPSCOORDINATE I-NEARBYGPSCOORDINATE I-NEARBYGPSCOORDINATE O O O O O B-VEHICLEVRM I-VEHICLEVRM O O B-ORDINALDIRECTION O O O O O O,0.8571428571428571,"[{""type"": ""FIRSTNAME"", ""start"": 2, ""end"": 4, ""text"": ""▁Y ến""}, {""type"": ""NEARBYGPSCOORDINATE"", ""start"": 22, ""end"": 34, ""text"": ""▁[ - 77 . 18 43 , ▁ -16 0.2 737 ]""}, {""type"": ""ORDINALDIRECTION"", ""start"": 45, ""end"": 46, ""text"": ""▁Tây""}]","[{""type"": ""FIRSTNAME"", ""start"": 2, ""end"": 4, ""text"": ""▁Y ến""}, {""type"": ""NEARBYGPSCOORDINATE"", ""start"": 22, ""end"": 34, ""text"": ""▁[ - 77 . 18 43 , ▁ -16 0.2 737 ]""}, {""type"": ""VEHICLEVRM"", ""start"": 41, ""end"": 43, ""text"": ""▁AC 143""}, {""type"": ""ORDINALDIRECTION"", ""start"": 45, ""end"": 46, ""text"": ""▁Tây""}]",O O B-FIRSTNAME I-FIRSTNAME O O O O O O O O O O O O O O O O O O B-NEARBYGPSCOORDINATE I-NEARBYGPSCOORDINATE I-NEARBYGPSCOORDINATE I-NEARBYGPSCOORDINATE I-NEARBYGPSCOORDINATE I-NEARBYGPSCOORDINATE I-NEARBYGPSCOORDINATE I-NEARBYGPSCOORDINATE I-NEARBYGPSCOORDINATE I-NEARBYGPSCOORDINATE I-NEARBYGPSCOORDINATE I-NEARBYGPSCOORDINATE O O O O O O O O O O O B-ORDINALDIRECTION O O O O O O,O O B-FIRSTNAME I-FIRSTNAME O O O O O O O O O O O O O O O O O O B-NEARBYGPSCOORDINATE I-NEARBYGPSCOORDINATE I-NEARBYGPSCOORDINATE I-NEARBYGPSCOORDINATE I-NEARBYGPSCOORDINATE I-NEARBYGPSCOORDINATE I-NEARBYGPSCOORDINATE I-NEARBYGPSCOORDINATE I-NEARBYGPSCOORDINATE I-NEARBYGPSCOORDINATE I-NEARBYGPSCOORDINATE I-NEARBYGPSCOORDINATE O O O O O O O B-VEHICLEVRM I-VEHICLEVRM O O B-ORDINALDIRECTION O O O O O O
735,"Phát hiện truy cập trái phép vào Email công ty vudao796@gmail.com vào lúc 9 giờ kém hai mươi. Địa chỉ IP được truy vết đến 12.71.165.192. Với tư cách là Lập trình viên, chúng ta cần giải quyết vấn đề này một cách kịp thời.",True,0.75,"[{""type"": ""EMAIL"", ""start"": 6, ""end"": 12, ""text"": ""vu@@ d@@ ao@@ 79@@ 6@@ @gmail.com""}, {""type"": ""TIME"", ""start"": 14, ""end"": 18, ""text"": ""9 giờ kém hai_mươi""}, {""type"": ""IPADDRESS"", ""start"": 25, ""end"": 32, ""text"": ""12 . 7@@ 1.@@ 16@@ 5.@@ 192""}, {""type"": ""JOBTYPE"", ""start"": 36, ""end"": 38, ""text"": ""Lập@@ _trình_viên""}]","[{""type"": ""EMAIL"", ""start"": 6, ""end"": 12, ""text"": ""vu@@ d@@ ao@@ 79@@ 6@@ @gmail.com""}, {""type"": ""TIME"", ""start"": 14, ""end"": 18, ""text"": ""9 giờ kém hai_mươi""}, {""type"": ""IPADDRESS"", ""start"": 25, ""end"": 32, ""text"": ""12 . 7@@ 1.@@ 16@@ 5.@@ 192""}, {""type"": ""JOBTITLE"", ""start"": 36, ""end"": 38, ""text"": ""Lập@@ _trình_viên""}]",O O O O O O B-EMAIL I-EMAIL I-EMAIL I-EMAIL I-EMAIL I-EMAIL O O B-TIME I-TIME I-TIME I-TIME O O O O O O O B-IPADDRESS I-IPADDRESS I-IPADDRESS I-IPADDRESS I-IPADDRESS I-IPADDRESS I-IPADDRESS O O O O B-JOBTYPE I-JOBTYPE O O O O O O O O O,O O O O O O B-EMAIL I-EMAIL I-EMAIL I-EMAIL I-EMAIL I-EMAIL O O B-TIME I-TIME I-TIME I-TIME O O O O O O O B-IPADDRESS I-IPADDRESS I-IPADDRESS I-IPADDRESS I-IPADDRESS I-IPADDRESS I-IPADDRESS O O O O B-JOBTITLE I-JOBTITLE O O O O O O O O O,0.75,"[{""type"": ""EMAIL"", ""start"": 6, ""end"": 12, ""text"": ""vu@@ d@@ ao@@ 79@@ 6@@ @gmail.com""}, {""type"": ""TIME"", ""start"": 14, ""end"": 18, ""text"": ""9 giờ kém hai_mươi""}, {""type"": ""IPADDRESS"", ""start"": 25, ""end"": 32, ""text"": ""12 . 7@@ 1.@@ 16@@ 5.@@ 192""}, {""type"": ""JOBTYPE"", ""start"": 36, ""end"": 38, ""text"": ""Lập@@ _trình_viên""}]","[{""type"": ""EMAIL"", ""start"": 6, ""end"": 12, ""text"": ""vu@@ d@@ ao@@ 79@@ 6@@ @gmail.com""}, {""type"": ""TIME"", ""start"": 14, ""end"": 18, ""text"": ""9 giờ kém hai_mươi""}, {""type"": ""IPADDRESS"", ""start"": 25, ""end"": 32, ""text"": ""12 . 7@@ 1.@@ 16@@ 5.@@ 192""}, {""type"": ""JOBTITLE"", ""start"": 36, ""end"": 38, ""text"": ""Lập@@ _trình_viên""}]",O O O O O O B-EMAIL I-EMAIL I-EMAIL I-EMAIL I-EMAIL I-EMAIL O O B-TIME I-TIME I-TIME I-TIME O O O O O O O B-IPADDRESS I-IPADDRESS I-IPADDRESS I-IPADDRESS I-IPADDRESS I-IPADDRESS I-IPADDRESS O O O O B-JOBTYPE I-JOBTYPE O O O O O O O O O,O O O O O O B-EMAIL I-EMAIL I-EMAIL I-EMAIL I-EMAIL I-EMAIL O O B-TIME I-TIME I-TIME I-TIME O O O O O O O B-IPADDRESS I-IPADDRESS I-IPADDRESS I-IPADDRESS I-IPADDRESS I-IPADDRESS I-IPADDRESS O O O O B-JOBTITLE I-JOBTITLE O O O O O O O O O,0.75,"[{""type"": ""EMAIL"", ""start"": 6, ""end"": 12, ""text"": ""vu@@ d@@ ao@@ 79@@ 6@@ @gmail.com""}, {""type"": ""TIME"", ""start"": 14, ""end"": 18, ""text"": ""9 giờ kém hai_mươi""}, {""type"": ""IPADDRESS"", ""start"": 25, ""end"": 32, ""text"": ""12 . 7@@ 1.@@ 16@@ 5.@@ 192""}, {""type"": ""JOBTYPE"", ""start"": 36, ""end"": 38, ""text"": ""Lập@@ _trình_viên""}]","[{""type"": ""EMAIL"", ""start"": 6, ""end"": 12, ""text"": ""vu@@ d@@ ao@@ 79@@ 6@@ @gmail.com""}, {""type"": ""TIME"", ""start"": 14, ""end"": 18, ""text"": ""9 giờ kém hai_mươi""}, {""type"": ""IPADDRESS"", ""start"": 25, ""end"": 32, ""text"": ""12 . 7@@ 1.@@ 16@@ 5.@@ 192""}, {""type"": ""JOBTITLE"", ""start"": 36, ""end"": 38, ""text"": ""Lập@@ _trình_viên""}]",O O O O O O B-EMAIL I-EMAIL I-EMAIL I-EMAIL I-EMAIL I-EMAIL O O B-TIME I-TIME I-TIME I-TIME O O O O O O O B-IPADDRESS I-IPADDRESS I-IPADDRESS I-IPADDRESS I-IPADDRESS I-IPADDRESS I-IPADDRESS O O O O B-JOBTYPE I-JOBTYPE O O O O O O O O O,O O O O O O B-EMAIL I-EMAIL I-EMAIL I-EMAIL I-EMAIL I-EMAIL O O B-TIME I-TIME I-TIME I-TIME O O O O O O O B-IPADDRESS I-IPADDRESS I-IPADDRESS I-IPADDRESS I-IPADDRESS I-IPADDRESS I-IPADDRESS O O O O B-JOBTITLE I-JOBTITLE O O O O O O O O O,0.75,"[{""type"": ""EMAIL"", ""start"": 10, ""end"": 19, ""text"": ""▁v uda o 7 96 @ gmail . com""}, {""type"": ""TIME"", ""start"": 21, ""end"": 26, ""text"": ""▁9 ▁giờ ▁kém ▁hai ▁mươi""}, {""type"": ""IPADDRESS"", ""start"": 34, ""end"": 41, ""text"": ""▁12. 71 . 165 . 19 2.""}, {""type"": ""JOBTYPE"", ""start"": 45, ""end"": 48, ""text"": ""▁Lập ▁trình ▁viên""}]","[{""type"": ""EMAIL"", ""start"": 10, ""end"": 19, ""text"": ""▁v uda o 7 96 @ gmail . com""}, {""type"": ""TIME"", ""start"": 21, ""end"": 26, ""text"": ""▁9 ▁giờ ▁kém ▁hai ▁mươi""}, {""type"": ""IPADDRESS"", ""start"": 34, ""end"": 41, ""text"": ""▁12. 71 . 165 . 19 2.""}, {""type"": ""JOBTITLE"", ""start"": 45, ""end"": 48, ""text"": ""▁Lập ▁trình ▁viên""}]",O O O O O O O O O O B-EMAIL I-EMAIL I-EMAIL I-EMAIL I-EMAIL I-EMAIL I-EMAIL I-EMAIL I-EMAIL O O B-TIME I-TIME I-TIME I-TIME I-TIME O O O O O O O O B-IPADDRESS I-IPADDRESS I-IPADDRESS I-IPADDRESS I-IPADDRESS I-IPADDRESS I-IPADDRESS O O O O B-JOBTYPE I-JOBTYPE I-JOBTYPE O O O O O O O O O O O O O O,O O O O O O O O O O B-EMAIL I-EMAIL I-EMAIL I-EMAIL I-EMAIL I-EMAIL I-EMAIL I-EMAIL I-EMAIL O O B-TIME I-TIME I-TIME I-TIME I-TIME O O O O O O O O B-IPADDRESS I-IPADDRESS I-IPADDRESS I-IPADDRESS I-IPADDRESS I-IPADDRESS I-IPADDRESS O O O O B-JOBTITLE I-JOBTITLE I-JOBTITLE O O O O O O O O O O O O O O
762,Tôi cần tư vấn pháp lý về một thỏa thuận thương mại được ghi nhận vào ngày 05/08/1989 lúc 21:38 GMT từ một địa chỉ IP nằm ở 56.96.146.135.,True,0.28571428571428575,"[{""type"": ""DATE"", ""start"": 12, ""end"": 15, ""text"": ""05/@@ 08/@@ 1989""}, {""type"": ""TIME"", ""start"": 16, ""end"": 18, ""text"": ""21:@@ 38""}, {""type"": ""IPADDRESS"", ""start"": 25, ""end"": 32, ""text"": ""56 . 9@@ 6.@@ 14@@ 6.@@ 135""}]","[{""type"": ""DATE"", ""start"": 12, ""end"": 13, ""text"": ""05/@@""}, {""type"": ""DOB"", ""start"": 13, ""end"": 15, ""text"": ""08/@@ 1989""}, {""type"": ""TIME"", ""start"": 16, ""end"": 19, ""text"": ""21:@@ 38 GMT""}, {""type"": ""IPADDRESS"", ""start"": 25, ""end"": 32, ""text"": ""56 . 9@@ 6.@@ 14@@ 6.@@ 135""}]",O O O O O O O O O O O O B-DATE I-DATE I-DATE O B-TIME I-TIME O O O O O O O B-IPADDRESS I-IPADDRESS I-IPADDRESS I-IPADDRESS I-IPADDRESS I-IPADDRESS I-IPADDRESS O,O O O O O O O O O O O O B-DATE I-DOB I-DOB O B-TIME I-TIME I-TIME O O O O O O B-IPADDRESS I-IPADDRESS I-IPADDRESS I-IPADDRESS I-IPADDRESS I-IPADDRESS I-IPADDRESS O,0.6666666666666666,"[{""type"": ""DATE"", ""start"": 12, ""end"": 15, ""text"": ""05/@@ 08/@@ 1989""}, {""type"": ""TIME"", ""start"": 16, ""end"": 18, ""text"": ""21:@@ 38""}, {""type"": ""IPADDRESS"", ""start"": 25, ""end"": 32, ""text"": ""56 . 9@@ 6.@@ 14@@ 6.@@ 135""}]","[{""type"": ""DATE"", ""start"": 12, ""end"": 15, ""text"": ""05/@@ 08/@@ 1989""}, {""type"": ""TIME"", ""start"": 16, ""end"": 19, ""text"": ""21:@@ 38 GMT""}, {""type"": ""IPADDRESS"", ""start"": 25, ""end"": 32, ""text"": ""56 . 9@@ 6.@@ 14@@ 6.@@ 135""}]",O O O O O O O O O O O O B-DATE I-DATE I-DATE O B-TIME I-TIME O O O O O O O B-IPADDRESS I-IPADDRESS I-IPADDRESS I-IPADDRESS I-IPADDRESS I-IPADDRESS I-IPADDRESS O,O O O O O O O O O O O O B-DATE I-DATE I-DATE O B-TIME I-TIME I-TIME O O O O O O B-IPADDRESS I-IPADDRESS I-IPADDRESS I-IPADDRESS I-IPADDRESS I-IPADDRESS I-IPADDRESS O,0.6666666666666666,"[{""type"": ""DATE"", ""start"": 12, ""end"": 15, ""text"": ""05/@@ 08/@@ 1989""}, {""type"": ""TIME"", ""start"": 16, ""end"": 18, ""text"": ""21:@@ 38""}, {""type"": ""IPADDRESS"", ""start"": 25, ""end"": 32, ""text"": ""56 . 9@@ 6.@@ 14@@ 6.@@ 135""}]","[{""type"": ""DATE"", ""start"": 12, ""end"": 15, ""text"": ""05/@@ 08/@@ 1989""}, {""type"": ""TIME"", ""start"": 16, ""end"": 19, ""text"": ""21:@@ 38 GMT""}, {""type"": ""IPADDRESS"", ""start"": 25, ""end"": 32, ""text"": ""56 . 9@@ 6.@@ 14@@ 6.@@ 135""}]",O O O O O O O O O O O O B-DATE I-DATE I-DATE O B-TIME I-TIME O O O O O O O B-IPADDRESS I-IPADDRESS I-IPADDRESS I-IPADDRESS I-IPADDRESS I-IPADDRESS I-IPADDRESS O,O O O O O O O O O O O O B-DATE I-DATE I-DATE O B-TIME I-TIME I-TIME O O O O O O B-IPADDRESS I-IPADDRESS I-IPADDRESS I-IPADDRESS I-IPADDRESS I-IPADDRESS I-IPADDRESS O,0.6666666666666666,"[{""type"": ""DATE"", ""start"": 17, ""end"": 21, ""text"": ""▁05 /08 / 1989""}, {""type"": ""TIME"", ""start"": 22, ""end"": 24, ""text"": ""▁21 :38""}, {""type"": ""IPADDRESS"", ""start"": 32, ""end"": 39, ""text"": ""▁56 . 96 . 146 . 135""}]","[{""type"": ""DATE"", ""start"": 17, ""end"": 21, ""text"": ""▁05 /08 / 1989""}, {""type"": ""TIME"", ""start"": 22, ""end"": 25, ""text"": ""▁21 :38 ▁GMT""}, {""type"": ""IPADDRESS"", ""start"": 32, ""end"": 39, ""text"": ""▁56 . 96 . 146 . 135""}]",O O O O O O O O O O O O O O O O O B-DATE I-DATE I-DATE I-DATE O B-TIME I-TIME O O O O O O O O B-IPADDRESS I-IPADDRESS I-IPADDRESS I-IPADDRESS I-IPADDRESS I-IPADDRESS I-IPADDRESS O,O O O O O O O O O O O O O O O O O B-DATE I-DATE I-DATE I-DATE O B-TIME I-TIME I-TIME O O O O O O O B-IPADDRESS I-IPADDRESS I-IPADDRESS I-IPADDRESS I-IPADDRESS I-IPADDRESS I-IPADDRESS O
770,Một học bổng mới được phát triển cho bệnh nhân già đã được thực hiện bởi Quận 1. Xin tìm hiểu thêm thông tin tại https://grimy-duck.org/. Xin thông báo đến bệnh nhân của mình. Tiền tệ phải gửi đến 100015995111 (VietinBank) với mật khẩu ZoomMeetingID.,True,0.75,"[{""type"": ""COMPANYNAME"", ""start"": 12, ""end"": 14, ""text"": ""Quận 1""}, {""type"": ""URL"", ""start"": 20, ""end"": 30, ""text"": ""htt@@ ps@@ ://@@ gri@@ m@@ y-@@ du@@ ck@@ .org@@ /.""}, {""type"": ""ACCOUNTNUMBER"", ""start"": 42, ""end"": 50, ""text"": ""1000@@ 15@@ 99@@ 5@@ 111 ( VietinBank )""}, {""type"": ""PASSWORD"", ""start"": 52, ""end"": 57, ""text"": ""Zoo@@ m@@ Mee@@ ting@@ ID""}]","[{""type"": ""COUNTY"", ""start"": 12, ""end"": 14, ""text"": ""Quận 1""}, {""type"": ""URL"", ""start"": 20, ""end"": 30, ""text"": ""htt@@ ps@@ ://@@ gri@@ m@@ y-@@ du@@ ck@@ .org@@ /.""}, {""type"": ""ACCOUNTNUMBER"", ""start"": 42, ""end"": 50, ""text"": ""1000@@ 15@@ 99@@ 5@@ 111 ( VietinBank )""}, {""type"": ""PASSWORD"", ""start"": 52, ""end"": 57, ""text"": ""Zoo@@ m@@ Mee@@ ting@@ ID""}]",O O O O O O O O O O O O B-COMPANYNAME I-COMPANYNAME O O O O O O B-URL I-URL I-URL I-URL I-URL I-URL I-URL I-URL I-URL I-URL O O O O O O O O O O O O B-ACCOUNTNUMBER I-ACCOUNTNUMBER I-ACCOUNTNUMBER I-ACCOUNTNUMBER I-ACCOUNTNUMBER I-ACCOUNTNUMBER I-ACCOUNTNUMBER I-ACCOUNTNUMBER O O B-PASSWORD I-PASSWORD I-PASSWORD I-PASSWORD I-PASSWORD O,O O O O O O O O O O O O B-COUNTY I-COUNTY O O O O O O B-URL I-URL I-URL I-URL I-URL I-URL I-URL I-URL I-URL I-URL O O O O O O O O O O O O B-ACCOUNTNUMBER I-ACCOUNTNUMBER I-ACCOUNTNUMBER I-ACCOUNTNUMBER I-ACCOUNTNUMBER I-ACCOUNTNUMBER I-ACCOUNTNUMBER I-ACCOUNTNUMBER O O B-PASSWORD I-PASSWORD I-PASSWORD I-PASSWORD I-PASSWORD O,0.75,"[{""type"": ""COMPANYNAME"", ""start"": 12, ""end"": 14, ""text"": ""Quận 1""}, {""type"": ""URL"", ""start"": 20, ""end"": 30, ""text"": ""htt@@ ps@@ ://@@ gri@@ m@@ y-@@ du@@ ck@@ .org@@ /.""}, {""type"": ""ACCOUNTNUMBER"", ""start"": 42, ""end"": 50, ""text"": ""1000@@ 15@@ 99@@ 5@@ 111 ( VietinBank )""}, {""type"": ""PASSWORD"", ""start"": 52, ""end"": 57, ""text"": ""Zoo@@ m@@ Mee@@ ting@@ ID""}]","[{""type"": ""COUNTY"", ""start"": 12, ""end"": 14, ""text"": ""Quận 1""}, {""type"": ""URL"", ""start"": 20, ""end"": 30, ""text"": ""htt@@ ps@@ ://@@ gri@@ m@@ y-@@ du@@ ck@@ .org@@ /.""}, {""type"": ""ACCOUNTNUMBER"", ""start"": 42, ""end"": 50, ""text"": ""1000@@ 15@@ 99@@ 5@@ 111 ( VietinBank )""}, {""type"": ""PASSWORD"", ""start"": 52, ""end"": 57, ""text"": ""Zoo@@ m@@ Mee@@ ting@@ ID""}]",O O O O O O O O O O O O B-COMPANYNAME I-COMPANYNAME O O O O O O B-URL I-URL I-URL I-URL I-URL I-URL I-URL I-URL I-URL I-URL O O O O O O O O O O O O B-ACCOUNTNUMBER I-ACCOUNTNUMBER I-ACCOUNTNUMBER I-ACCOUNTNUMBER I-ACCOUNTNUMBER I-ACCOUNTNUMBER I-ACCOUNTNUMBER I-ACCOUNTNUMBER O O B-PASSWORD I-PASSWORD I-PASSWORD I-PASSWORD I-PASSWORD O,O O O O O O O O O O O O B-COUNTY I-COUNTY O O O O O O B-URL I-URL I-URL I-URL I-URL I-URL I-URL I-URL I-URL I-URL O O O O O O O O O O O O B-ACCOUNTNUMBER I-ACCOUNTNUMBER I-ACCOUNTNUMBER I-ACCOUNTNUMBER I-ACCOUNTNUMBER I-ACCOUNTNUMBER I-ACCOUNTNUMBER I-ACCOUNTNUMBER O O B-PASSWORD I-PASSWORD I-PASSWORD I-PASSWORD I-PASSWORD O,0.75,"[{""type"": ""COMPANYNAME"", ""start"": 12, ""end"": 14, ""text"": ""Quận 1""}, {""type"": ""URL"", ""start"": 20, ""end"": 30, ""text"": ""htt@@ ps@@ ://@@ gri@@ m@@ y-@@ du@@ ck@@ .org@@ /.""}, {""type"": ""ACCOUNTNUMBER"", ""start"": 42, ""end"": 50, ""text"": ""1000@@ 15@@ 99@@ 5@@ 111 ( VietinBank )""}, {""type"": ""PASSWORD"", ""start"": 52, ""end"": 57, ""text"": ""Zoo@@ m@@ Mee@@ ting@@ ID""}]","[{""type"": ""COUNTY"", ""start"": 12, ""end"": 14, ""text"": ""Quận 1""}, {""type"": ""URL"", ""start"": 20, ""end"": 30, ""text"": ""htt@@ ps@@ ://@@ gri@@ m@@ y-@@ du@@ ck@@ .org@@ /.""}, {""type"": ""ACCOUNTNUMBER"", ""start"": 42, ""end"": 50, ""text"": ""1000@@ 15@@ 99@@ 5@@ 111 ( VietinBank )""}, {""type"": ""PASSWORD"", ""start"": 52, ""end"": 57, ""text"": ""Zoo@@ m@@ Mee@@ ting@@ ID""}]",O O O O O O O O O O O O B-COMPANYNAME I-COMPANYNAME O O O O O O B-URL I-URL I-URL I-URL I-URL I-URL I-URL I-URL I-URL I-URL O O O O O O O O O O O O B-ACCOUNTNUMBER I-ACCOUNTNUMBER I-ACCOUNTNUMBER I-ACCOUNTNUMBER I-ACCOUNTNUMBER I-ACCOUNTNUMBER I-ACCOUNTNUMBER I-ACCOUNTNUMBER O O B-PASSWORD I-PASSWORD I-PASSWORD I-PASSWORD I-PASSWORD O,O O O O O O O O O O O O B-COUNTY I-COUNTY O O O O O O B-URL I-URL I-URL I-URL I-URL I-URL I-URL I-URL I-URL I-URL O O O O O O O O O O O O B-ACCOUNTNUMBER I-ACCOUNTNUMBER I-ACCOUNTNUMBER I-ACCOUNTNUMBER I-ACCOUNTNUMBER I-ACCOUNTNUMBER I-ACCOUNTNUMBER I-ACCOUNTNUMBER O O B-PASSWORD I-PASSWORD I-PASSWORD I-PASSWORD I-PASSWORD O,0.75,"[{""type"": ""COMPANYNAME"", ""start"": 16, ""end"": 18, ""text"": ""▁Quận ▁1.""}, {""type"": ""URL"", ""start"": 25, ""end"": 35, ""text"": ""▁https :// grim y - du ck . org /""}, {""type"": ""ACCOUNTNUMBER"", ""start"": 50, ""end"": 59, ""text"": ""▁1000 15 995 111 ▁( Vi etin Bank )""}, {""type"": ""PASSWORD"", ""start"": 62, ""end"": 67, ""text"": ""▁Zoom Me e ting ID""}]","[{""type"": ""COUNTY"", ""start"": 16, ""end"": 18, ""text"": ""▁Quận ▁1.""}, {""type"": ""URL"", ""start"": 25, ""end"": 35, ""text"": ""▁https :// grim y - du ck . org /""}, {""type"": ""ACCOUNTNUMBER"", ""start"": 50, ""end"": 59, ""text"": ""▁1000 15 995 111 ▁( Vi etin Bank )""}, {""type"": ""PASSWORD"", ""start"": 62, ""end"": 67, ""text"": ""▁Zoom Me e ting ID""}]",O O O O O O O O O O O O O O O O B-COMPANYNAME I-COMPANYNAME O O O O O O O B-URL I-URL I-URL I-URL I-URL I-URL I-URL I-URL I-URL I-URL O O O O O O O O O O O O O O O B-ACCOUNTNUMBER I-ACCOUNTNUMBER I-ACCOUNTNUMBER I-ACCOUNTNUMBER I-ACCOUNTNUMBER I-ACCOUNTNUMBER I-ACCOUNTNUMBER I-ACCOUNTNUMBER I-ACCOUNTNUMBER O O O B-PASSWORD I-PASSWORD I-PASSWORD I-PASSWORD I-PASSWORD O,O O O O O O O O O O O O O O O O B-COUNTY I-COUNTY O O O O O O O B-URL I-URL I-URL I-URL I-URL I-URL I-URL I-URL I-URL I-URL O O O O O O O O O O O O O O O B-ACCOUNTNUMBER I-ACCOUNTNUMBER I-ACCOUNTNUMBER I-ACCOUNTNUMBER I-ACCOUNTNUMBER I-ACCOUNTNUMBER I-ACCOUNTNUMBER I-ACCOUNTNUMBER I-ACCOUNTNUMBER O O O B-PASSWORD I-PASSWORD I-PASSWORD I-PASSWORD I-PASSWORD O
776,Chúng tôi đang tổ chức một buổi học kỹ năng sống miễn phí tại Thời trang vào ngày 04/04/1953 lúc 7 giờ tối. Hãy đảm bảo chỗ của bạn bằng cách nhấp vào liên kết đã gửi đến Fixed Deposit Account.,True,0.75,"[{""type"": ""JOBAREA"", ""start"": 10, ""end"": 11, ""text"": ""Thời_trang""}, {""type"": ""DOB"", ""start"": 13, ""end"": 16, ""text"": ""04/@@ 04/@@ 1953""}, {""type"": ""TIME"", ""start"": 17, ""end"": 20, ""text"": ""7 giờ tối""}, {""type"": ""ACCOUNTNAME"", ""start"": 34, ""end"": 42, ""text"": ""Fi@@ xe@@ d_@@ De@@ pos@@ it_@@ Ac@@ count""}]","[{""type"": ""JOBAREA"", ""start"": 10, ""end"": 11, ""text"": ""Thời_trang""}, {""type"": ""DATE"", ""start"": 13, ""end"": 16, ""text"": ""04/@@ 04/@@ 1953""}, {""type"": ""TIME"", ""start"": 17, ""end"": 20, ""text"": ""7 giờ tối""}, {""type"": ""ACCOUNTNAME"", ""start"": 34, ""end"": 42, ""text"": ""Fi@@ xe@@ d_@@ De@@ pos@@ it_@@ Ac@@ count""}]",O O O O O O O O O O B-JOBAREA O O B-DOB I-DOB I-DOB O B-TIME I-TIME I-TIME O O O O O O O O O O O O O O B-ACCOUNTNAME I-ACCOUNTNAME I-ACCOUNTNAME I-ACCOUNTNAME I-ACCOUNTNAME I-ACCOUNTNAME I-ACCOUNTNAME I-ACCOUNTNAME O,O O O O O O O O O O B-JOBAREA O O B-DATE I-DATE I-DATE O B-TIME I-TIME I-TIME O O O O O O O O O O O O O O B-ACCOUNTNAME I-ACCOUNTNAME I-ACCOUNTNAME I-ACCOUNTNAME I-ACCOUNTNAME I-ACCOUNTNAME I-ACCOUNTNAME I-ACCOUNTNAME O,0.75,"[{""type"": ""JOBAREA"", ""start"": 10, ""end"": 11, ""text"": ""Thời_trang""}, {""type"": ""DOB"", ""start"": 13, ""end"": 16, ""text"": ""04/@@ 04/@@ 1953""}, {""type"": ""TIME"", ""start"": 17, ""end"": 20, ""text"": ""7 giờ tối""}, {""type"": ""ACCOUNTNAME"", ""start"": 34, ""end"": 42, ""text"": ""Fi@@ xe@@ d_@@ De@@ pos@@ it_@@ Ac@@ count""}]","[{""type"": ""JOBAREA"", ""start"": 10, ""end"": 11, ""text"": ""Thời_trang""}, {""type"": ""DATE"", ""start"": 13, ""end"": 16, ""text"": ""04/@@ 04/@@ 1953""}, {""type"": ""TIME"", ""start"": 17, ""end"": 20, ""text"": ""7 giờ tối""}, {""type"": ""ACCOUNTNAME"", ""start"": 34, ""end"": 42, ""text"": ""Fi@@ xe@@ d_@@ De@@ pos@@ it_@@ Ac@@ count""}]",O O O O O O O O O O B-JOBAREA O O B-DOB I-DOB I-DOB O B-TIME I-TIME I-TIME O O O O O O O O O O O O O O B-ACCOUNTNAME I-ACCOUNTNAME I-ACCOUNTNAME I-ACCOUNTNAME I-ACCOUNTNAME I-ACCOUNTNAME I-ACCOUNTNAME I-ACCOUNTNAME O,O O O O O O O O O O B-JOBAREA O O B-DATE I-DATE I-DATE O B-TIME I-TIME I-TIME O O O O O O O O O O O O O O B-ACCOUNTNAME I-ACCOUNTNAME I-ACCOUNTNAME I-ACCOUNTNAME I-ACCOUNTNAME I-ACCOUNTNAME I-ACCOUNTNAME I-ACCOUNTNAME O,0.75,"[{""type"": ""JOBAREA"", ""start"": 10, ""end"": 11, ""text"": ""Thời_trang""}, {""type"": ""DOB"", ""start"": 13, ""end"": 16, ""text"": ""04/@@ 04/@@ 1953""}, {""type"": ""TIME"", ""start"": 17, ""end"": 20, ""text"": ""7 giờ tối""}, {""type"": ""ACCOUNTNAME"", ""start"": 34, ""end"": 42, ""text"": ""Fi@@ xe@@ d_@@ De@@ pos@@ it_@@ Ac@@ count""}]","[{""type"": ""JOBAREA"", ""start"": 10, ""end"": 11, ""text"": ""Thời_trang""}, {""type"": ""DATE"", ""start"": 13, ""end"": 16, ""text"": ""04/@@ 04/@@ 1953""}, {""type"": ""TIME"", ""start"": 17, ""end"": 20, ""text"": ""7 giờ tối""}, {""type"": ""ACCOUNTNAME"", ""start"": 34, ""end"": 42, ""text"": ""Fi@@ xe@@ d_@@ De@@ pos@@ it_@@ Ac@@ count""}]",O O O O O O O O O O B-JOBAREA O O B-DOB I-DOB I-DOB O B-TIME I-TIME I-TIME O O O O O O O O O O O O O O B-ACCOUNTNAME I-ACCOUNTNAME I-ACCOUNTNAME I-ACCOUNTNAME I-ACCOUNTNAME I-ACCOUNTNAME I-ACCOUNTNAME I-ACCOUNTNAME O,O O O O O O O O O O B-JOBAREA O O B-DATE I-DATE I-DATE O B-TIME I-TIME I-TIME O O O O O O O O O O O O O O B-ACCOUNTNAME I-ACCOUNTNAME I-ACCOUNTNAME I-ACCOUNTNAME I-ACCOUNTNAME I-ACCOUNTNAME I-ACCOUNTNAME I-ACCOUNTNAME O,0.75,"[{""type"": ""JOBAREA"", ""start"": 14, ""end"": 16, ""text"": ""▁Thời ▁trang""}, {""type"": ""DOB"", ""start"": 18, ""end"": 21, ""text"": ""▁04 /04/ 1953""}, {""type"": ""TIME"", ""start"": 22, ""end"": 25, ""text"": ""▁7 ▁giờ ▁tối""}, {""type"": ""ACCOUNTNAME"", ""start"": 43, ""end"": 47, ""text"": ""▁Fix ed ▁Deposit ▁Account""}]","[{""type"": ""JOBAREA"", ""start"": 14, ""end"": 16, ""text"": ""▁Thời ▁trang""}, {""type"": ""DATE"", ""start"": 18, ""end"": 21, ""text"": ""▁04 /04/ 1953""}, {""type"": ""TIME"", ""start"": 22, ""end"": 25, ""text"": ""▁7 ▁giờ ▁tối""}, {""type"": ""ACCOUNTNAME"", ""start"": 43, ""end"": 47, ""text"": ""▁Fix ed ▁Deposit ▁Account""}]",O O O O O O O O O O O O O O B-JOBAREA I-JOBAREA O O B-DOB I-DOB I-DOB O B-TIME I-TIME I-TIME O O O O O O O O O O O O O O O O O O B-ACCOUNTNAME I-ACCOUNTNAME I-ACCOUNTNAME I-ACCOUNTNAME O,O O O O O O O O O O O O O O B-JOBAREA I-JOBAREA O O B-DATE I-DATE I-DATE O B-TIME I-TIME I-TIME O O O O O O O O O O O O O O O O O O B-ACCOUNTNAME I-ACCOUNTNAME I-ACCOUNTNAME I-ACCOUNTNAME O
788,"Phối hợp Nhân viên văn phòng: Toby_Nienow, hướng dẫn sử dụng SongVuiMoiNgay để truy cập vào hệ sinh thái quản lý nhà cung cấp.",True,0.6666666666666666,"[{""type"": ""JOBTYPE"", ""start"": 1, ""end"": 3, ""text"": ""Nhân_viên văn_phòng""}, {""type"": ""USERNAME"", ""start"": 4, ""end"": 10, ""text"": ""To@@ by _ Ni@@ eno@@ w""}, {""type"": ""PASSWORD"", ""start"": 13, ""end"": 19, ""text"": ""Song@@ Vu@@ i@@ Mo@@ i@@ Ngay""}]","[{""type"": ""JOBTITLE"", ""start"": 1, ""end"": 3, ""text"": ""Nhân_viên văn_phòng""}, {""type"": ""USERNAME"", ""start"": 4, ""end"": 10, ""text"": ""To@@ by _ Ni@@ eno@@ w""}, {""type"": ""PASSWORD"", ""start"": 13, ""end"": 19, ""text"": ""Song@@ Vu@@ i@@ Mo@@ i@@ Ngay""}]",O B-JOBTYPE I-JOBTYPE O B-USERNAME I-USERNAME I-USERNAME I-USERNAME I-USERNAME I-USERNAME O O O B-PASSWORD I-PASSWORD I-PASSWORD I-PASSWORD I-PASSWORD I-PASSWORD O O O O O O O,O B-JOBTITLE I-JOBTITLE O B-USERNAME I-USERNAME I-USERNAME I-USERNAME I-USERNAME I-USERNAME O O O B-PASSWORD I-PASSWORD I-PASSWORD I-PASSWORD I-PASSWORD I-PASSWORD O O O O O O O,0.6666666666666666,"[{""type"": ""JOBTYPE"", ""start"": 1, ""end"": 3, ""text"": ""Nhân_viên văn_phòng""}, {""type"": ""USERNAME"", ""start"": 4, ""end"": 10, ""text"": ""To@@ by _ Ni@@ eno@@ w""}, {""type"": ""PASSWORD"", ""start"": 13, ""end"": 19, ""text"": ""Song@@ Vu@@ i@@ Mo@@ i@@ Ngay""}]","[{""type"": ""JOBTITLE"", ""start"": 1, ""end"": 3, ""text"": ""Nhân_viên văn_phòng""}, {""type"": ""USERNAME"", ""start"": 4, ""end"": 10, ""text"": ""To@@ by _ Ni@@ eno@@ w""}, {""type"": ""PASSWORD"", ""start"": 13, ""end"": 19, ""text"": ""Song@@ Vu@@ i@@ Mo@@ i@@ Ngay""}]",O B-JOBTYPE I-JOBTYPE O B-USERNAME I-USERNAME I-USERNAME I-USERNAME I-USERNAME I-USERNAME O O O B-PASSWORD I-PASSWORD I-PASSWORD I-PASSWORD I-PASSWORD I-PASSWORD O O O O O O O,O B-JOBTITLE I-JOBTITLE O B-USERNAME I-USERNAME I-USERNAME I-USERNAME I-USERNAME I-USERNAME O O O B-PASSWORD I-PASSWORD I-PASSWORD I-PASSWORD I-PASSWORD I-PASSWORD O O O O O O O,0.6666666666666666,"[{""type"": ""JOBTYPE"", ""start"": 1, ""end"": 3, ""text"": ""Nhân_viên văn_phòng""}, {""type"": ""USERNAME"", ""start"": 4, ""end"": 10, ""text"": ""To@@ by _ Ni@@ eno@@ w""}, {""type"": ""PASSWORD"", ""start"": 13, ""end"": 19, ""text"": ""Song@@ Vu@@ i@@ Mo@@ i@@ Ngay""}]","[{""type"": ""JOBTITLE"", ""start"": 1, ""end"": 3, ""text"": ""Nhân_viên văn_phòng""}, {""type"": ""USERNAME"", ""start"": 4, ""end"": 10, ""text"": ""To@@ by _ Ni@@ eno@@ w""}, {""type"": ""PASSWORD"", ""start"": 13, ""end"": 19, ""text"": ""Song@@ Vu@@ i@@ Mo@@ i@@ Ngay""}]",O B-JOBTYPE I-JOBTYPE O B-USERNAME I-USERNAME I-USERNAME I-USERNAME I-USERNAME I-USERNAME O O O B-PASSWORD I-PASSWORD I-PASSWORD I-PASSWORD I-PASSWORD I-PASSWORD O O O O O O O,O B-JOBTITLE I-JOBTITLE O B-USERNAME I-USERNAME I-USERNAME I-USERNAME I-USERNAME I-USERNAME O O O B-PASSWORD I-PASSWORD I-PASSWORD I-PASSWORD I-PASSWORD I-PASSWORD O O O O O O O,0.6666666666666666,"[{""type"": ""JOBTYPE"", ""start"": 3, ""end"": 7, ""text"": ""▁Nhân ▁viên ▁văn ▁phòng""}, {""type"": ""USERNAME"", ""start"": 8, ""end"": 13, ""text"": ""▁To by _ Nie now""}, {""type"": ""PASSWORD"", ""start"": 18, ""end"": 25, ""text"": ""▁Song V ui Mo i N gay""}]","[{""type"": ""JOBTITLE"", ""start"": 3, ""end"": 7, ""text"": ""▁Nhân ▁viên ▁văn ▁phòng""}, {""type"": ""USERNAME"", ""start"": 8, ""end"": 13, ""text"": ""▁To by _ Nie now""}, {""type"": ""PASSWORD"", ""start"": 18, ""end"": 25, ""text"": ""▁Song V ui Mo i N gay""}]",O O O B-JOBTYPE I-JOBTYPE I-JOBTYPE I-JOBTYPE O B-USERNAME I-USERNAME I-USERNAME I-USERNAME I-USERNAME O O O O O B-PASSWORD I-PASSWORD I-PASSWORD I-PASSWORD I-PASSWORD I-PASSWORD I-PASSWORD O O O O O O O O O O O O O,O O O B-JOBTITLE I-JOBTITLE I-JOBTITLE I-JOBTITLE O B-USERNAME I-USERNAME I-USERNAME I-USERNAME I-USERNAME O O O O O B-PASSWORD I-PASSWORD I-PASSWORD I-PASSWORD I-PASSWORD I-PASSWORD I-PASSWORD O O O O O O O O O O O O O
817,"Quý Phó phòng bạn, có xảy ra vấn đề tiềm tại với hệ thống IP của chúng tôi - Thành tích đã được thực hiện beneath địp 7c2b:2019:ce4b:3459:b11c:bda3:cf61:ffdd. Chúng tôi hãy đến xem xét vấn đề này.",True,0.5,"[{""type"": ""JOBTYPE"", ""start"": 1, ""end"": 3, ""text"": ""Phó phòng""}, {""type"": ""IPADDRESS"", ""start"": 26, ""end"": 55, ""text"": ""7 c 2 b : 2019 : ce 4 b : 34@@ 59 : b 11 c : b@@ da 3 : c@@ f 61 : ff@@ d@@ d""}]","[{""type"": ""JOBTITLE"", ""start"": 1, ""end"": 3, ""text"": ""Phó phòng""}, {""type"": ""IPADDRESS"", ""start"": 26, ""end"": 55, ""text"": ""7 c 2 b : 2019 : ce 4 b : 34@@ 59 : b 11 c : b@@ da 3 : c@@ f 61 : ff@@ d@@ d""}]",O B-JOBTYPE I-JOBTYPE O O O O O O O O O O O O O O O O O O O O O O O B-IPADDRESS I-IPADDRESS I-IPADDRESS I-IPADDRESS I-IPADDRESS I-IPADDRESS I-IPADDRESS I-IPADDRESS I-IPADDRESS I-IPADDRESS I-IPADDRESS I-IPADDRESS I-IPADDRESS I-IPADDRESS I-IPADDRESS I-IPADDRESS I-IPADDRESS I-IPADDRESS I-IPADDRESS I-IPADDRESS I-IPADDRESS I-IPADDRESS I-IPADDRESS I-IPADDRESS I-IPADDRESS I-IPADDRESS I-IPADDRESS I-IPADDRESS I-IPADDRESS O O O O O O O O,O B-JOBTITLE I-JOBTITLE O O O O O O O O O O O O O O O O O O O O O O O B-IPADDRESS I-IPADDRESS I-IPADDRESS I-IPADDRESS I-IPADDRESS I-IPADDRESS I-IPADDRESS I-IPADDRESS I-IPADDRESS I-IPADDRESS I-IPADDRESS I-IPADDRESS I-IPADDRESS I-IPADDRESS I-IPADDRESS I-IPADDRESS I-IPADDRESS I-IPADDRESS I-IPADDRESS I-IPADDRESS I-IPADDRESS I-IPADDRESS I-IPADDRESS I-IPADDRESS I-IPADDRESS I-IPADDRESS I-IPADDRESS I-IPADDRESS I-IPADDRESS O O O O O O O O,0.5,"[{""type"": ""JOBTYPE"", ""start"": 1, ""end"": 3, ""text"": ""Phó phòng""}, {""type"": ""IPADDRESS"", ""start"": 26, ""end"": 55, ""text"": ""7 c 2 b : 2019 : ce 4 b : 34@@ 59 : b 11 c : b@@ da 3 : c@@ f 61 : ff@@ d@@ d""}]","[{""type"": ""JOBTITLE"", ""start"": 1, ""end"": 3, ""text"": ""Phó phòng""}, {""type"": ""IPADDRESS"", ""start"": 26, ""end"": 55, ""text"": ""7 c 2 b : 2019 : ce 4 b : 34@@ 59 : b 11 c : b@@ da 3 : c@@ f 61 : ff@@ d@@ d""}]",O B-JOBTYPE I-JOBTYPE O O O O O O O O O O O O O O O O O O O O O O O B-IPADDRESS I-IPADDRESS I-IPADDRESS I-IPADDRESS I-IPADDRESS I-IPADDRESS I-IPADDRESS I-IPADDRESS I-IPADDRESS I-IPADDRESS I-IPADDRESS I-IPADDRESS I-IPADDRESS I-IPADDRESS I-IPADDRESS I-IPADDRESS I-IPADDRESS I-IPADDRESS I-IPADDRESS I-IPADDRESS I-IPADDRESS I-IPADDRESS I-IPADDRESS I-IPADDRESS I-IPADDRESS I-IPADDRESS I-IPADDRESS I-IPADDRESS I-IPADDRESS O O O O O O O O,O B-JOBTITLE I-JOBTITLE O O O O O O O O O O O O O O O O O O O O O O O B-IPADDRESS I-IPADDRESS I-IPADDRESS I-IPADDRESS I-IPADDRESS I-IPADDRESS I-IPADDRESS I-IPADDRESS I-IPADDRESS I-IPADDRESS I-IPADDRESS I-IPADDRESS I-IPADDRESS I-IPADDRESS I-IPADDRESS I-IPADDRESS I-IPADDRESS I-IPADDRESS I-IPADDRESS I-IPADDRESS I-IPADDRESS I-IPADDRESS I-IPADDRESS I-IPADDRESS I-IPADDRESS I-IPADDRESS I-IPADDRESS I-IPADDRESS I-IPADDRESS O O O O O O O O,0.5,"[{""type"": ""JOBTYPE"", ""start"": 1, ""end"": 3, ""text"": ""Phó phòng""}, {""type"": ""IPADDRESS"", ""start"": 26, ""end"": 55, ""text"": ""7 c 2 b : 2019 : ce 4 b : 34@@ 59 : b 11 c : b@@ da 3 : c@@ f 61 : ff@@ d@@ d""}]","[{""type"": ""JOBTITLE"", ""start"": 1, ""end"": 3, ""text"": ""Phó phòng""}, {""type"": ""IPADDRESS"", ""start"": 26, ""end"": 55, ""text"": ""7 c 2 b : 2019 : ce 4 b : 34@@ 59 : b 11 c : b@@ da 3 : c@@ f 61 : ff@@ d@@ d""}]",O B-JOBTYPE I-JOBTYPE O O O O O O O O O O O O O O O O O O O O O O O B-IPADDRESS I-IPADDRESS I-IPADDRESS I-IPADDRESS I-IPADDRESS I-IPADDRESS I-IPADDRESS I-IPADDRESS I-IPADDRESS I-IPADDRESS I-IPADDRESS I-IPADDRESS I-IPADDRESS I-IPADDRESS I-IPADDRESS I-IPADDRESS I-IPADDRESS I-IPADDRESS I-IPADDRESS I-IPADDRESS I-IPADDRESS I-IPADDRESS I-IPADDRESS I-IPADDRESS I-IPADDRESS I-IPADDRESS I-IPADDRESS I-IPADDRESS I-IPADDRESS O O O O O O O O,O B-JOBTITLE I-JOBTITLE O O O O O O O O O O O O O O O O O O O O O O O B-IPADDRESS I-IPADDRESS I-IPADDRESS I-IPADDRESS I-IPADDRESS I-IPADDRESS I-IPADDRESS I-IPADDRESS I-IPADDRESS I-IPADDRESS I-IPADDRESS I-IPADDRESS I-IPADDRESS I-IPADDRESS I-IPADDRESS I-IPADDRESS I-IPADDRESS I-IPADDRESS I-IPADDRESS I-IPADDRESS I-IPADDRESS I-IPADDRESS I-IPADDRESS I-IPADDRESS I-IPADDRESS I-IPADDRESS I-IPADDRESS I-IPADDRESS I-IPADDRESS O O O O O O O O,0.5,"[{""type"": ""JOBTYPE"", ""start"": 1, ""end"": 3, ""text"": ""▁Phó ▁phòng""}, {""type"": ""IPADDRESS"", ""start"": 32, ""end"": 58, ""text"": ""▁7 c 2 b : 2019 : ce 4 b :34 59 : b 11 c : b da 3 : cf 61 : ff dd""}]","[{""type"": ""JOBTITLE"", ""start"": 1, ""end"": 3, ""text"": ""▁Phó ▁phòng""}, {""type"": ""IPADDRESS"", ""start"": 32, ""end"": 58, ""text"": ""▁7 c 2 b : 2019 : ce 4 b :34 59 : b 11 c : b da 3 : cf 61 : ff dd""}]",O B-JOBTYPE I-JOBTYPE O O O O O O O O O O O O O O O O O O O O O O O O O O O O O B-IPADDRESS I-IPADDRESS I-IPADDRESS I-IPADDRESS I-IPADDRESS I-IPADDRESS I-IPADDRESS I-IPADDRESS I-IPADDRESS I-IPADDRESS I-IPADDRESS I-IPADDRESS I-IPADDRESS I-IPADDRESS I-IPADDRESS I-IPADDRESS I-IPADDRESS I-IPADDRESS I-IPADDRESS I-IPADDRESS I-IPADDRESS I-IPADDRESS I-IPADDRESS I-IPADDRESS I-IPADDRESS I-IPADDRESS O O O O O O O O O O O,O B-JOBTITLE I-JOBTITLE O O O O O O O O O O O O O O O O O O O O O O O O O O O O O B-IPADDRESS I-IPADDRESS I-IPADDRESS I-IPADDRESS I-IPADDRESS I-IPADDRESS I-IPADDRESS I-IPADDRESS I-IPADDRESS I-IPADDRESS I-IPADDRESS I-IPADDRESS I-IPADDRESS I-IPADDRESS I-IPADDRESS I-IPADDRESS I-IPADDRESS I-IPADDRESS I-IPADDRESS I-IPADDRESS I-IPADDRESS I-IPADDRESS I-IPADDRESS I-IPADDRESS I-IPADDRESS I-IPADDRESS O O O O O O O O O O O
843,"Thân gửi Kỹ sư Xuân, Như đã thảo luận, chúng tôi cần một phân tích sâu sắc về các chiến lược quan hệ công chúng của chúng tôi trong bối cảnh các sự kiện gần đây. Chúng tôi cần một báo cáo chi tiết với trọng tâm cụ thể vào các quận Thị xã Nghi Sơn, Huyện Hòa Vang, và Quận Cái Răng. Vui lòng chuẩn bị báo cáo này với đối tượng mục tiêu của chúng tôi, chủ yếu là nhóm Nữ, trong tâm trí.",True,0.8333333333333334,"[{""type"": ""JOBTITLE"", ""start"": 2, ""end"": 3, ""text"": ""Kỹ_sư""}, {""type"": ""MIDDLENAME"", ""start"": 3, ""end"": 4, ""text"": ""Xuân""}, {""type"": ""COUNTY"", ""start"": 39, ""end"": 41, ""text"": ""Thị_xã Nghi_Sơn""}, {""type"": ""COUNTY"", ""start"": 42, ""end"": 44, ""text"": ""Huyện Hoà_Vang""}, {""type"": ""COUNTY"", ""start"": 46, ""end"": 48, ""text"": ""Quận Cái_Răng""}, {""type"": ""SEX"", ""start"": 63, ""end"": 64, ""text"": ""Nữ""}]","[{""type"": ""PREFIX"", ""start"": 2, ""end"": 3, ""text"": ""Kỹ_sư""}, {""type"": ""MIDDLENAME"", ""start"": 3, ""end"": 4, ""text"": ""Xuân""}, {""type"": ""COUNTY"", ""start"": 39, ""end"": 41, ""text"": ""Thị_xã Nghi_Sơn""}, {""type"": ""COUNTY"", ""start"": 42, ""end"": 44, ""text"": ""Huyện Hoà_Vang""}, {""type"": ""COUNTY"", ""start"": 46, ""end"": 48, ""text"": ""Quận Cái_Răng""}, {""type"": ""SEX"", ""start"": 63, ""end"": 64, ""text"": ""Nữ""}]",O O B-JOBTITLE B-MIDDLENAME O O O O O O O O O O O O O O O O O O O O O O O O O O O O O O O O O O O B-COUNTY I-COUNTY O B-COUNTY I-COUNTY O O B-COUNTY I-COUNTY O O O O O O O O O O O O O O O B-SEX O O O O,O O B-PREFIX B-MIDDLENAME O O O O O O O O O O O O O O O O O O O O O O O O O O O O O O O O O O O B-COUNTY I-COUNTY O B-COUNTY I-COUNTY O O B-COUNTY I-COUNTY O O O O O O O O O O O O O O O B-SEX O O O O,0.8333333333333334,"[{""type"": ""JOBTITLE"", ""start"": 2, ""end"": 3, ""text"": ""Kỹ_sư""}, {""type"": ""MIDDLENAME"", ""start"": 3, ""end"": 4, ""text"": ""Xuân""}, {""type"": ""COUNTY"", ""start"": 39, ""end"": 41, ""text"": ""Thị_xã Nghi_Sơn""}, {""type"": ""COUNTY"", ""start"": 42, ""end"": 44, ""text"": ""Huyện Hoà_Vang""}, {""type"": ""COUNTY"", ""start"": 46, ""end"": 48, ""text"": ""Quận Cái_Răng""}, {""type"": ""SEX"", ""start"": 63, ""end"": 64, ""text"": ""Nữ""}]","[{""type"": ""PREFIX"", ""start"": 2, ""end"": 3, ""text"": ""Kỹ_sư""}, {""type"": ""MIDDLENAME"", ""start"": 3, ""end"": 4, ""text"": ""Xuân""}, {""type"": ""COUNTY"", ""start"": 39, ""end"": 41, ""text"": ""Thị_xã Nghi_Sơn""}, {""type"": ""COUNTY"", ""start"": 42, ""end"": 44, ""text"": ""Huyện Hoà_Vang""}, {""type"": ""COUNTY"", ""start"": 46, ""end"": 48, ""text"": ""Quận Cái_Răng""}, {""type"": ""SEX"", ""start"": 63, ""end"": 64, ""text"": ""Nữ""}]",O O B-JOBTITLE B-MIDDLENAME O O O O O O O O O O O O O O O O O O O O O O O O O O O O O O O O O O O B-COUNTY I-COUNTY O B-COUNTY I-COUNTY O O B-COUNTY I-COUNTY O O O O O O O O O O O O O O O B-SEX O O O O,O O B-PREFIX B-MIDDLENAME O O O O O O O O O O O O O O O O O O O O O O O O O O O O O O O O O O O B-COUNTY I-COUNTY O B-COUNTY I-COUNTY O O B-COUNTY I-COUNTY O O O O O O O O O O O O O O O B-SEX O O O O,0.8333333333333334,"[{""type"": ""JOBTITLE"", ""start"": 2, ""end"": 3, ""text"": ""Kỹ_sư""}, {""type"": ""MIDDLENAME"", ""start"": 3, ""end"": 4, ""text"": ""Xuân""}, {""type"": ""COUNTY"", ""start"": 39, ""end"": 41, ""text"": ""Thị_xã Nghi_Sơn""}, {""type"": ""COUNTY"", ""start"": 42, ""end"": 44, ""text"": ""Huyện Hoà_Vang""}, {""type"": ""COUNTY"", ""start"": 46, ""end"": 48, ""text"": ""Quận Cái_Răng""}, {""type"": ""SEX"", ""start"": 63, ""end"": 64, ""text"": ""Nữ""}]","[{""type"": ""PREFIX"", ""start"": 2, ""end"": 3, ""text"": ""Kỹ_sư""}, {""type"": ""MIDDLENAME"", ""start"": 3, ""end"": 4, ""text"": ""Xuân""}, {""type"": ""COUNTY"", ""start"": 39, ""end"": 41, ""text"": ""Thị_xã Nghi_Sơn""}, {""type"": ""COUNTY"", ""start"": 42, ""end"": 44, ""text"": ""Huyện Hoà_Vang""}, {""type"": ""COUNTY"", ""start"": 46, ""end"": 48, ""text"": ""Quận Cái_Răng""}, {""type"": ""SEX"", ""start"": 63, ""end"": 64, ""text"": ""Nữ""}]",O O B-JOBTITLE B-MIDDLENAME O O O O O O O O O O O O O O O O O O O O O O O O O O O O O O O O O O O B-COUNTY I-COUNTY O B-COUNTY I-COUNTY O O B-COUNTY I-COUNTY O O O O O O O O O O O O O O O B-SEX O O O O,O O B-PREFIX B-MIDDLENAME O O O O O O O O O O O O O O O O O O O O O O O O O O O O O O O O O O O B-COUNTY I-COUNTY O B-COUNTY I-COUNTY O O B-COUNTY I-COUNTY O O O O O O O O O O O O O O O B-SEX O O O O,0.8333333333333334,"[{""type"": ""JOBTITLE"", ""start"": 2, ""end"": 4, ""text"": ""▁Kỹ ▁sư""}, {""type"": ""MIDDLENAME"", ""start"": 4, ""end"": 5, ""text"": ""▁Xuân""}, {""type"": ""COUNTY"", ""start"": 55, ""end"": 60, ""text"": ""▁Thị ▁xã ▁Ngh i ▁Sơn""}, {""type"": ""COUNTY"", ""start"": 61, ""end"": 67, ""text"": ""▁Huy ệ n ▁Hòa ▁V ang""}, {""type"": ""COUNTY"", ""start"": 69, ""end"": 73, ""text"": ""▁Quận ▁Cái ▁R ăng""}, {""type"": ""SEX"", ""start"": 94, ""end"": 95, ""text"": ""▁Nữ""}]","[{""type"": ""PREFIX"", ""start"": 2, ""end"": 4, ""text"": ""▁Kỹ ▁sư""}, {""type"": ""MIDDLENAME"", ""start"": 4, ""end"": 5, ""text"": ""▁Xuân""}, {""type"": ""COUNTY"", ""start"": 55, ""end"": 60, ""text"": ""▁Thị ▁xã ▁Ngh i ▁Sơn""}, {""type"": ""COUNTY"", ""start"": 61, ""end"": 67, ""text"": ""▁Huy ệ n ▁Hòa ▁V ang""}, {""type"": ""COUNTY"", ""start"": 69, ""end"": 73, ""text"": ""▁Quận ▁Cái ▁R ăng""}, {""type"": ""SEX"", ""start"": 94, ""end"": 95, ""text"": ""▁Nữ""}]",O O B-JOBTITLE I-JOBTITLE B-MIDDLENAME O O O O O O O O O O O O O O O O O O O O O O O O O O O O O O O O O O O O O O O O O O O O O O O O O O B-COUNTY I-COUNTY I-COUNTY I-COUNTY I-COUNTY O B-COUNTY I-COUNTY I-COUNTY I-COUNTY I-COUNTY I-COUNTY O O B-COUNTY I-COUNTY I-COUNTY I-COUNTY O O O O O O O O O O O O O O O O O O O O O B-SEX O O O O O,O O B-PREFIX I-PREFIX B-MIDDLENAME O O O O O O O O O O O O O O O O O O O O O O O O O O O O O O O O O O O O O O O O O O O O O O O O O O B-COUNTY I-COUNTY I-COUNTY I-COUNTY I-COUNTY O B-COUNTY I-COUNTY I-COUNTY I-COUNTY I-COUNTY I-COUNTY O O B-COUNTY I-COUNTY I-COUNTY I-COUNTY O O O O O O O O O O O O O O O O O O O O O B-SEX O O O O O
855,"Thân gửi Bác Dương, sự chuyên môn của bạn rất cần thiết cho chương trình hướng dẫn. Vui lòng liên hệ với chúng tôi qua 0370505281.",True,0.6666666666666666,"[{""type"": ""PREFIX"", ""start"": 2, ""end"": 3, ""text"": ""Bác""}, {""type"": ""FIRSTNAME"", ""start"": 3, ""end"": 4, ""text"": ""Dương""}, {""type"": ""PHONENUMBER"", ""start"": 21, ""end"": 26, ""text"": ""03@@ 70@@ 50@@ 5@@ 281""}]","[{""type"": ""PREFIX"", ""start"": 2, ""end"": 3, ""text"": ""Bác""}, {""type"": ""LASTNAME"", ""start"": 3, ""end"": 4, ""text"": ""Dương""}, {""type"": ""PHONENUMBER"", ""start"": 21, ""end"": 26, ""text"": ""03@@ 70@@ 50@@ 5@@ 281""}]",O O B-PREFIX B-FIRSTNAME O O O O O O O O O O O O O O O O O B-PHONENUMBER I-PHONENUMBER I-PHONENUMBER I-PHONENUMBER I-PHONENUMBER O,O O B-PREFIX B-LASTNAME O O O O O O O O O O O O O O O O O B-PHONENUMBER I-PHONENUMBER I-PHONENUMBER I-PHONENUMBER I-PHONENUMBER O,0.6666666666666666,"[{""type"": ""PREFIX"", ""start"": 2, ""end"": 3, ""text"": ""Bác""}, {""type"": ""FIRSTNAME"", ""start"": 3, ""end"": 4, ""text"": ""Dương""}, {""type"": ""PHONENUMBER"", ""start"": 21, ""end"": 26, ""text"": ""03@@ 70@@ 50@@ 5@@ 281""}]","[{""type"": ""PREFIX"", ""start"": 2, ""end"": 3, ""text"": ""Bác""}, {""type"": ""LASTNAME"", ""start"": 3, ""end"": 4, ""text"": ""Dương""}, {""type"": ""PHONENUMBER"", ""start"": 21, ""end"": 26, ""text"": ""03@@ 70@@ 50@@ 5@@ 281""}]",O O B-PREFIX B-FIRSTNAME O O O O O O O O O O O O O O O O O B-PHONENUMBER I-PHONENUMBER I-PHONENUMBER I-PHONENUMBER I-PHONENUMBER O,O O B-PREFIX B-LASTNAME O O O O O O O O O O O O O O O O O B-PHONENUMBER I-PHONENUMBER I-PHONENUMBER I-PHONENUMBER I-PHONENUMBER O,0.6666666666666666,"[{""type"": ""PREFIX"", ""start"": 2, ""end"": 3, ""text"": ""Bác""}, {""type"": ""FIRSTNAME"", ""start"": 3, ""end"": 4, ""text"": ""Dương""}, {""type"": ""PHONENUMBER"", ""start"": 21, ""end"": 26, ""text"": ""03@@ 70@@ 50@@ 5@@ 281""}]","[{""type"": ""PREFIX"", ""start"": 2, ""end"": 3, ""text"": ""Bác""}, {""type"": ""LASTNAME"", ""start"": 3, ""end"": 4, ""text"": ""Dương""}, {""type"": ""PHONENUMBER"", ""start"": 21, ""end"": 26, ""text"": ""03@@ 70@@ 50@@ 5@@ 281""}]",O O B-PREFIX B-FIRSTNAME O O O O O O O O O O O O O O O O O B-PHONENUMBER I-PHONENUMBER I-PHONENUMBER I-PHONENUMBER I-PHONENUMBER O,O O B-PREFIX B-LASTNAME O O O O O O O O O O O O O O O O O B-PHONENUMBER I-PHONENUMBER I-PHONENUMBER I-PHONENUMBER I-PHONENUMBER O,0.6666666666666666,"[{""type"": ""PREFIX"", ""start"": 2, ""end"": 3, ""text"": ""▁Bác""}, {""type"": ""FIRSTNAME"", ""start"": 3, ""end"": 4, ""text"": ""▁Dương""}, {""type"": ""PHONENUMBER"", ""start"": 27, ""end"": 32, ""text"": ""▁03 70 50 52 81""}]","[{""type"": ""PREFIX"", ""start"": 2, ""end"": 3, ""text"": ""▁Bác""}, {""type"": ""LASTNAME"", ""start"": 3, ""end"": 4, ""text"": ""▁Dương""}, {""type"": ""PHONENUMBER"", ""start"": 27, ""end"": 32, ""text"": ""▁03 70 50 52 81""}]",O O B-PREFIX B-FIRSTNAME O O O O O O O O O O O O O O O O O O O O O O O B-PHONENUMBER I-PHONENUMBER I-PHONENUMBER I-PHONENUMBER I-PHONENUMBER O,O O B-PREFIX B-LASTNAME O O O O O O O O O O O O O O O O O O O O O O O B-PHONENUMBER I-PHONENUMBER I-PHONENUMBER I-PHONENUMBER I-PHONENUMBER O
951,Đội ngũ Giáo dục Mầm non của chúng tôi Đông Bắc sẽ đến thăm Đại lộ Trần Phú Xã Hồng Vân. Mục đích của chuyến thăm này là để đội ngũ có được cái nhìn sâu sắc về giáo dục mầm non từ nhiều góc độ khác nhau.,True,0.8,"[{""type"": ""COMPANYNAME"", ""start"": 5, ""end"": 6, ""text"": ""Đông_Bắc""}, {""type"": ""STREET"", ""start"": 9, ""end"": 12, ""text"": ""Đại_lộ Trần_@@ Phú_@@""}, {""type"": ""CITY"", ""start"": 12, ""end"": 15, ""text"": ""Xã_@@ Hồng Vân""}]","[{""type"": ""STREET"", ""start"": 9, ""end"": 12, ""text"": ""Đại_lộ Trần_@@ Phú_@@""}, {""type"": ""CITY"", ""start"": 12, ""end"": 15, ""text"": ""Xã_@@ Hồng Vân""}]",O O O O O B-COMPANYNAME O O O B-STREET I-STREET I-STREET B-CITY I-CITY I-CITY O O O O O O O O O O O O O O O O O O O O O O O,O O O O O O O O O B-STREET I-STREET I-STREET B-CITY I-CITY I-CITY O O O O O O O O O O O O O O O O O O O O O O O,0.8,"[{""type"": ""COMPANYNAME"", ""start"": 5, ""end"": 6, ""text"": ""Đông_Bắc""}, {""type"": ""STREET"", ""start"": 9, ""end"": 12, ""text"": ""Đại_lộ Trần_@@ Phú_@@""}, {""type"": ""CITY"", ""start"": 12, ""end"": 15, ""text"": ""Xã_@@ Hồng Vân""}]","[{""type"": ""STREET"", ""start"": 9, ""end"": 12, ""text"": ""Đại_lộ Trần_@@ Phú_@@""}, {""type"": ""CITY"", ""start"": 12, ""end"": 15, ""text"": ""Xã_@@ Hồng Vân""}]",O O O O O B-COMPANYNAME O O O B-STREET I-STREET I-STREET B-CITY I-CITY I-CITY O O O O O O O O O O O O O O O O O O O O O O O,O O O O O O O O O B-STREET I-STREET I-STREET B-CITY I-CITY I-CITY O O O O O O O O O O O O O O O O O O O O O O O,0.8,"[{""type"": ""COMPANYNAME"", ""start"": 5, ""end"": 6, ""text"": ""Đông_Bắc""}, {""type"": ""STREET"", ""start"": 9, ""end"": 12, ""text"": ""Đại_lộ Trần_@@ Phú_@@""}, {""type"": ""CITY"", ""start"": 12, ""end"": 15, ""text"": ""Xã_@@ Hồng Vân""}]","[{""type"": ""STREET"", ""start"": 9, ""end"": 12, ""text"": ""Đại_lộ Trần_@@ Phú_@@""}, {""type"": ""CITY"", ""start"": 12, ""end"": 15, ""text"": ""Xã_@@ Hồng Vân""}]",O O O O O B-COMPANYNAME O O O B-STREET I-STREET I-STREET B-CITY I-CITY I-CITY O O O O O O O O O O O O O O O O O O O O O O O,O O O O O O O O O B-STREET I-STREET I-STREET B-CITY I-CITY I-CITY O O O O O O O O O O O O O O O O O O O O O O O,0.8,"[{""type"": ""COMPANYNAME"", ""start"": 12, ""end"": 14, ""text"": ""▁Đông ▁Bắc""}, {""type"": ""STREET"", ""start"": 17, ""end"": 21, ""text"": ""▁Đại ▁lộ ▁Trần ▁Phú""}, {""type"": ""CITY"", ""start"": 21, ""end"": 24, ""text"": ""▁Xã ▁Hồng ▁Vân""}]","[{""type"": ""STREET"", ""start"": 17, ""end"": 21, ""text"": ""▁Đại ▁lộ ▁Trần ▁Phú""}, {""type"": ""CITY"", ""start"": 21, ""end"": 24, ""text"": ""▁Xã ▁Hồng ▁Vân""}]",O O O O O O O O O O O O B-COMPANYNAME I-COMPANYNAME O O O B-STREET I-STREET I-STREET I-STREET B-CITY I-CITY I-CITY O O O O O O O O O O O O O O O O O O O O O O O O O O O O O O O,O O O O O O O O O O O O O O O O O B-STREET I-STREET I-STREET I-STREET B-CITY I-CITY I-CITY O O O O O O O O O O O O O O O O O O O O O O O O O O O O O O O
1055,Chỉ là một lời nhắc nhở thân thiện về buổi hội thảo Giáo dục Toán học của chúng ta vào ngày mai lúc đúng 2 giờ tại hội trường 352. Vui lòng đừng quên mang theo giấy tờ tùy thân của bạn (5484021075124431) để xác minh danh tính.,True,0.6666666666666666,"[{""type"": ""TIME"", ""start"": 16, ""end"": 19, ""text"": ""đúng 2 giờ""}, {""type"": ""BUILDINGNUMBER"", ""start"": 21, ""end"": 22, ""text"": ""352""}, {""type"": ""CREDITCARDNUMBER"", ""start"": 34, ""end"": 43, ""text"": ""5@@ 48@@ 40@@ 2@@ 10@@ 75@@ 12@@ 44@@ 31""}]","[{""type"": ""TIME"", ""start"": 16, ""end"": 19, ""text"": ""đúng 2 giờ""}, {""type"": ""BUILDINGNUMBER"", ""start"": 21, ""end"": 22, ""text"": ""352""}, {""type"": ""MASKEDNUMBER"", ""start"": 34, ""end"": 43, ""text"": ""5@@ 48@@ 40@@ 2@@ 10@@ 75@@ 12@@ 44@@ 31""}]",O O O O O O O O O O O O O O O O B-TIME I-TIME I-TIME O O B-BUILDINGNUMBER O O O O O O O O O O O O B-CREDITCARDNUMBER I-CREDITCARDNUMBER I-CREDITCARDNUMBER I-CREDITCARDNUMBER I-CREDITCARDNUMBER I-CREDITCARDNUMBER I-CREDITCARDNUMBER I-CREDITCARDNUMBER I-CREDITCARDNUMBER O O O O O,O O O O O O O O O O O O O O O O B-TIME I-TIME I-TIME O O B-BUILDINGNUMBER O O O O O O O O O O O O B-MASKEDNUMBER I-MASKEDNUMBER I-MASKEDNUMBER I-MASKEDNUMBER I-MASKEDNUMBER I-MASKEDNUMBER I-MASKEDNUMBER I-MASKEDNUMBER I-MASKEDNUMBER O O O O O,0.6666666666666666,"[{""type"": ""TIME"", ""start"": 16, ""end"": 19, ""text"": ""đúng 2 giờ""}, {""type"": ""BUILDINGNUMBER"", ""start"": 21, ""end"": 22, ""text"": ""352""}, {""type"": ""CREDITCARDNUMBER"", ""start"": 34, ""end"": 43, ""text"": ""5@@ 48@@ 40@@ 2@@ 10@@ 75@@ 12@@ 44@@ 31""}]","[{""type"": ""TIME"", ""start"": 16, ""end"": 19, ""text"": ""đúng 2 giờ""}, {""type"": ""BUILDINGNUMBER"", ""start"": 21, ""end"": 22, ""text"": ""352""}, {""type"": ""MASKEDNUMBER"", ""start"": 34, ""end"": 43, ""text"": ""5@@ 48@@ 40@@ 2@@ 10@@ 75@@ 12@@ 44@@ 31""}]",O O O O O O O O O O O O O O O O B-TIME I-TIME I-TIME O O B-BUILDINGNUMBER O O O O O O O O O O O O B-CREDITCARDNUMBER I-CREDITCARDNUMBER I-CREDITCARDNUMBER I-CREDITCARDNUMBER I-CREDITCARDNUMBER I-CREDITCARDNUMBER I-CREDITCARDNUMBER I-CREDITCARDNUMBER I-CREDITCARDNUMBER O O O O O,O O O O O O O O O O O O O O O O B-TIME I-TIME I-TIME O O B-BUILDINGNUMBER O O O O O O O O O O O O B-MASKEDNUMBER I-MASKEDNUMBER I-MASKEDNUMBER I-MASKEDNUMBER I-MASKEDNUMBER I-MASKEDNUMBER I-MASKEDNUMBER I-MASKEDNUMBER I-MASKEDNUMBER O O O O O,0.6666666666666666,"[{""type"": ""TIME"", ""start"": 16, ""end"": 19, ""text"": ""đúng 2 giờ""}, {""type"": ""BUILDINGNUMBER"", ""start"": 21, ""end"": 22, ""text"": ""352""}, {""type"": ""CREDITCARDNUMBER"", ""start"": 34, ""end"": 43, ""text"": ""5@@ 48@@ 40@@ 2@@ 10@@ 75@@ 12@@ 44@@ 31""}]","[{""type"": ""TIME"", ""start"": 16, ""end"": 19, ""text"": ""đúng 2 giờ""}, {""type"": ""BUILDINGNUMBER"", ""start"": 21, ""end"": 22, ""text"": ""352""}, {""type"": ""MASKEDNUMBER"", ""start"": 34, ""end"": 43, ""text"": ""5@@ 48@@ 40@@ 2@@ 10@@ 75@@ 12@@ 44@@ 31""}]",O O O O O O O O O O O O O O O O B-TIME I-TIME I-TIME O O B-BUILDINGNUMBER O O O O O O O O O O O O B-CREDITCARDNUMBER I-CREDITCARDNUMBER I-CREDITCARDNUMBER I-CREDITCARDNUMBER I-CREDITCARDNUMBER I-CREDITCARDNUMBER I-CREDITCARDNUMBER I-CREDITCARDNUMBER I-CREDITCARDNUMBER O O O O O,O O O O O O O O O O O O O O O O B-TIME I-TIME I-TIME O O B-BUILDINGNUMBER O O O O O O O O O O O O B-MASKEDNUMBER I-MASKEDNUMBER I-MASKEDNUMBER I-MASKEDNUMBER I-MASKEDNUMBER I-MASKEDNUMBER I-MASKEDNUMBER I-MASKEDNUMBER I-MASKEDNUMBER O O O O O,0.6666666666666666,"[{""type"": ""TIME"", ""start"": 25, ""end"": 28, ""text"": ""▁đúng ▁2 ▁giờ""}, {""type"": ""BUILDINGNUMBER"", ""start"": 31, ""end"": 33, ""text"": ""▁35 2.""}, {""type"": ""CREDITCARDNUMBER"", ""start"": 46, ""end"": 52, ""text"": ""548 40 210 75 124 431""}]","[{""type"": ""TIME"", ""start"": 25, ""end"": 28, ""text"": ""▁đúng ▁2 ▁giờ""}, {""type"": ""BUILDINGNUMBER"", ""start"": 31, ""end"": 33, ""text"": ""▁35 2.""}, {""type"": ""MASKEDNUMBER"", ""start"": 46, ""end"": 52, ""text"": ""548 40 210 75 124 431""}]",O O O O O O O O O O O O O O O O O O O O O O O O O B-TIME I-TIME I-TIME O O O B-BUILDINGNUMBER I-BUILDINGNUMBER O O O O O O O O O O O O O B-CREDITCARDNUMBER I-CREDITCARDNUMBER I-CREDITCARDNUMBER I-CREDITCARDNUMBER I-CREDITCARDNUMBER I-CREDITCARDNUMBER O O O O O O O,O O O O O O O O O O O O O O O O O O O O O O O O O B-TIME I-TIME I-TIME O O O B-BUILDINGNUMBER I-BUILDINGNUMBER O O O O O O O O O O O O O B-MASKEDNUMBER I-MASKEDNUMBER I-MASKEDNUMBER I-MASKEDNUMBER I-MASKEDNUMBER I-MASKEDNUMBER O O O O O O O
1214,"Thái Lâm, người phụ trách lĩnh vực web Môi trường tại Đắc Gia, đang bị điều tra. Người bị tình nghi đã truy cập trái phép vào dữ liệu tài chính của công ty liên quan đến Phong Điền. Các câu hỏi thêm có thể được gửi qua bình.huỳnh@vnpt.vn.",True,0.6666666666666666,"[{""type"": ""FIRSTNAME"", ""start"": 0, ""end"": 1, ""text"": ""Thái_@@""}, {""type"": ""LASTNAME"", ""start"": 1, ""end"": 2, ""text"": ""Lâm""}, {""type"": ""JOBAREA"", ""start"": 7, ""end"": 8, ""text"": ""Môi_trường""}, {""type"": ""COMPANYNAME"", ""start"": 9, ""end"": 11, ""text"": ""Đắc_@@ Gia""}, {""type"": ""COMPANYNAME"", ""start"": 29, ""end"": 30, ""text"": ""Phong_Điền""}, {""type"": ""EMAIL"", ""start"": 39, ""end"": 48, ""text"": ""bì@@ nh.@@ hu@@ ỳ@@ nh@@ @@@ vn@@ pt@@ .vn.""}]","[{""type"": ""LASTNAME"", ""start"": 0, ""end"": 1, ""text"": ""Thái_@@""}, {""type"": ""FIRSTNAME"", ""start"": 1, ""end"": 2, ""text"": ""Lâm""}, {""type"": ""JOBAREA"", ""start"": 7, ""end"": 8, ""text"": ""Môi_trường""}, {""type"": ""COMPANYNAME"", ""start"": 9, ""end"": 11, ""text"": ""Đắc_@@ Gia""}, {""type"": ""COMPANYNAME"", ""start"": 29, ""end"": 30, ""text"": ""Phong_Điền""}, {""type"": ""EMAIL"", ""start"": 39, ""end"": 48, ""text"": ""bì@@ nh.@@ hu@@ ỳ@@ nh@@ @@@ vn@@ pt@@ .vn.""}]",B-FIRSTNAME B-LASTNAME O O O O O B-JOBAREA O B-COMPANYNAME I-COMPANYNAME O O O O O O O O O O O O O O O O O O B-COMPANYNAME O O O O O O O O O B-EMAIL I-EMAIL I-EMAIL I-EMAIL I-EMAIL I-EMAIL I-EMAIL I-EMAIL I-EMAIL,B-LASTNAME B-FIRSTNAME O O O O O B-JOBAREA O B-COMPANYNAME I-COMPANYNAME O O O O O O O O O O O O O O O O O O B-COMPANYNAME O O O O O O O O O B-EMAIL I-EMAIL I-EMAIL I-EMAIL I-EMAIL I-EMAIL I-EMAIL I-EMAIL I-EMAIL,0.6666666666666666,"[{""type"": ""FIRSTNAME"", ""start"": 0, ""end"": 1, ""text"": ""Thái_@@""}, {""type"": ""LASTNAME"", ""start"": 1, ""end"": 2, ""text"": ""Lâm""}, {""type"": ""JOBAREA"", ""start"": 7, ""end"": 8, ""text"": ""Môi_trường""}, {""type"": ""COMPANYNAME"", ""start"": 9, ""end"": 11, ""text"": ""Đắc_@@ Gia""}, {""type"": ""COMPANYNAME"", ""start"": 29, ""end"": 30, ""text"": ""Phong_Điền""}, {""type"": ""EMAIL"", ""start"": 39, ""end"": 48, ""text"": ""bì@@ nh.@@ hu@@ ỳ@@ nh@@ @@@ vn@@ pt@@ .vn.""}]","[{""type"": ""LASTNAME"", ""start"": 0, ""end"": 1, ""text"": ""Thái_@@""}, {""type"": ""FIRSTNAME"", ""start"": 1, ""end"": 2, ""text"": ""Lâm""}, {""type"": ""JOBAREA"", ""start"": 7, ""end"": 8, ""text"": ""Môi_trường""}, {""type"": ""COMPANYNAME"", ""start"": 9, ""end"": 11, ""text"": ""Đắc_@@ Gia""}, {""type"": ""COMPANYNAME"", ""start"": 29, ""end"": 30, ""text"": ""Phong_Điền""}, {""type"": ""EMAIL"", ""start"": 39, ""end"": 48, ""text"": ""bì@@ nh.@@ hu@@ ỳ@@ nh@@ @@@ vn@@ pt@@ .vn.""}]",B-FIRSTNAME B-LASTNAME O O O O O B-JOBAREA O B-COMPANYNAME I-COMPANYNAME O O O O O O O O O O O O O O O O O O B-COMPANYNAME O O O O O O O O O B-EMAIL I-EMAIL I-EMAIL I-EMAIL I-EMAIL I-EMAIL I-EMAIL I-EMAIL I-EMAIL,B-LASTNAME B-FIRSTNAME O O O O O B-JOBAREA O B-COMPANYNAME I-COMPANYNAME O O O O O O O O O O O O O O O O O O B-COMPANYNAME O O O O O O O O O B-EMAIL I-EMAIL I-EMAIL I-EMAIL I-EMAIL I-EMAIL I-EMAIL I-EMAIL I-EMAIL,0.6666666666666666,"[{""type"": ""FIRSTNAME"", ""start"": 0, ""end"": 1, ""text"": ""Thái_@@""}, {""type"": ""LASTNAME"", ""start"": 1, ""end"": 2, ""text"": ""Lâm""}, {""type"": ""JOBAREA"", ""start"": 7, ""end"": 8, ""text"": ""Môi_trường""}, {""type"": ""COMPANYNAME"", ""start"": 9, ""end"": 11, ""text"": ""Đắc_@@ Gia""}, {""type"": ""COMPANYNAME"", ""start"": 29, ""end"": 30, ""text"": ""Phong_Điền""}, {""type"": ""EMAIL"", ""start"": 39, ""end"": 48, ""text"": ""bì@@ nh.@@ hu@@ ỳ@@ nh@@ @@@ vn@@ pt@@ .vn.""}]","[{""type"": ""LASTNAME"", ""start"": 0, ""end"": 1, ""text"": ""Thái_@@""}, {""type"": ""FIRSTNAME"", ""start"": 1, ""end"": 2, ""text"": ""Lâm""}, {""type"": ""JOBAREA"", ""start"": 7, ""end"": 8, ""text"": ""Môi_trường""}, {""type"": ""COMPANYNAME"", ""start"": 9, ""end"": 11, ""text"": ""Đắc_@@ Gia""}, {""type"": ""COMPANYNAME"", ""start"": 29, ""end"": 30, ""text"": ""Phong_Điền""}, {""type"": ""EMAIL"", ""start"": 39, ""end"": 48, ""text"": ""bì@@ nh.@@ hu@@ ỳ@@ nh@@ @@@ vn@@ pt@@ .vn.""}]",B-FIRSTNAME B-LASTNAME O O O O O B-JOBAREA O B-COMPANYNAME I-COMPANYNAME O O O O O O O O O O O O O O O O O O B-COMPANYNAME O O O O O O O O O B-EMAIL I-EMAIL I-EMAIL I-EMAIL I-EMAIL I-EMAIL I-EMAIL I-EMAIL I-EMAIL,B-LASTNAME B-FIRSTNAME O O O O O B-JOBAREA O B-COMPANYNAME I-COMPANYNAME O O O O O O O O O O O O O O O O O O B-COMPANYNAME O O O O O O O O O B-EMAIL I-EMAIL I-EMAIL I-EMAIL I-EMAIL I-EMAIL I-EMAIL I-EMAIL I-EMAIL,0.8333333333333334,"[{""type"": ""FIRSTNAME"", ""start"": 0, ""end"": 1, ""text"": ""▁Thái""}, {""type"": ""LASTNAME"", ""start"": 1, ""end"": 2, ""text"": ""▁Lâm""}, {""type"": ""JOBAREA"", ""start"": 9, ""end"": 12, ""text"": ""▁Mô i ▁trường""}, {""type"": ""COMPANYNAME"", ""start"": 13, ""end"": 17, ""text"": ""▁Đ ắ c ▁Gia""}, {""type"": ""COMPANYNAME"", ""start"": 43, ""end"": 46, ""text"": ""▁Phong ▁Đ iền""}, {""type"": ""EMAIL"", ""start"": 56, ""end"": 66, ""text"": ""▁bình . hu ỳ nh @ vn pt . vn""}]","[{""type"": ""FIRSTNAME"", ""start"": 0, ""end"": 1, ""text"": ""▁Thái""}, {""type"": ""FIRSTNAME"", ""start"": 1, ""end"": 2, ""text"": ""▁Lâm""}, {""type"": ""JOBAREA"", ""start"": 9, ""end"": 12, ""text"": ""▁Mô i ▁trường""}, {""type"": ""COMPANYNAME"", ""start"": 13, ""end"": 17, ""text"": ""▁Đ ắ c ▁Gia""}, {""type"": ""COMPANYNAME"", ""start"": 43, ""end"": 46, ""text"": ""▁Phong ▁Đ iền""}, {""type"": ""EMAIL"", ""start"": 56, ""end"": 66, ""text"": ""▁bình . hu ỳ nh @ vn pt . vn""}]",B-FIRSTNAME B-LASTNAME O O O O O O O B-JOBAREA I-JOBAREA I-JOBAREA O B-COMPANYNAME I-COMPANYNAME I-COMPANYNAME I-COMPANYNAME O O O O O O O O O O O O O O O O O O O O O O O O O O B-COMPANYNAME I-COMPANYNAME I-COMPANYNAME O O O O O O O O O O B-EMAIL I-EMAIL I-EMAIL I-EMAIL I-EMAIL I-EMAIL I-EMAIL I-EMAIL I-EMAIL I-EMAIL O,B-FIRSTNAME B-FIRSTNAME O O O O O O O B-JOBAREA I-JOBAREA I-JOBAREA O B-COMPANYNAME I-COMPANYNAME I-COMPANYNAME I-COMPANYNAME O O O O O O O O O O O O O O O O O O O O O O O O O O B-COMPANYNAME I-COMPANYNAME I-COMPANYNAME O O O O O O O O O O B-EMAIL I-EMAIL I-EMAIL I-EMAIL I-EMAIL I-EMAIL I-EMAIL I-EMAIL I-EMAIL I-EMAIL O
1222,"Sự kiện nâng cao nhận thức về sức khỏe tâm thần của chúng tôi với diễn giả Nam sẽ được tổ chức vào ngày ngày 1 tháng 12 năm 1995 tại Hẻm 972 Phạm Hùng. Nếu có câu hỏi, vui lòng gọi 0338534487 hoặc gửi email đến long.vũ@viettel.vn.",True,0.6,"[{""type"": ""FIRSTNAME"", ""start"": 11, ""end"": 12, ""text"": ""Nam""}, {""type"": ""DATE"", ""start"": 17, ""end"": 22, ""text"": ""1 tháng 12 năm 1995""}, {""type"": ""STREET"", ""start"": 23, ""end"": 27, ""text"": ""Hẻm 9@@ 72 Phạm_Hùng""}, {""type"": ""PHONENUMBER"", ""start"": 35, ""end"": 40, ""text"": ""03@@ 38@@ 5@@ 34@@ 487""}, {""type"": ""EMAIL"", ""start"": 44, ""end"": 51, ""text"": ""long@@ .@@ vũ@@ @@@ viet@@ tel@@ .vn.""}]","[{""type"": ""SEX"", ""start"": 11, ""end"": 12, ""text"": ""Nam""}, {""type"": ""DOB"", ""start"": 17, ""end"": 22, ""text"": ""1 tháng 12 năm 1995""}, {""type"": ""STREET"", ""start"": 23, ""end"": 27, ""text"": ""Hẻm 9@@ 72 Phạm_Hùng""}, {""type"": ""PHONENUMBER"", ""start"": 35, ""end"": 40, ""text"": ""03@@ 38@@ 5@@ 34@@ 487""}, {""type"": ""EMAIL"", ""start"": 44, ""end"": 51, ""text"": ""long@@ .@@ vũ@@ @@@ viet@@ tel@@ .vn.""}]",O O O O O O O O O O O B-FIRSTNAME O O O O O I-DATE I-DATE I-DATE I-DATE I-DATE O B-STREET I-STREET I-STREET I-STREET O O O O O O O O B-PHONENUMBER I-PHONENUMBER I-PHONENUMBER I-PHONENUMBER I-PHONENUMBER O O O O B-EMAIL I-EMAIL I-EMAIL I-EMAIL I-EMAIL I-EMAIL I-EMAIL,O O O O O O O O O O O B-SEX O O O O O I-DOB I-DOB I-DOB I-DOB I-DOB O B-STREET I-STREET I-STREET I-STREET O O O O O O O O B-PHONENUMBER I-PHONENUMBER I-PHONENUMBER I-PHONENUMBER I-PHONENUMBER O O O O B-EMAIL I-EMAIL I-EMAIL I-EMAIL I-EMAIL I-EMAIL I-EMAIL,0.8000000000000002,"[{""type"": ""FIRSTNAME"", ""start"": 11, ""end"": 12, ""text"": ""Nam""}, {""type"": ""DATE"", ""start"": 17, ""end"": 22, ""text"": ""1 tháng 12 năm 1995""}, {""type"": ""STREET"", ""start"": 23, ""end"": 27, ""text"": ""Hẻm 9@@ 72 Phạm_Hùng""}, {""type"": ""PHONENUMBER"", ""start"": 35, ""end"": 40, ""text"": ""03@@ 38@@ 5@@ 34@@ 487""}, {""type"": ""EMAIL"", ""start"": 44, ""end"": 51, ""text"": ""long@@ .@@ vũ@@ @@@ viet@@ tel@@ .vn.""}]","[{""type"": ""SEX"", ""start"": 11, ""end"": 12, ""text"": ""Nam""}, {""type"": ""DATE"", ""start"": 17, ""end"": 22, ""text"": ""1 tháng 12 năm 1995""}, {""type"": ""STREET"", ""start"": 23, ""end"": 27, ""text"": ""Hẻm 9@@ 72 Phạm_Hùng""}, {""type"": ""PHONENUMBER"", ""start"": 35, ""end"": 40, ""text"": ""03@@ 38@@ 5@@ 34@@ 487""}, {""type"": ""EMAIL"", ""start"": 44, ""end"": 51, ""text"": ""long@@ .@@ vũ@@ @@@ viet@@ tel@@ .vn.""}]",O O O O O O O O O O O B-FIRSTNAME O O O O O I-DATE I-DATE I-DATE I-DATE I-DATE O B-STREET I-STREET I-STREET I-STREET O O O O O O O O B-PHONENUMBER I-PHONENUMBER I-PHONENUMBER I-PHONENUMBER I-PHONENUMBER O O O O B-EMAIL I-EMAIL I-EMAIL I-EMAIL I-EMAIL I-EMAIL I-EMAIL,O O O O O O O O O O O B-SEX O O O O O I-DATE I-DATE I-DATE I-DATE I-DATE O B-STREET I-STREET I-STREET I-STREET O O O O O O O O B-PHONENUMBER I-PHONENUMBER I-PHONENUMBER I-PHONENUMBER I-PHONENUMBER O O O O B-EMAIL I-EMAIL I-EMAIL I-EMAIL I-EMAIL I-EMAIL I-EMAIL,0.8000000000000002,"[{""type"": ""FIRSTNAME"", ""start"": 11, ""end"": 12, ""text"": ""Nam""}, {""type"": ""DATE"", ""start"": 17, ""end"": 22, ""text"": ""1 tháng 12 năm 1995""}, {""type"": ""STREET"", ""start"": 23, ""end"": 27, ""text"": ""Hẻm 9@@ 72 Phạm_Hùng""}, {""type"": ""PHONENUMBER"", ""start"": 35, ""end"": 40, ""text"": ""03@@ 38@@ 5@@ 34@@ 487""}, {""type"": ""EMAIL"", ""start"": 44, ""end"": 51, ""text"": ""long@@ .@@ vũ@@ @@@ viet@@ tel@@ .vn.""}]","[{""type"": ""SEX"", ""start"": 11, ""end"": 12, ""text"": ""Nam""}, {""type"": ""DATE"", ""start"": 17, ""end"": 22, ""text"": ""1 tháng 12 năm 1995""}, {""type"": ""STREET"", ""start"": 23, ""end"": 27, ""text"": ""Hẻm 9@@ 72 Phạm_Hùng""}, {""type"": ""PHONENUMBER"", ""start"": 35, ""end"": 40, ""text"": ""03@@ 38@@ 5@@ 34@@ 487""}, {""type"": ""EMAIL"", ""start"": 44, ""end"": 51, ""text"": ""long@@ .@@ vũ@@ @@@ viet@@ tel@@ .vn.""}]",O O O O O O O O O O O B-FIRSTNAME O O O O O I-DATE I-DATE I-DATE I-DATE I-DATE O B-STREET I-STREET I-STREET I-STREET O O O O O O O O B-PHONENUMBER I-PHONENUMBER I-PHONENUMBER I-PHONENUMBER I-PHONENUMBER O O O O B-EMAIL I-EMAIL I-EMAIL I-EMAIL I-EMAIL I-EMAIL I-EMAIL,O O O O O O O O O O O B-SEX O O O O O I-DATE I-DATE I-DATE I-DATE I-DATE O B-STREET I-STREET I-STREET I-STREET O O O O O O O O B-PHONENUMBER I-PHONENUMBER I-PHONENUMBER I-PHONENUMBER I-PHONENUMBER O O O O B-EMAIL I-EMAIL I-EMAIL I-EMAIL I-EMAIL I-EMAIL I-EMAIL,0.8000000000000002,"[{""type"": ""FIRSTNAME"", ""start"": 17, ""end"": 18, ""text"": ""▁Nam""}, {""type"": ""DATE"", ""start"": 24, ""end"": 30, ""text"": ""▁ngày ▁1 ▁tháng ▁12 ▁năm ▁1995""}, {""type"": ""STREET"", ""start"": 31, ""end"": 38, ""text"": ""▁H ẻ m ▁97 2 ▁Phạm ▁Hùng""}, {""type"": ""PHONENUMBER"", ""start"": 47, ""end"": 51, ""text"": ""▁03 385 34 487""}, {""type"": ""EMAIL"", ""start"": 55, ""end"": 64, ""text"": ""▁long . v ũ @ vi ettel . vn""}]","[{""type"": ""SEX"", ""start"": 17, ""end"": 18, ""text"": ""▁Nam""}, {""type"": ""DATE"", ""start"": 24, ""end"": 30, ""text"": ""▁ngày ▁1 ▁tháng ▁12 ▁năm ▁1995""}, {""type"": ""STREET"", ""start"": 31, ""end"": 38, ""text"": ""▁H ẻ m ▁97 2 ▁Phạm ▁Hùng""}, {""type"": ""PHONENUMBER"", ""start"": 47, ""end"": 51, ""text"": ""▁03 385 34 487""}, {""type"": ""EMAIL"", ""start"": 55, ""end"": 64, ""text"": ""▁long . v ũ @ vi ettel . vn""}]",O O O O O O O O O O O O O O O O O B-FIRSTNAME O O O O O O B-DATE I-DATE I-DATE I-DATE I-DATE I-DATE O B-STREET I-STREET I-STREET I-STREET I-STREET I-STREET I-STREET O O O O O O O O O B-PHONENUMBER I-PHONENUMBER I-PHONENUMBER I-PHONENUMBER O O O O B-EMAIL I-EMAIL I-EMAIL I-EMAIL I-EMAIL I-EMAIL I-EMAIL I-EMAIL I-EMAIL O,O O O O O O O O O O O O O O O O O B-SEX O O O O O O B-DATE I-DATE I-DATE I-DATE I-DATE I-DATE O B-STREET I-STREET I-STREET I-STREET I-STREET I-STREET I-STREET O O O O O O O O O B-PHONENUMBER I-PHONENUMBER I-PHONENUMBER I-PHONENUMBER O O O O B-EMAIL I-EMAIL I-EMAIL I-EMAIL I-EMAIL I-EMAIL I-EMAIL I-EMAIL I-EMAIL O
1239,"Kính gửi các bậc phụ huynh! Để cập nhật, buổi tư vấn của trường mà ban đầu được dự kiến vào ngày 03/10/1987 đã được dời lại. Xin vui lòng cập nhật lịch của quý vị và liên hệ với tôi qua số 7699766112960394 nếu có bất kỳ thắc mắc nào.",True,0.5,"[{""type"": ""DOB"", ""start"": 19, ""end"": 22, ""text"": ""03/@@ 10/@@ 1987""}, {""type"": ""MASKEDNUMBER"", ""start"": 39, ""end"": 47, ""text"": ""76@@ 99@@ 7@@ 66@@ 112@@ 9@@ 60@@ 394""}]","[{""type"": ""DATE"", ""start"": 19, ""end"": 22, ""text"": ""03/@@ 10/@@ 1987""}, {""type"": ""MASKEDNUMBER"", ""start"": 39, ""end"": 47, ""text"": ""76@@ 99@@ 7@@ 66@@ 112@@ 9@@ 60@@ 394""}]",O O O O O O O O O O O O O O O O O O O B-DOB I-DOB I-DOB O O O O O O O O O O O O O O O O O B-MASKEDNUMBER I-MASKEDNUMBER I-MASKEDNUMBER I-MASKEDNUMBER I-MASKEDNUMBER I-MASKEDNUMBER I-MASKEDNUMBER I-MASKEDNUMBER O O O O O O,O O O O O O O O O O O O O O O O O O O B-DATE I-DATE I-DATE O O O O O O O O O O O O O O O O O B-MASKEDNUMBER I-MASKEDNUMBER I-MASKEDNUMBER I-MASKEDNUMBER I-MASKEDNUMBER I-MASKEDNUMBER I-MASKEDNUMBER I-MASKEDNUMBER O O O O O O,0.5,"[{""type"": ""DOB"", ""start"": 19, ""end"": 22, ""text"": ""03/@@ 10/@@ 1987""}, {""type"": ""MASKEDNUMBER"", ""start"": 39, ""end"": 47, ""text"": ""76@@ 99@@ 7@@ 66@@ 112@@ 9@@ 60@@ 394""}]","[{""type"": ""DATE"", ""start"": 19, ""end"": 22, ""text"": ""03/@@ 10/@@ 1987""}, {""type"": ""MASKEDNUMBER"", ""start"": 39, ""end"": 47, ""text"": ""76@@ 99@@ 7@@ 66@@ 112@@ 9@@ 60@@ 394""}]",O O O O O O O O O O O O O O O O O O O B-DOB I-DOB I-DOB O O O O O O O O O O O O O O O O O B-MASKEDNUMBER I-MASKEDNUMBER I-MASKEDNUMBER I-MASKEDNUMBER I-MASKEDNUMBER I-MASKEDNUMBER I-MASKEDNUMBER I-MASKEDNUMBER O O O O O O,O O O O O O O O O O O O O O O O O O O B-DATE I-DATE I-DATE O O O O O O O O O O O O O O O O O B-MASKEDNUMBER I-MASKEDNUMBER I-MASKEDNUMBER I-MASKEDNUMBER I-MASKEDNUMBER I-MASKEDNUMBER I-MASKEDNUMBER I-MASKEDNUMBER O O O O O O,0.5,"[{""type"": ""DOB"", ""start"": 19, ""end"": 22, ""text"": ""03/@@ 10/@@ 1987""}, {""type"": ""MASKEDNUMBER"", ""start"": 39, ""end"": 47, ""text"": ""76@@ 99@@ 7@@ 66@@ 112@@ 9@@ 60@@ 394""}]","[{""type"": ""DATE"", ""start"": 19, ""end"": 22, ""text"": ""03/@@ 10/@@ 1987""}, {""type"": ""MASKEDNUMBER"", ""start"": 39, ""end"": 47, ""text"": ""76@@ 99@@ 7@@ 66@@ 112@@ 9@@ 60@@ 394""}]",O O O O O O O O O O O O O O O O O O O B-DOB I-DOB I-DOB O O O O O O O O O O O O O O O O O B-MASKEDNUMBER I-MASKEDNUMBER I-MASKEDNUMBER I-MASKEDNUMBER I-MASKEDNUMBER I-MASKEDNUMBER I-MASKEDNUMBER I-MASKEDNUMBER O O O O O O,O O O O O O O O O O O O O O O O O O O B-DATE I-DATE I-DATE O O O O O O O O O O O O O O O O O B-MASKEDNUMBER I-MASKEDNUMBER I-MASKEDNUMBER I-MASKEDNUMBER I-MASKEDNUMBER I-MASKEDNUMBER I-MASKEDNUMBER I-MASKEDNUMBER O O O O O O,0.5,"[{""type"": ""DOB"", ""start"": 26, ""end"": 29, ""text"": ""▁03 /10/ 1987""}, {""type"": ""MASKEDNUMBER"", ""start"": 51, ""end"": 57, ""text"": ""▁76 997 661 12 960 394""}]","[{""type"": ""DATE"", ""start"": 26, ""end"": 29, ""text"": ""▁03 /10/ 1987""}, {""type"": ""MASKEDNUMBER"", ""start"": 51, ""end"": 57, ""text"": ""▁76 997 661 12 960 394""}]",O O O O O O O O O O O O O O O O O O O O O O O O O O B-DOB I-DOB I-DOB O O O O O O O O O O O O O O O O O O O O O O B-MASKEDNUMBER I-MASKEDNUMBER I-MASKEDNUMBER I-MASKEDNUMBER I-MASKEDNUMBER I-MASKEDNUMBER O O O O O O O O O,O O O O O O O O O O O O O O O O O O O O O O O O O O B-DATE I-DATE I-DATE O O O O O O O O O O O O O O O O O O O O O O B-MASKEDNUMBER I-MASKEDNUMBER I-MASKEDNUMBER I-MASKEDNUMBER I-MASKEDNUMBER I-MASKEDNUMBER O O O O O O O O O
1283,"Chào nam_1997, khi chúng ta thảo luận về các vấn đề đạo đức trong nghiên cứu di truyền, chúng ta cần làm rõ sự hiểu biết và sự đồng ý của bệnh nhân về việc sử dụng dữ liệu sinh học của họ. Điều này bao gồm các thông tin đã được che giấu (5114576675597694, 6134691682035754, 090911133333 (VietinBank)). Hãy cùng giải quyết vấn đề này tại hội nghị của chúng ta vào ngày 07/06/86.",True,0.8000000000000002,"[{""type"": ""USERNAME"", ""start"": 1, ""end"": 4, ""text"": ""nam _ 1997""}, {""type"": ""MASKEDNUMBER"", ""start"": 44, ""end"": 53, ""text"": ""51@@ 14@@ 57@@ 6@@ 67@@ 55@@ 97@@ 6@@ 94""}, {""type"": ""CREDITCARDNUMBER"", ""start"": 54, ""end"": 64, ""text"": ""6@@ 13@@ 46@@ 9@@ 16@@ 8@@ 20@@ 35@@ 7@@ 54""}, {""type"": ""ACCOUNTNUMBER"", ""start"": 65, ""end"": 74, ""text"": ""09@@ 09@@ 11@@ 13@@ 33@@ 33 ( VietinBank )""}, {""type"": ""DATE"", ""start"": 87, ""end"": 91, ""text"": ""07/@@ 06 / 86""}]","[{""type"": ""USERNAME"", ""start"": 1, ""end"": 4, ""text"": ""nam _ 1997""}, {""type"": ""MASKEDNUMBER"", ""start"": 44, ""end"": 53, ""text"": ""51@@ 14@@ 57@@ 6@@ 67@@ 55@@ 97@@ 6@@ 94""}, {""type"": ""MASKEDNUMBER"", ""start"": 54, ""end"": 64, ""text"": ""6@@ 13@@ 46@@ 9@@ 16@@ 8@@ 20@@ 35@@ 7@@ 54""}, {""type"": ""ACCOUNTNUMBER"", ""start"": 65, ""end"": 74, ""text"": ""09@@ 09@@ 11@@ 13@@ 33@@ 33 ( VietinBank )""}, {""type"": ""DATE"", ""start"": 87, ""end"": 91, ""text"": ""07/@@ 06 / 86""}]",O B-USERNAME I-USERNAME I-USERNAME O O O O O O O O O O O O O O O O O O O O O O O O O O O O O O O O O O O O O O O O B-MASKEDNUMBER I-MASKEDNUMBER I-MASKEDNUMBER I-MASKEDNUMBER I-MASKEDNUMBER I-MASKEDNUMBER I-MASKEDNUMBER I-MASKEDNUMBER I-MASKEDNUMBER O B-CREDITCARDNUMBER I-CREDITCARDNUMBER I-CREDITCARDNUMBER I-CREDITCARDNUMBER I-CREDITCARDNUMBER I-CREDITCARDNUMBER I-CREDITCARDNUMBER I-CREDITCARDNUMBER I-CREDITCARDNUMBER I-CREDITCARDNUMBER O B-ACCOUNTNUMBER I-ACCOUNTNUMBER I-ACCOUNTNUMBER I-ACCOUNTNUMBER I-ACCOUNTNUMBER I-ACCOUNTNUMBER I-ACCOUNTNUMBER I-ACCOUNTNUMBER I-ACCOUNTNUMBER O O O O O O O O O O O O O B-DATE I-DATE I-DATE I-DATE O,O B-USERNAME I-USERNAME I-USERNAME O O O O O O O O O O O O O O O O O O O O O O O O O O O O O O O O O O O O O O O O B-MASKEDNUMBER I-MASKEDNUMBER I-MASKEDNUMBER I-MASKEDNUMBER I-MASKEDNUMBER I-MASKEDNUMBER I-MASKEDNUMBER I-MASKEDNUMBER I-MASKEDNUMBER O B-MASKEDNUMBER I-MASKEDNUMBER I-MASKEDNUMBER I-MASKEDNUMBER I-MASKEDNUMBER I-MASKEDNUMBER I-MASKEDNUMBER I-MASKEDNUMBER I-MASKEDNUMBER I-MASKEDNUMBER O B-ACCOUNTNUMBER I-ACCOUNTNUMBER I-ACCOUNTNUMBER I-ACCOUNTNUMBER I-ACCOUNTNUMBER I-ACCOUNTNUMBER I-ACCOUNTNUMBER I-ACCOUNTNUMBER I-ACCOUNTNUMBER O O O O O O O O O O O O O B-DATE I-DATE I-DATE I-DATE O,0.5454545454545454,"[{""type"": ""USERNAME"", ""start"": 1, ""end"": 4, ""text"": ""nam _ 1997""}, {""type"": ""MASKEDNUMBER"", ""start"": 44, ""end"": 53, ""text"": ""51@@ 14@@ 57@@ 6@@ 67@@ 55@@ 97@@ 6@@ 94""}, {""type"": ""CREDITCARDNUMBER"", ""start"": 54, ""end"": 64, ""text"": ""6@@ 13@@ 46@@ 9@@ 16@@ 8@@ 20@@ 35@@ 7@@ 54""}, {""type"": ""ACCOUNTNUMBER"", ""start"": 65, ""end"": 74, ""text"": ""09@@ 09@@ 11@@ 13@@ 33@@ 33 ( VietinBank )""}, {""type"": ""DATE"", ""start"": 87, ""end"": 91, ""text"": ""07/@@ 06 / 86""}]","[{""type"": ""GENDER"", ""start"": 1, ""end"": 2, ""text"": ""nam""}, {""type"": ""USERNAME"", ""start"": 2, ""end"": 4, ""text"": ""_ 1997""}, {""type"": ""MASKEDNUMBER"", ""start"": 44, ""end"": 53, ""text"": ""51@@ 14@@ 57@@ 6@@ 67@@ 55@@ 97@@ 6@@ 94""}, {""type"": ""MASKEDNUMBER"", ""start"": 54, ""end"": 64, ""text"": ""6@@ 13@@ 46@@ 9@@ 16@@ 8@@ 20@@ 35@@ 7@@ 54""}, {""type"": ""ACCOUNTNUMBER"", ""start"": 65, ""end"": 74, ""text"": ""09@@ 09@@ 11@@ 13@@ 33@@ 33 ( VietinBank )""}, {""type"": ""DATE"", ""start"": 87, ""end"": 91, ""text"": ""07/@@ 06 / 86""}]",O B-USERNAME I-USERNAME I-USERNAME O O O O O O O O O O O O O O O O O O O O O O O O O O O O O O O O O O O O O O O O B-MASKEDNUMBER I-MASKEDNUMBER I-MASKEDNUMBER I-MASKEDNUMBER I-MASKEDNUMBER I-MASKEDNUMBER I-MASKEDNUMBER I-MASKEDNUMBER I-MASKEDNUMBER O B-CREDITCARDNUMBER I-CREDITCARDNUMBER I-CREDITCARDNUMBER I-CREDITCARDNUMBER I-CREDITCARDNUMBER I-CREDITCARDNUMBER I-CREDITCARDNUMBER I-CREDITCARDNUMBER I-CREDITCARDNUMBER I-CREDITCARDNUMBER O B-ACCOUNTNUMBER I-ACCOUNTNUMBER I-ACCOUNTNUMBER I-ACCOUNTNUMBER I-ACCOUNTNUMBER I-ACCOUNTNUMBER I-ACCOUNTNUMBER I-ACCOUNTNUMBER I-ACCOUNTNUMBER O O O O O O O O O O O O O B-DATE I-DATE I-DATE I-DATE O,O B-GENDER I-USERNAME I-USERNAME O O O O O O O O O O O O O O O O O O O O O O O O O O O O O O O O O O O O O O O O B-MASKEDNUMBER I-MASKEDNUMBER I-MASKEDNUMBER I-MASKEDNUMBER I-MASKEDNUMBER I-MASKEDNUMBER I-MASKEDNUMBER I-MASKEDNUMBER I-MASKEDNUMBER O B-MASKEDNUMBER I-MASKEDNUMBER I-MASKEDNUMBER I-MASKEDNUMBER I-MASKEDNUMBER I-MASKEDNUMBER I-MASKEDNUMBER I-MASKEDNUMBER I-MASKEDNUMBER I-MASKEDNUMBER O B-ACCOUNTNUMBER I-ACCOUNTNUMBER I-ACCOUNTNUMBER I-ACCOUNTNUMBER I-ACCOUNTNUMBER I-ACCOUNTNUMBER I-ACCOUNTNUMBER I-ACCOUNTNUMBER I-ACCOUNTNUMBER O O O O O O O O O O O O O B-DATE I-DATE I-DATE I-DATE O,0.8000000000000002,"[{""type"": ""USERNAME"", ""start"": 1, ""end"": 4, ""text"": ""nam _ 1997""}, {""type"": ""MASKEDNUMBER"", ""start"": 44, ""end"": 53, ""text"": ""51@@ 14@@ 57@@ 6@@ 67@@ 55@@ 97@@ 6@@ 94""}, {""type"": ""CREDITCARDNUMBER"", ""start"": 54, ""end"": 64, ""text"": ""6@@ 13@@ 46@@ 9@@ 16@@ 8@@ 20@@ 35@@ 7@@ 54""}, {""type"": ""ACCOUNTNUMBER"", ""start"": 65, ""end"": 74, ""text"": ""09@@ 09@@ 11@@ 13@@ 33@@ 33 ( VietinBank )""}, {""type"": ""DATE"", ""start"": 87, ""end"": 91, ""text"": ""07/@@ 06 / 86""}]","[{""type"": ""USERNAME"", ""start"": 1, ""end"": 4, ""text"": ""nam _ 1997""}, {""type"": ""MASKEDNUMBER"", ""start"": 44, ""end"": 53, ""text"": ""51@@ 14@@ 57@@ 6@@ 67@@ 55@@ 97@@ 6@@ 94""}, {""type"": ""MASKEDNUMBER"", ""start"": 54, ""end"": 64, ""text"": ""6@@ 13@@ 46@@ 9@@ 16@@ 8@@ 20@@ 35@@ 7@@ 54""}, {""type"": ""ACCOUNTNUMBER"", ""start"": 65, ""end"": 74, ""text"": ""09@@ 09@@ 11@@ 13@@ 33@@ 33 ( VietinBank )""}, {""type"": ""DATE"", ""start"": 87, ""end"": 91, ""text"": ""07/@@ 06 / 86""}]",O B-USERNAME I-USERNAME I-USERNAME O O O O O O O O O O O O O O O O O O O O O O O O O O O O O O O O O O O O O O O O B-MASKEDNUMBER I-MASKEDNUMBER I-MASKEDNUMBER I-MASKEDNUMBER I-MASKEDNUMBER I-MASKEDNUMBER I-MASKEDNUMBER I-MASKEDNUMBER I-MASKEDNUMBER O B-CREDITCARDNUMBER I-CREDITCARDNUMBER I-CREDITCARDNUMBER I-CREDITCARDNUMBER I-CREDITCARDNUMBER I-CREDITCARDNUMBER I-CREDITCARDNUMBER I-CREDITCARDNUMBER I-CREDITCARDNUMBER I-CREDITCARDNUMBER O B-ACCOUNTNUMBER I-ACCOUNTNUMBER I-ACCOUNTNUMBER I-ACCOUNTNUMBER I-ACCOUNTNUMBER I-ACCOUNTNUMBER I-ACCOUNTNUMBER I-ACCOUNTNUMBER I-ACCOUNTNUMBER O O O O O O O O O O O O O B-DATE I-DATE I-DATE I-DATE O,O B-USERNAME I-USERNAME I-USERNAME O O O O O O O O O O O O O O O O O O O O O O O O O O O O O O O O O O O O O O O O B-MASKEDNUMBER I-MASKEDNUMBER I-MASKEDNUMBER I-MASKEDNUMBER I-MASKEDNUMBER I-MASKEDNUMBER I-MASKEDNUMBER I-MASKEDNUMBER I-MASKEDNUMBER O B-MASKEDNUMBER I-MASKEDNUMBER I-MASKEDNUMBER I-MASKEDNUMBER I-MASKEDNUMBER I-MASKEDNUMBER I-MASKEDNUMBER I-MASKEDNUMBER I-MASKEDNUMBER I-MASKEDNUMBER O B-ACCOUNTNUMBER I-ACCOUNTNUMBER I-ACCOUNTNUMBER I-ACCOUNTNUMBER I-ACCOUNTNUMBER I-ACCOUNTNUMBER I-ACCOUNTNUMBER I-ACCOUNTNUMBER I-ACCOUNTNUMBER O O O O O O O O O O O O O B-DATE I-DATE I-DATE I-DATE O,0.8000000000000002,"[{""type"": ""USERNAME"", ""start"": 1, ""end"": 4, ""text"": ""▁nam _ 1997""}, {""type"": ""MASKEDNUMBER"", ""start"": 60, ""end"": 66, ""text"": ""114 57 667 559 76 94""}, {""type"": ""CREDITCARDNUMBER"", ""start"": 67, ""end"": 74, ""text"": ""▁6 13 469 168 20 357 54""}, {""type"": ""ACCOUNTNUMBER"", ""start"": 75, ""end"": 85, ""text"": ""▁09 09 11 133 333 ▁( Vi etin Bank )""}, {""type"": ""DATE"", ""start"": 101, ""end"": 105, ""text"": ""▁07 /06 / 86""}]","[{""type"": ""USERNAME"", ""start"": 1, ""end"": 4, ""text"": ""▁nam _ 1997""}, {""type"": ""CREDITCARDNUMBER"", ""start"": 60, ""end"": 66, ""text"": ""114 57 667 559 76 94""}, {""type"": ""CREDITCARDNUMBER"", ""start"": 67, ""end"": 74, ""text"": ""▁6 13 469 168 20 357 54""}, {""type"": ""ACCOUNTNUMBER"", ""start"": 75, ""end"": 85, ""text"": ""▁09 09 11 133 333 ▁( Vi etin Bank )""}, {""type"": ""DATE"", ""start"": 101, ""end"": 105, ""text"": ""▁07 /06 / 86""}]",O B-USERNAME I-USERNAME I-USERNAME O O O O O O O O O O O O O O O O O O O O O O O O O O O O O O O O O O O O O O O O O O O O O O O O O O O O O O O O I-MASKEDNUMBER I-MASKEDNUMBER I-MASKEDNUMBER I-MASKEDNUMBER I-MASKEDNUMBER I-MASKEDNUMBER O B-CREDITCARDNUMBER I-CREDITCARDNUMBER I-CREDITCARDNUMBER I-CREDITCARDNUMBER I-CREDITCARDNUMBER I-CREDITCARDNUMBER I-CREDITCARDNUMBER O B-ACCOUNTNUMBER I-ACCOUNTNUMBER I-ACCOUNTNUMBER I-ACCOUNTNUMBER I-ACCOUNTNUMBER I-ACCOUNTNUMBER I-ACCOUNTNUMBER I-ACCOUNTNUMBER I-ACCOUNTNUMBER I-ACCOUNTNUMBER O O O O O O O O O O O O O O O O B-DATE I-DATE I-DATE I-DATE O,O B-USERNAME I-USERNAME I-USERNAME O O O O O O O O O O O O O O O O O O O O O O O O O O O O O O O O O O O O O O O O O O O O O O O O O O O O O O O O I-CREDITCARDNUMBER I-CREDITCARDNUMBER I-CREDITCARDNUMBER I-CREDITCARDNUMBER I-CREDITCARDNUMBER I-CREDITCARDNUMBER O B-CREDITCARDNUMBER I-CREDITCARDNUMBER I-CREDITCARDNUMBER I-CREDITCARDNUMBER I-CREDITCARDNUMBER I-CREDITCARDNUMBER I-CREDITCARDNUMBER O B-ACCOUNTNUMBER I-ACCOUNTNUMBER I-ACCOUNTNUMBER I-ACCOUNTNUMBER I-ACCOUNTNUMBER I-ACCOUNTNUMBER I-ACCOUNTNUMBER I-ACCOUNTNUMBER I-ACCOUNTNUMBER I-ACCOUNTNUMBER O O O O O O O O O O O O O O O O B-DATE I-DATE I-DATE I-DATE O
1337,Chúng tôi nhận thấy con của bạn Georgette_Abbott đã thể hiện sự quan tâm đến Kinh tế. Chúng tôi khuyên cô ấy nên bắt đầu với https://far-flung-protection.info. Vui lòng xác nhận trước 08-05-1987.,True,0.6666666666666666,"[{""type"": ""USERNAME"", ""start"": 6, ""end"": 10, ""text"": ""Georg@@ ette _ Abbott""}, {""type"": ""URL"", ""start"": 24, ""end"": 37, ""text"": ""htt@@ ps@@ ://@@ f@@ ar-@@ flu@@ ng-@@ pro@@ te@@ cti@@ on@@ .@@ info@@""}, {""type"": ""DOB"", ""start"": 42, ""end"": 46, ""text"": ""0@@ 8-@@ 05-@@ 1987""}]","[{""type"": ""USERNAME"", ""start"": 6, ""end"": 10, ""text"": ""Georg@@ ette _ Abbott""}, {""type"": ""URL"", ""start"": 24, ""end"": 37, ""text"": ""htt@@ ps@@ ://@@ f@@ ar-@@ flu@@ ng-@@ pro@@ te@@ cti@@ on@@ .@@ info@@""}, {""type"": ""DATE"", ""start"": 42, ""end"": 46, ""text"": ""0@@ 8-@@ 05-@@ 1987""}]",O O O O O O B-USERNAME I-USERNAME I-USERNAME I-USERNAME O O O O O O O O O O O O O O B-URL I-URL I-URL I-URL I-URL I-URL I-URL I-URL I-URL I-URL I-URL I-URL I-URL O O O O O B-DOB I-DOB I-DOB I-DOB O,O O O O O O B-USERNAME I-USERNAME I-USERNAME I-USERNAME O O O O O O O O O O O O O O B-URL I-URL I-URL I-URL I-URL I-URL I-URL I-URL I-URL I-URL I-URL I-URL I-URL O O O O O B-DATE I-DATE I-DATE I-DATE O,0.6666666666666666,"[{""type"": ""USERNAME"", ""start"": 6, ""end"": 10, ""text"": ""Georg@@ ette _ Abbott""}, {""type"": ""URL"", ""start"": 24, ""end"": 37, ""text"": ""htt@@ ps@@ ://@@ f@@ ar-@@ flu@@ ng-@@ pro@@ te@@ cti@@ on@@ .@@ info@@""}, {""type"": ""DOB"", ""start"": 42, ""end"": 46, ""text"": ""0@@ 8-@@ 05-@@ 1987""}]","[{""type"": ""USERNAME"", ""start"": 6, ""end"": 10, ""text"": ""Georg@@ ette _ Abbott""}, {""type"": ""URL"", ""start"": 24, ""end"": 37, ""text"": ""htt@@ ps@@ ://@@ f@@ ar-@@ flu@@ ng-@@ pro@@ te@@ cti@@ on@@ .@@ info@@""}, {""type"": ""DATE"", ""start"": 42, ""end"": 46, ""text"": ""0@@ 8-@@ 05-@@ 1987""}]",O O O O O O B-USERNAME I-USERNAME I-USERNAME I-USERNAME O O O O O O O O O O O O O O B-URL I-URL I-URL I-URL I-URL I-URL I-URL I-URL I-URL I-URL I-URL I-URL I-URL O O O O O B-DOB I-DOB I-DOB I-DOB O,O O O O O O B-USERNAME I-USERNAME I-USERNAME I-USERNAME O O O O O O O O O O O O O O B-URL I-URL I-URL I-URL I-URL I-URL I-URL I-URL I-URL I-URL I-URL I-URL I-URL O O O O O B-DATE I-DATE I-DATE I-DATE O,0.5714285714285715,"[{""type"": ""USERNAME"", ""start"": 6, ""end"": 10, ""text"": ""Georg@@ ette _ Abbott""}, {""type"": ""URL"", ""start"": 24, ""end"": 37, ""text"": ""htt@@ ps@@ ://@@ f@@ ar-@@ flu@@ ng-@@ pro@@ te@@ cti@@ on@@ .@@ info@@""}, {""type"": ""DOB"", ""start"": 42, ""end"": 46, ""text"": ""0@@ 8-@@ 05-@@ 1987""}]","[{""type"": ""USERNAME"", ""start"": 6, ""end"": 10, ""text"": ""Georg@@ ette _ Abbott""}, {""type"": ""JOBAREA"", ""start"": 15, ""end"": 16, ""text"": ""Kinh_tế""}, {""type"": ""URL"", ""start"": 24, ""end"": 37, ""text"": ""htt@@ ps@@ ://@@ f@@ ar-@@ flu@@ ng-@@ pro@@ te@@ cti@@ on@@ .@@ info@@""}, {""type"": ""DATE"", ""start"": 42, ""end"": 46, ""text"": ""0@@ 8-@@ 05-@@ 1987""}]",O O O O O O B-USERNAME I-USERNAME I-USERNAME I-USERNAME O O O O O O O O O O O O O O B-URL I-URL I-URL I-URL I-URL I-URL I-URL I-URL I-URL I-URL I-URL I-URL I-URL O O O O O B-DOB I-DOB I-DOB I-DOB O,O O O O O O B-USERNAME I-USERNAME I-USERNAME I-USERNAME O O O O O B-JOBAREA O O O O O O O O B-URL I-URL I-URL I-URL I-URL I-URL I-URL I-URL I-URL I-URL I-URL I-URL I-URL O O O O O B-DATE I-DATE I-DATE I-DATE O,0.5714285714285715,"[{""type"": ""USERNAME"", ""start"": 7, ""end"": 13, ""text"": ""▁George tte _ Ab bot t""}, {""type"": ""URL"", ""start"": 32, ""end"": 43, ""text"": ""▁https :// far - f lung - protec tion . info""}, {""type"": ""DOB"", ""start"": 49, ""end"": 52, ""text"": ""▁08 -05- 1987""}]","[{""type"": ""USERNAME"", ""start"": 7, ""end"": 13, ""text"": ""▁George tte _ Ab bot t""}, {""type"": ""JOBAREA"", ""start"": 20, ""end"": 22, ""text"": ""▁Kinh ▁tế""}, {""type"": ""URL"", ""start"": 32, ""end"": 43, ""text"": ""▁https :// far - f lung - protec tion . info""}, {""type"": ""DATE"", ""start"": 49, ""end"": 52, ""text"": ""▁08 -05- 1987""}]",O O O O O O O B-USERNAME I-USERNAME I-USERNAME I-USERNAME I-USERNAME I-USERNAME O O O O O O O O O O O O O O O O O O O B-URL I-URL I-URL I-URL I-URL I-URL I-URL I-URL I-URL I-URL I-URL O O O O O O B-DOB I-DOB I-DOB O,O O O O O O O B-USERNAME I-USERNAME I-USERNAME I-USERNAME I-USERNAME I-USERNAME O O O O O O O B-JOBAREA I-JOBAREA O O O O O O O O O O B-URL I-URL I-URL I-URL I-URL I-URL I-URL I-URL I-URL I-URL I-URL O O O O O O B-DATE I-DATE I-DATE O
1354,"Xin chào Thảo, bạn có 82 tuổi. Hãy đạt được thực đơn của Đăng ký Đăng không. Ăn uống tốt hơn cho mắt của bạn, đặc biệt với màu mắt của bạn Xám. Hiện tại, chiều cao của bạn là bình thường cho tuổi trong thời gian này.",True,0.8571428571428571,"[{""type"": ""FIRSTNAME"", ""start"": 2, ""end"": 3, ""text"": ""Thảo""}, {""type"": ""AGE"", ""start"": 6, ""end"": 7, ""text"": ""82""}, {""type"": ""EYECOLOR"", ""start"": 32, ""end"": 33, ""text"": ""Xám""}]","[{""type"": ""FIRSTNAME"", ""start"": 2, ""end"": 3, ""text"": ""Thảo""}, {""type"": ""AGE"", ""start"": 6, ""end"": 7, ""text"": ""82""}, {""type"": ""FIRSTNAME"", ""start"": 15, ""end"": 16, ""text"": ""Đăng""}, {""type"": ""EYECOLOR"", ""start"": 32, ""end"": 33, ""text"": ""Xám""}]",O O B-FIRSTNAME O O O B-AGE O O O O O O O O O O O O O O O O O O O O O O O O O B-EYECOLOR O O O O O O O O O O O O O O O,O O B-FIRSTNAME O O O B-AGE O O O O O O O O B-FIRSTNAME O O O O O O O O O O O O O O O O B-EYECOLOR O O O O O O O O O O O O O O O,0.8571428571428571,"[{""type"": ""FIRSTNAME"", ""start"": 2, ""end"": 3, ""text"": ""Thảo""}, {""type"": ""AGE"", ""start"": 6, ""end"": 7, ""text"": ""82""}, {""type"": ""EYECOLOR"", ""start"": 32, ""end"": 33, ""text"": ""Xám""}]","[{""type"": ""FIRSTNAME"", ""start"": 2, ""end"": 3, ""text"": ""Thảo""}, {""type"": ""AGE"", ""start"": 6, ""end"": 7, ""text"": ""82""}, {""type"": ""FIRSTNAME"", ""start"": 15, ""end"": 16, ""text"": ""Đăng""}, {""type"": ""EYECOLOR"", ""start"": 32, ""end"": 33, ""text"": ""Xám""}]",O O B-FIRSTNAME O O O B-AGE O O O O O O O O O O O O O O O O O O O O O O O O O B-EYECOLOR O O O O O O O O O O O O O O O,O O B-FIRSTNAME O O O B-AGE O O O O O O O O B-FIRSTNAME O O O O O O O O O O O O O O O O B-EYECOLOR O O O O O O O O O O O O O O O,0.8571428571428571,"[{""type"": ""FIRSTNAME"", ""start"": 2, ""end"": 3, ""text"": ""Thảo""}, {""type"": ""AGE"", ""start"": 6, ""end"": 7, ""text"": ""82""}, {""type"": ""EYECOLOR"", ""start"": 32, ""end"": 33, ""text"": ""Xám""}]","[{""type"": ""FIRSTNAME"", ""start"": 2, ""end"": 3, ""text"": ""Thảo""}, {""type"": ""AGE"", ""start"": 6, ""end"": 7, ""text"": ""82""}, {""type"": ""FIRSTNAME"", ""start"": 15, ""end"": 16, ""text"": ""Đăng""}, {""type"": ""EYECOLOR"", ""start"": 32, ""end"": 33, ""text"": ""Xám""}]",O O B-FIRSTNAME O O O B-AGE O O O O O O O O O O O O O O O O O O O O O O O O O B-EYECOLOR O O O O O O O O O O O O O O O,O O B-FIRSTNAME O O O B-AGE O O O O O O O O B-FIRSTNAME O O O O O O O O O O O O O O O O B-EYECOLOR O O O O O O O O O O O O O O O,0.8571428571428571,"[{""type"": ""FIRSTNAME"", ""start"": 2, ""end"": 3, ""text"": ""▁Thảo""}, {""type"": ""AGE"", ""start"": 6, ""end"": 7, ""text"": ""▁82""}, {""type"": ""EYECOLOR"", ""start"": 36, ""end"": 38, ""text"": ""▁X ám""}]","[{""type"": ""FIRSTNAME"", ""start"": 2, ""end"": 3, ""text"": ""▁Thảo""}, {""type"": ""AGE"", ""start"": 6, ""end"": 7, ""text"": ""▁82""}, {""type"": ""COMPANYNAME"", ""start"": 15, ""end"": 18, ""text"": ""▁Đăng ▁ký ▁Đăng""}, {""type"": ""EYECOLOR"", ""start"": 36, ""end"": 38, ""text"": ""▁X ám""}]",O O B-FIRSTNAME O O O B-AGE O O O O O O O O O O O O O O O O O O O O O O O O O O O O O B-EYECOLOR I-EYECOLOR O O O O O O O O O O O O O O O O O O,O O B-FIRSTNAME O O O B-AGE O O O O O O O O B-COMPANYNAME I-COMPANYNAME I-COMPANYNAME O O O O O O O O O O O O O O O O O O B-EYECOLOR I-EYECOLOR O O O O O O O O O O O O O O O O O O
1357,"Chúng tôi đã nhận được khoản tiền cho xét nghiệm dược lý gen của Tuấn bằng VND, từ IBAN MD8477K329407310257274J0.",True,0.6666666666666666,"[{""type"": ""MIDDLENAME"", ""start"": 12, ""end"": 13, ""text"": ""Tuấn""}, {""type"": ""CURRENCYCODE"", ""start"": 14, ""end"": 15, ""text"": ""VND""}, {""type"": ""IBAN"", ""start"": 19, ""end"": 34, ""text"": ""MD@@ 8@@ 47@@ 7@@ K 3@@ 29@@ 40@@ 73@@ 10@@ 25@@ 7@@ 274 J 0""}]","[{""type"": ""FIRSTNAME"", ""start"": 12, ""end"": 13, ""text"": ""Tuấn""}, {""type"": ""CURRENCYCODE"", ""start"": 14, ""end"": 15, ""text"": ""VND""}, {""type"": ""IBAN"", ""start"": 19, ""end"": 34, ""text"": ""MD@@ 8@@ 47@@ 7@@ K 3@@ 29@@ 40@@ 73@@ 10@@ 25@@ 7@@ 274 J 0""}]",O O O O O O O O O O O O B-MIDDLENAME O B-CURRENCYCODE O O O O B-IBAN I-IBAN I-IBAN I-IBAN I-IBAN I-IBAN I-IBAN I-IBAN I-IBAN I-IBAN I-IBAN I-IBAN I-IBAN I-IBAN I-IBAN O,O O O O O O O O O O O O B-FIRSTNAME O B-CURRENCYCODE O O O O B-IBAN I-IBAN I-IBAN I-IBAN I-IBAN I-IBAN I-IBAN I-IBAN I-IBAN I-IBAN I-IBAN I-IBAN I-IBAN I-IBAN I-IBAN O,0.6666666666666666,"[{""type"": ""MIDDLENAME"", ""start"": 12, ""end"": 13, ""text"": ""Tuấn""}, {""type"": ""CURRENCYCODE"", ""start"": 14, ""end"": 15, ""text"": ""VND""}, {""type"": ""IBAN"", ""start"": 19, ""end"": 34, ""text"": ""MD@@ 8@@ 47@@ 7@@ K 3@@ 29@@ 40@@ 73@@ 10@@ 25@@ 7@@ 274 J 0""}]","[{""type"": ""FIRSTNAME"", ""start"": 12, ""end"": 13, ""text"": ""Tuấn""}, {""type"": ""CURRENCYCODE"", ""start"": 14, ""end"": 15, ""text"": ""VND""}, {""type"": ""IBAN"", ""start"": 19, ""end"": 34, ""text"": ""MD@@ 8@@ 47@@ 7@@ K 3@@ 29@@ 40@@ 73@@ 10@@ 25@@ 7@@ 274 J 0""}]",O O O O O O O O O O O O B-MIDDLENAME O B-CURRENCYCODE O O O O B-IBAN I-IBAN I-IBAN I-IBAN I-IBAN I-IBAN I-IBAN I-IBAN I-IBAN I-IBAN I-IBAN I-IBAN I-IBAN I-IBAN I-IBAN O,O O O O O O O O O O O O B-FIRSTNAME O B-CURRENCYCODE O O O O B-IBAN I-IBAN I-IBAN I-IBAN I-IBAN I-IBAN I-IBAN I-IBAN I-IBAN I-IBAN I-IBAN I-IBAN I-IBAN I-IBAN I-IBAN O,0.6666666666666666,"[{""type"": ""MIDDLENAME"", ""start"": 12, ""end"": 13, ""text"": ""Tuấn""}, {""type"": ""CURRENCYCODE"", ""start"": 14, ""end"": 15, ""text"": ""VND""}, {""type"": ""IBAN"", ""start"": 19, ""end"": 34, ""text"": ""MD@@ 8@@ 47@@ 7@@ K 3@@ 29@@ 40@@ 73@@ 10@@ 25@@ 7@@ 274 J 0""}]","[{""type"": ""FIRSTNAME"", ""start"": 12, ""end"": 13, ""text"": ""Tuấn""}, {""type"": ""CURRENCYCODE"", ""start"": 14, ""end"": 15, ""text"": ""VND""}, {""type"": ""IBAN"", ""start"": 19, ""end"": 34, ""text"": ""MD@@ 8@@ 47@@ 7@@ K 3@@ 29@@ 40@@ 73@@ 10@@ 25@@ 7@@ 274 J 0""}]",O O O O O O O O O O O O B-MIDDLENAME O B-CURRENCYCODE O O O O B-IBAN I-IBAN I-IBAN I-IBAN I-IBAN I-IBAN I-IBAN I-IBAN I-IBAN I-IBAN I-IBAN I-IBAN I-IBAN I-IBAN I-IBAN O,O O O O O O O O O O O O B-FIRSTNAME O B-CURRENCYCODE O O O O B-IBAN I-IBAN I-IBAN I-IBAN I-IBAN I-IBAN I-IBAN I-IBAN I-IBAN I-IBAN I-IBAN I-IBAN I-IBAN I-IBAN I-IBAN O,0.6666666666666666,"[{""type"": ""MIDDLENAME"", ""start"": 14, ""end"": 15, ""text"": ""▁Tuấn""}, {""type"": ""CURRENCYCODE"", ""start"": 16, ""end"": 18, ""text"": ""▁V ND""}, {""type"": ""IBAN"", ""start"": 22, ""end"": 35, ""text"": ""▁MD 8 477 K 3 29 40 73 102 572 74 J 0""}]","[{""type"": ""FIRSTNAME"", ""start"": 14, ""end"": 15, ""text"": ""▁Tuấn""}, {""type"": ""CURRENCYCODE"", ""start"": 16, ""end"": 18, ""text"": ""▁V ND""}, {""type"": ""IBAN"", ""start"": 22, ""end"": 35, ""text"": ""▁MD 8 477 K 3 29 40 73 102 572 74 J 0""}]",O O O O O O O O O O O O O O B-MIDDLENAME O B-CURRENCYCODE I-CURRENCYCODE O O O O B-IBAN I-IBAN I-IBAN I-IBAN I-IBAN I-IBAN I-IBAN I-IBAN I-IBAN I-IBAN I-IBAN I-IBAN I-IBAN O,O O O O O O O O O O O O O O B-FIRSTNAME O B-CURRENCYCODE I-CURRENCYCODE O O O O B-IBAN I-IBAN I-IBAN I-IBAN I-IBAN I-IBAN I-IBAN I-IBAN I-IBAN I-IBAN I-IBAN I-IBAN I-IBAN O
1415,"Để nâng cao hiểu biết của bạn về các Chuyên khoa Y tế, chúng tôi khuyên bạn nên tham gia các chương trình do Hưng Yên cung cấp. Để truy cập các tài nguyên kỹ thuật số, vui lòng sử dụng Mozilla/5.0 (Windows; U; Windows NT 6.1) AppleWebKit/536.1.0 (KHTML, like Gecko) Chrome/24.0.812.0 Safari/536.1.0 làm trình duyệt và BookingCom123 làm mật khẩu đăng nhập của bạn. Nếu vấn đề đăng nhập vẫn tiếp diễn, vui lòng cung cấp cho chúng tôi địa chỉ IP của bạn, đó là 76.242.126.72.",True,0.75,"[{""type"": ""COMPANYNAME"", ""start"": 20, ""end"": 21, ""text"": ""Hưng_Yên""}, {""type"": ""USERAGENT"", ""start"": 31, ""end"": 73, ""text"": ""Mozilla / 5.0 ( Windows ; U ; Windows_@@ NT 6.1 ) Apple@@ Web@@ Kit / 53@@ 6.@@ 1.0 ( KH@@ TM@@ L , like G@@ ec@@ ko ) Chrome / 24@@ .0@@ .@@ 8@@ 12.@@ 0 Safari / 53@@ 6.@@ 1.0""}, {""type"": ""PASSWORD"", ""start"": 76, ""end"": 80, ""text"": ""Boo@@ king@@ Com@@ 123""}, {""type"": ""IPADDRESS"", ""start"": 103, ""end"": 110, ""text"": ""7@@ 6.@@ 24@@ 2.@@ 126 . 72""}]","[{""type"": ""STATE"", ""start"": 20, ""end"": 21, ""text"": ""Hưng_Yên""}, {""type"": ""USERAGENT"", ""start"": 31, ""end"": 73, ""text"": ""Mozilla / 5.0 ( Windows ; U ; Windows_@@ NT 6.1 ) Apple@@ Web@@ Kit / 53@@ 6.@@ 1.0 ( KH@@ TM@@ L , like G@@ ec@@ ko ) Chrome / 24@@ .0@@ .@@ 8@@ 12.@@ 0 Safari / 53@@ 6.@@ 1.0""}, {""type"": ""PASSWORD"", ""start"": 76, ""end"": 80, ""text"": ""Boo@@ king@@ Com@@ 123""}, {""type"": ""IPADDRESS"", ""start"": 103, ""end"": 110, ""text"": ""7@@ 6.@@ 24@@ 2.@@ 126 . 72""}]",O O O O O O O O O O O O O O O O O O O O B-COMPANYNAME O O O O O O O O O O B-USERAGENT I-USERAGENT I-USERAGENT I-USERAGENT I-USERAGENT I-USERAGENT I-USERAGENT I-USERAGENT I-USERAGENT I-USERAGENT I-USERAGENT I-USERAGENT I-USERAGENT I-USERAGENT I-USERAGENT I-USERAGENT I-USERAGENT I-USERAGENT I-USERAGENT I-USERAGENT I-USERAGENT I-USERAGENT I-USERAGENT I-USERAGENT I-USERAGENT I-USERAGENT I-USERAGENT I-USERAGENT I-USERAGENT I-USERAGENT I-USERAGENT I-USERAGENT I-USERAGENT I-USERAGENT I-USERAGENT I-USERAGENT I-USERAGENT I-USERAGENT I-USERAGENT I-USERAGENT I-USERAGENT I-USERAGENT O O O B-PASSWORD I-PASSWORD I-PASSWORD I-PASSWORD O O O O O O O O O O O O O O O O O O O O O O O B-IPADDRESS I-IPADDRESS I-IPADDRESS I-IPADDRESS I-IPADDRESS I-IPADDRESS I-IPADDRESS O,O O O O O O O O O O O O O O O O O O O O B-STATE O O O O O O O O O O B-USERAGENT I-USERAGENT I-USERAGENT I-USERAGENT I-USERAGENT I-USERAGENT I-USERAGENT I-USERAGENT I-USERAGENT I-USERAGENT I-USERAGENT I-USERAGENT I-USERAGENT I-USERAGENT I-USERAGENT I-USERAGENT I-USERAGENT I-USERAGENT I-USERAGENT I-USERAGENT I-USERAGENT I-USERAGENT I-USERAGENT I-USERAGENT I-USERAGENT I-USERAGENT I-USERAGENT I-USERAGENT I-USERAGENT I-USERAGENT I-USERAGENT I-USERAGENT I-USERAGENT I-USERAGENT I-USERAGENT I-USERAGENT I-USERAGENT I-USERAGENT I-USERAGENT I-USERAGENT I-USERAGENT I-USERAGENT O O O B-PASSWORD I-PASSWORD I-PASSWORD I-PASSWORD O O O O O O O O O O O O O O O O O O O O O O O B-IPADDRESS I-IPADDRESS I-IPADDRESS I-IPADDRESS I-IPADDRESS I-IPADDRESS I-IPADDRESS O,0.75,"[{""type"": ""COMPANYNAME"", ""start"": 20, ""end"": 21, ""text"": ""Hưng_Yên""}, {""type"": ""USERAGENT"", ""start"": 31, ""end"": 73, ""text"": ""Mozilla / 5.0 ( Windows ; U ; Windows_@@ NT 6.1 ) Apple@@ Web@@ Kit / 53@@ 6.@@ 1.0 ( KH@@ TM@@ L , like G@@ ec@@ ko ) Chrome / 24@@ .0@@ .@@ 8@@ 12.@@ 0 Safari / 53@@ 6.@@ 1.0""}, {""type"": ""PASSWORD"", ""start"": 76, ""end"": 80, ""text"": ""Boo@@ king@@ Com@@ 123""}, {""type"": ""IPADDRESS"", ""start"": 103, ""end"": 110, ""text"": ""7@@ 6.@@ 24@@ 2.@@ 126 . 72""}]","[{""type"": ""STATE"", ""start"": 20, ""end"": 21, ""text"": ""Hưng_Yên""}, {""type"": ""USERAGENT"", ""start"": 31, ""end"": 73, ""text"": ""Mozilla / 5.0 ( Windows ; U ; Windows_@@ NT 6.1 ) Apple@@ Web@@ Kit / 53@@ 6.@@ 1.0 ( KH@@ TM@@ L , like G@@ ec@@ ko ) Chrome / 24@@ .0@@ .@@ 8@@ 12.@@ 0 Safari / 53@@ 6.@@ 1.0""}, {""type"": ""PASSWORD"", ""start"": 76, ""end"": 80, ""text"": ""Boo@@ king@@ Com@@ 123""}, {""type"": ""IPADDRESS"", ""start"": 103, ""end"": 110, ""text"": ""7@@ 6.@@ 24@@ 2.@@ 126 . 72""}]",O O O O O O O O O O O O O O O O O O O O B-COMPANYNAME O O O O O O O O O O B-USERAGENT I-USERAGENT I-USERAGENT I-USERAGENT I-USERAGENT I-USERAGENT I-USERAGENT I-USERAGENT I-USERAGENT I-USERAGENT I-USERAGENT I-USERAGENT I-USERAGENT I-USERAGENT I-USERAGENT I-USERAGENT I-USERAGENT I-USERAGENT I-USERAGENT I-USERAGENT I-USERAGENT I-USERAGENT I-USERAGENT I-USERAGENT I-USERAGENT I-USERAGENT I-USERAGENT I-USERAGENT I-USERAGENT I-USERAGENT I-USERAGENT I-USERAGENT I-USERAGENT I-USERAGENT I-USERAGENT I-USERAGENT I-USERAGENT I-USERAGENT I-USERAGENT I-USERAGENT I-USERAGENT I-USERAGENT O O O B-PASSWORD I-PASSWORD I-PASSWORD I-PASSWORD O O O O O O O O O O O O O O O O O O O O O O O B-IPADDRESS I-IPADDRESS I-IPADDRESS I-IPADDRESS I-IPADDRESS I-IPADDRESS I-IPADDRESS O,O O O O O O O O O O O O O O O O O O O O B-STATE O O O O O O O O O O B-USERAGENT I-USERAGENT I-USERAGENT I-USERAGENT I-USERAGENT I-USERAGENT I-USERAGENT I-USERAGENT I-USERAGENT I-USERAGENT I-USERAGENT I-USERAGENT I-USERAGENT I-USERAGENT I-USERAGENT I-USERAGENT I-USERAGENT I-USERAGENT I-USERAGENT I-USERAGENT I-USERAGENT I-USERAGENT I-USERAGENT I-USERAGENT I-USERAGENT I-USERAGENT I-USERAGENT I-USERAGENT I-USERAGENT I-USERAGENT I-USERAGENT I-USERAGENT I-USERAGENT I-USERAGENT I-USERAGENT I-USERAGENT I-USERAGENT I-USERAGENT I-USERAGENT I-USERAGENT I-USERAGENT I-USERAGENT O O O B-PASSWORD I-PASSWORD I-PASSWORD I-PASSWORD O O O O O O O O O O O O O O O O O O O O O O O B-IPADDRESS I-IPADDRESS I-IPADDRESS I-IPADDRESS I-IPADDRESS I-IPADDRESS I-IPADDRESS O,0.75,"[{""type"": ""COMPANYNAME"", ""start"": 20, ""end"": 21, ""text"": ""Hưng_Yên""}, {""type"": ""USERAGENT"", ""start"": 31, ""end"": 73, ""text"": ""Mozilla / 5.0 ( Windows ; U ; Windows_@@ NT 6.1 ) Apple@@ Web@@ Kit / 53@@ 6.@@ 1.0 ( KH@@ TM@@ L , like G@@ ec@@ ko ) Chrome / 24@@ .0@@ .@@ 8@@ 12.@@ 0 Safari / 53@@ 6.@@ 1.0""}, {""type"": ""PASSWORD"", ""start"": 76, ""end"": 80, ""text"": ""Boo@@ king@@ Com@@ 123""}, {""type"": ""IPADDRESS"", ""start"": 103, ""end"": 110, ""text"": ""7@@ 6.@@ 24@@ 2.@@ 126 . 72""}]","[{""type"": ""STATE"", ""start"": 20, ""end"": 21, ""text"": ""Hưng_Yên""}, {""type"": ""USERAGENT"", ""start"": 31, ""end"": 73, ""text"": ""Mozilla / 5.0 ( Windows ; U ; Windows_@@ NT 6.1 ) Apple@@ Web@@ Kit / 53@@ 6.@@ 1.0 ( KH@@ TM@@ L , like G@@ ec@@ ko ) Chrome / 24@@ .0@@ .@@ 8@@ 12.@@ 0 Safari / 53@@ 6.@@ 1.0""}, {""type"": ""PASSWORD"", ""start"": 76, ""end"": 80, ""text"": ""Boo@@ king@@ Com@@ 123""}, {""type"": ""IPADDRESS"", ""start"": 103, ""end"": 110, ""text"": ""7@@ 6.@@ 24@@ 2.@@ 126 . 72""}]",O O O O O O O O O O O O O O O O O O O O B-COMPANYNAME O O O O O O O O O O B-USERAGENT I-USERAGENT I-USERAGENT I-USERAGENT I-USERAGENT I-USERAGENT I-USERAGENT I-USERAGENT I-USERAGENT I-USERAGENT I-USERAGENT I-USERAGENT I-USERAGENT I-USERAGENT I-USERAGENT I-USERAGENT I-USERAGENT I-USERAGENT I-USERAGENT I-USERAGENT I-USERAGENT I-USERAGENT I-USERAGENT I-USERAGENT I-USERAGENT I-USERAGENT I-USERAGENT I-USERAGENT I-USERAGENT I-USERAGENT I-USERAGENT I-USERAGENT I-USERAGENT I-USERAGENT I-USERAGENT I-USERAGENT I-USERAGENT I-USERAGENT I-USERAGENT I-USERAGENT I-USERAGENT I-USERAGENT O O O B-PASSWORD I-PASSWORD I-PASSWORD I-PASSWORD O O O O O O O O O O O O O O O O O O O O O O O B-IPADDRESS I-IPADDRESS I-IPADDRESS I-IPADDRESS I-IPADDRESS I-IPADDRESS I-IPADDRESS O,O O O O O O O O O O O O O O O O O O O O B-STATE O O O O O O O O O O B-USERAGENT I-USERAGENT I-USERAGENT I-USERAGENT I-USERAGENT I-USERAGENT I-USERAGENT I-USERAGENT I-USERAGENT I-USERAGENT I-USERAGENT I-USERAGENT I-USERAGENT I-USERAGENT I-USERAGENT I-USERAGENT I-USERAGENT I-USERAGENT I-USERAGENT I-USERAGENT I-USERAGENT I-USERAGENT I-USERAGENT I-USERAGENT I-USERAGENT I-USERAGENT I-USERAGENT I-USERAGENT I-USERAGENT I-USERAGENT I-USERAGENT I-USERAGENT I-USERAGENT I-USERAGENT I-USERAGENT I-USERAGENT I-USERAGENT I-USERAGENT I-USERAGENT I-USERAGENT I-USERAGENT I-USERAGENT O O O B-PASSWORD I-PASSWORD I-PASSWORD I-PASSWORD O O O O O O O O O O O O O O O O O O O O O O O B-IPADDRESS I-IPADDRESS I-IPADDRESS I-IPADDRESS I-IPADDRESS I-IPADDRESS I-IPADDRESS O,0.75,"[{""type"": ""COMPANYNAME"", ""start"": 25, ""end"": 27, ""text"": ""▁Hưng ▁Yên""}, {""type"": ""USERAGENT"", ""start"": 44, ""end"": 83, ""text"": ""▁Mozilla / 5.0 ▁( Windows ; ▁U ; ▁Windows ▁NT ▁6.1 ) ▁Apple Web K it / 536 . 1.0 ▁( K HTML , ▁like ▁G ecko ) ▁Chrome /24 . 0.8 1 2.0 ▁Safari / 536 . 1.0""}, {""type"": ""PASSWORD"", ""start"": 87, ""end"": 90, ""text"": ""▁Booking Com 123""}, {""type"": ""IPADDRESS"", ""start"": 122, ""end"": 129, ""text"": ""▁76 . 24 2.1 26 . 72""}]","[{""type"": ""STATE"", ""start"": 25, ""end"": 27, ""text"": ""▁Hưng ▁Yên""}, {""type"": ""USERAGENT"", ""start"": 44, ""end"": 83, ""text"": ""▁Mozilla / 5.0 ▁( Windows ; ▁U ; ▁Windows ▁NT ▁6.1 ) ▁Apple Web K it / 536 . 1.0 ▁( K HTML , ▁like ▁G ecko ) ▁Chrome /24 . 0.8 1 2.0 ▁Safari / 536 . 1.0""}, {""type"": ""PASSWORD"", ""start"": 87, ""end"": 90, ""text"": ""▁Booking Com 123""}, {""type"": ""IPADDRESS"", ""start"": 122, ""end"": 129, ""text"": ""▁76 . 24 2.1 26 . 72""}]",O O O O O O O O O O O O O O O O O O O O O O O O O B-COMPANYNAME I-COMPANYNAME O O O O O O O O O O O O O O O O O B-USERAGENT I-USERAGENT I-USERAGENT I-USERAGENT I-USERAGENT I-USERAGENT I-USERAGENT I-USERAGENT I-USERAGENT I-USERAGENT I-USERAGENT I-USERAGENT I-USERAGENT I-USERAGENT I-USERAGENT I-USERAGENT I-USERAGENT I-USERAGENT I-USERAGENT I-USERAGENT I-USERAGENT I-USERAGENT I-USERAGENT I-USERAGENT I-USERAGENT I-USERAGENT I-USERAGENT I-USERAGENT I-USERAGENT I-USERAGENT I-USERAGENT I-USERAGENT I-USERAGENT I-USERAGENT I-USERAGENT I-USERAGENT I-USERAGENT I-USERAGENT I-USERAGENT O O O O B-PASSWORD I-PASSWORD I-PASSWORD O O O O O O O O O O O O O O O O O O O O O O O O O O O O O O O O B-IPADDRESS I-IPADDRESS I-IPADDRESS I-IPADDRESS I-IPADDRESS I-IPADDRESS I-IPADDRESS O,O O O O O O O O O O O O O O O O O O O O O O O O O B-STATE I-STATE O O O O O O O O O O O O O O O O O B-USERAGENT I-USERAGENT I-USERAGENT I-USERAGENT I-USERAGENT I-USERAGENT I-USERAGENT I-USERAGENT I-USERAGENT I-USERAGENT I-USERAGENT I-USERAGENT I-USERAGENT I-USERAGENT I-USERAGENT I-USERAGENT I-USERAGENT I-USERAGENT I-USERAGENT I-USERAGENT I-USERAGENT I-USERAGENT I-USERAGENT I-USERAGENT I-USERAGENT I-USERAGENT I-USERAGENT I-USERAGENT I-USERAGENT I-USERAGENT I-USERAGENT I-USERAGENT I-USERAGENT I-USERAGENT I-USERAGENT I-USERAGENT I-USERAGENT I-USERAGENT I-USERAGENT O O O O B-PASSWORD I-PASSWORD I-PASSWORD O O O O O O O O O O O O O O O O O O O O O O O O O O O O O O O O B-IPADDRESS I-IPADDRESS I-IPADDRESS I-IPADDRESS I-IPADDRESS I-IPADDRESS I-IPADDRESS O
1447,"Chào Kỹ sư Huỳnh, chúng tôi nhận thấy số điện thoại của bạn với chúng tôi là 0386328550, và email mà chúng tôi lưu trữ là hoangpro77@Bình Lộc.com. Có thông tin nào trong số này đã thay đổi kể từ lần bạn đến thăm trước đây không?",True,0.5454545454545454,"[{""type"": ""PREFIX"", ""start"": 1, ""end"": 3, ""text"": ""Kỹ sư""}, {""type"": ""LASTNAME"", ""start"": 3, ""end"": 4, ""text"": ""Huỳnh""}, {""type"": ""PHONENUMBER"", ""start"": 15, ""end"": 20, ""text"": ""0@@ 38@@ 63@@ 28@@ 550""}, {""type"": ""USERNAME"", ""start"": 27, ""end"": 31, ""text"": ""ho@@ ang@@ pro@@ 77@@""}, {""type"": ""COMPANYNAME"", ""start"": 32, ""end"": 36, ""text"": ""B ình Lộ@@ c@@""}]","[{""type"": ""PREFIX"", ""start"": 1, ""end"": 3, ""text"": ""Kỹ sư""}, {""type"": ""LASTNAME"", ""start"": 3, ""end"": 4, ""text"": ""Huỳnh""}, {""type"": ""PHONENUMBER"", ""start"": 15, ""end"": 20, ""text"": ""0@@ 38@@ 63@@ 28@@ 550""}, {""type"": ""EMAIL"", ""start"": 27, ""end"": 33, ""text"": ""ho@@ ang@@ pro@@ 77@@ @@@ B""}, {""type"": ""CURRENCY"", ""start"": 33, ""end"": 34, ""text"": ""ình""}, {""type"": ""EMAIL"", ""start"": 34, ""end"": 37, ""text"": ""Lộ@@ c@@ .com.""}]",O B-PREFIX I-PREFIX B-LASTNAME O O O O O O O O O O O B-PHONENUMBER I-PHONENUMBER I-PHONENUMBER I-PHONENUMBER I-PHONENUMBER O O O O O O O B-USERNAME I-USERNAME I-USERNAME I-USERNAME O B-COMPANYNAME I-COMPANYNAME I-COMPANYNAME I-COMPANYNAME O O O O O O O O O O O O O O O O O O,O B-PREFIX I-PREFIX B-LASTNAME O O O O O O O O O O O B-PHONENUMBER I-PHONENUMBER I-PHONENUMBER I-PHONENUMBER I-PHONENUMBER O O O O O O O B-EMAIL I-EMAIL I-EMAIL I-EMAIL I-EMAIL I-EMAIL I-CURRENCY I-EMAIL I-EMAIL I-EMAIL O O O O O O O O O O O O O O O O O,0.6666666666666665,"[{""type"": ""PREFIX"", ""start"": 1, ""end"": 3, ""text"": ""Kỹ sư""}, {""type"": ""LASTNAME"", ""start"": 3, ""end"": 4, ""text"": ""Huỳnh""}, {""type"": ""PHONENUMBER"", ""start"": 15, ""end"": 20, ""text"": ""0@@ 38@@ 63@@ 28@@ 550""}, {""type"": ""USERNAME"", ""start"": 27, ""end"": 31, ""text"": ""ho@@ ang@@ pro@@ 77@@""}, {""type"": ""COMPANYNAME"", ""start"": 32, ""end"": 36, ""text"": ""B ình Lộ@@ c@@""}]","[{""type"": ""PREFIX"", ""start"": 1, ""end"": 3, ""text"": ""Kỹ sư""}, {""type"": ""LASTNAME"", ""start"": 3, ""end"": 4, ""text"": ""Huỳnh""}, {""type"": ""PHONENUMBER"", ""start"": 15, ""end"": 20, ""text"": ""0@@ 38@@ 63@@ 28@@ 550""}, {""type"": ""EMAIL"", ""start"": 27, ""end"": 37, ""text"": ""ho@@ ang@@ pro@@ 77@@ @@@ B ình Lộ@@ c@@ .com.""}]",O B-PREFIX I-PREFIX B-LASTNAME O O O O O O O O O O O B-PHONENUMBER I-PHONENUMBER I-PHONENUMBER I-PHONENUMBER I-PHONENUMBER O O O O O O O B-USERNAME I-USERNAME I-USERNAME I-USERNAME O B-COMPANYNAME I-COMPANYNAME I-COMPANYNAME I-COMPANYNAME O O O O O O O O O O O O O O O O O O,O B-PREFIX I-PREFIX B-LASTNAME O O O O O O O O O O O B-PHONENUMBER I-PHONENUMBER I-PHONENUMBER I-PHONENUMBER I-PHONENUMBER O O O O O O O B-EMAIL I-EMAIL I-EMAIL I-EMAIL I-EMAIL I-EMAIL I-EMAIL I-EMAIL I-EMAIL I-EMAIL O O O O O O O O O O O O O O O O O,0.5454545454545454,"[{""type"": ""PREFIX"", ""start"": 1, ""end"": 3, ""text"": ""Kỹ sư""}, {""type"": ""LASTNAME"", ""start"": 3, ""end"": 4, ""text"": ""Huỳnh""}, {""type"": ""PHONENUMBER"", ""start"": 15, ""end"": 20, ""text"": ""0@@ 38@@ 63@@ 28@@ 550""}, {""type"": ""USERNAME"", ""start"": 27, ""end"": 31, ""text"": ""ho@@ ang@@ pro@@ 77@@""}, {""type"": ""COMPANYNAME"", ""start"": 32, ""end"": 36, ""text"": ""B ình Lộ@@ c@@""}]","[{""type"": ""PREFIX"", ""start"": 1, ""end"": 3, ""text"": ""Kỹ sư""}, {""type"": ""LASTNAME"", ""start"": 3, ""end"": 4, ""text"": ""Huỳnh""}, {""type"": ""PHONENUMBER"", ""start"": 15, ""end"": 20, ""text"": ""0@@ 38@@ 63@@ 28@@ 550""}, {""type"": ""EMAIL"", ""start"": 27, ""end"": 32, ""text"": ""ho@@ ang@@ pro@@ 77@@ @@@""}, {""type"": ""COMPANYNAME"", ""start"": 33, ""end"": 35, ""text"": ""ình Lộ@@""}, {""type"": ""EMAIL"", ""start"": 35, ""end"": 37, ""text"": ""c@@ .com.""}]",O B-PREFIX I-PREFIX B-LASTNAME O O O O O O O O O O O B-PHONENUMBER I-PHONENUMBER I-PHONENUMBER I-PHONENUMBER I-PHONENUMBER O O O O O O O B-USERNAME I-USERNAME I-USERNAME I-USERNAME O B-COMPANYNAME I-COMPANYNAME I-COMPANYNAME I-COMPANYNAME O O O O O O O O O O O O O O O O O O,O B-PREFIX I-PREFIX B-LASTNAME O O O O O O O O O O O B-PHONENUMBER I-PHONENUMBER I-PHONENUMBER I-PHONENUMBER I-PHONENUMBER O O O O O O O B-EMAIL I-EMAIL I-EMAIL I-EMAIL I-EMAIL O I-COMPANYNAME I-COMPANYNAME I-EMAIL I-EMAIL O O O O O O O O O O O O O O O O O,0.6666666666666665,"[{""type"": ""PREFIX"", ""start"": 1, ""end"": 3, ""text"": ""▁Kỹ ▁sư""}, {""type"": ""LASTNAME"", ""start"": 3, ""end"": 4, ""text"": ""▁Huỳnh""}, {""type"": ""PHONENUMBER"", ""start"": 18, ""end"": 22, ""text"": ""▁03 863 285 50""}, {""type"": ""USERNAME"", ""start"": 31, ""end"": 34, ""text"": ""▁hoang pro 77""}, {""type"": ""COMPANYNAME"", ""start"": 35, ""end"": 38, ""text"": ""B ình ▁Lộc""}]","[{""type"": ""PREFIX"", ""start"": 1, ""end"": 3, ""text"": ""▁Kỹ ▁sư""}, {""type"": ""LASTNAME"", ""start"": 3, ""end"": 4, ""text"": ""▁Huỳnh""}, {""type"": ""PHONENUMBER"", ""start"": 18, ""end"": 22, ""text"": ""▁03 863 285 50""}, {""type"": ""EMAIL"", ""start"": 31, ""end"": 40, ""text"": ""▁hoang pro 77 @ B ình ▁Lộc . com""}]",O B-PREFIX I-PREFIX B-LASTNAME O O O O O O O O O O O O O O B-PHONENUMBER I-PHONENUMBER I-PHONENUMBER I-PHONENUMBER O O O O O O O O O B-USERNAME I-USERNAME I-USERNAME O B-COMPANYNAME I-COMPANYNAME I-COMPANYNAME O O O O O O O O O O O O O O O O O O O O O O O,O B-PREFIX I-PREFIX B-LASTNAME O O O O O O O O O O O O O O B-PHONENUMBER I-PHONENUMBER I-PHONENUMBER I-PHONENUMBER O O O O O O O O O B-EMAIL I-EMAIL I-EMAIL I-EMAIL I-EMAIL I-EMAIL I-EMAIL I-EMAIL I-EMAIL O O O O O O O O O O O O O O O O O O O O O
1471,"Quyên góp ẩn danh 0.0mUSD để tài trợ cho nghiên cứu về đợt bùng phát ở Huyện Củ Chi. Giao dịch qua 1wVGG6MdTczF68U3ZuyyRztycMn1cs9, rất cảm ơn!",True,0.75,"[{""type"": ""AMOUNT"", ""start"": 3, ""end"": 6, ""text"": ""0.@@ 0 m@@""}, {""type"": ""CURRENCYCODE"", ""start"": 6, ""end"": 7, ""text"": ""USD""}, {""type"": ""COUNTY"", ""start"": 15, ""end"": 17, ""text"": ""Huyện Củ_Chi""}, {""type"": ""BITCOINADDRESS"", ""start"": 20, ""end"": 46, ""text"": ""1@@ w@@ VG@@ G@@ 6@@ M@@ d@@ T@@ cz@@ F@@ 68@@ U@@ 3@@ Z@@ uy@@ y@@ R@@ z@@ t@@ yc@@ M@@ n@@ 1@@ c@@ s@@ 9""}]","[{""type"": ""AMOUNT"", ""start"": 3, ""end"": 6, ""text"": ""0.@@ 0 m@@""}, {""type"": ""CURRENCYSYMBOL"", ""start"": 6, ""end"": 7, ""text"": ""USD""}, {""type"": ""COUNTY"", ""start"": 15, ""end"": 17, ""text"": ""Huyện Củ_Chi""}, {""type"": ""BITCOINADDRESS"", ""start"": 20, ""end"": 46, ""text"": ""1@@ w@@ VG@@ G@@ 6@@ M@@ d@@ T@@ cz@@ F@@ 68@@ U@@ 3@@ Z@@ uy@@ y@@ R@@ z@@ t@@ yc@@ M@@ n@@ 1@@ c@@ s@@ 9""}]",O O O B-AMOUNT I-AMOUNT I-AMOUNT B-CURRENCYCODE O O O O O O O O B-COUNTY I-COUNTY O O O B-BITCOINADDRESS I-BITCOINADDRESS I-BITCOINADDRESS I-BITCOINADDRESS I-BITCOINADDRESS I-BITCOINADDRESS I-BITCOINADDRESS I-BITCOINADDRESS I-BITCOINADDRESS I-BITCOINADDRESS I-BITCOINADDRESS I-BITCOINADDRESS I-BITCOINADDRESS I-BITCOINADDRESS I-BITCOINADDRESS I-BITCOINADDRESS I-BITCOINADDRESS I-BITCOINADDRESS I-BITCOINADDRESS I-BITCOINADDRESS I-BITCOINADDRESS I-BITCOINADDRESS I-BITCOINADDRESS I-BITCOINADDRESS I-BITCOINADDRESS I-BITCOINADDRESS O O O O,O O O B-AMOUNT I-AMOUNT I-AMOUNT B-CURRENCYSYMBOL O O O O O O O O B-COUNTY I-COUNTY O O O B-BITCOINADDRESS I-BITCOINADDRESS I-BITCOINADDRESS I-BITCOINADDRESS I-BITCOINADDRESS I-BITCOINADDRESS I-BITCOINADDRESS I-BITCOINADDRESS I-BITCOINADDRESS I-BITCOINADDRESS I-BITCOINADDRESS I-BITCOINADDRESS I-BITCOINADDRESS I-BITCOINADDRESS I-BITCOINADDRESS I-BITCOINADDRESS I-BITCOINADDRESS I-BITCOINADDRESS I-BITCOINADDRESS I-BITCOINADDRESS I-BITCOINADDRESS I-BITCOINADDRESS I-BITCOINADDRESS I-BITCOINADDRESS I-BITCOINADDRESS I-BITCOINADDRESS O O O O,0.75,"[{""type"": ""AMOUNT"", ""start"": 3, ""end"": 6, ""text"": ""0.@@ 0 m@@""}, {""type"": ""CURRENCYCODE"", ""start"": 6, ""end"": 7, ""text"": ""USD""}, {""type"": ""COUNTY"", ""start"": 15, ""end"": 17, ""text"": ""Huyện Củ_Chi""}, {""type"": ""BITCOINADDRESS"", ""start"": 20, ""end"": 46, ""text"": ""1@@ w@@ VG@@ G@@ 6@@ M@@ d@@ T@@ cz@@ F@@ 68@@ U@@ 3@@ Z@@ uy@@ y@@ R@@ z@@ t@@ yc@@ M@@ n@@ 1@@ c@@ s@@ 9""}]","[{""type"": ""AMOUNT"", ""start"": 3, ""end"": 6, ""text"": ""0.@@ 0 m@@""}, {""type"": ""CURRENCYSYMBOL"", ""start"": 6, ""end"": 7, ""text"": ""USD""}, {""type"": ""COUNTY"", ""start"": 15, ""end"": 17, ""text"": ""Huyện Củ_Chi""}, {""type"": ""BITCOINADDRESS"", ""start"": 20, ""end"": 46, ""text"": ""1@@ w@@ VG@@ G@@ 6@@ M@@ d@@ T@@ cz@@ F@@ 68@@ U@@ 3@@ Z@@ uy@@ y@@ R@@ z@@ t@@ yc@@ M@@ n@@ 1@@ c@@ s@@ 9""}]",O O O B-AMOUNT I-AMOUNT I-AMOUNT B-CURRENCYCODE O O O O O O O O B-COUNTY I-COUNTY O O O B-BITCOINADDRESS I-BITCOINADDRESS I-BITCOINADDRESS I-BITCOINADDRESS I-BITCOINADDRESS I-BITCOINADDRESS I-BITCOINADDRESS I-BITCOINADDRESS I-BITCOINADDRESS I-BITCOINADDRESS I-BITCOINADDRESS I-BITCOINADDRESS I-BITCOINADDRESS I-BITCOINADDRESS I-BITCOINADDRESS I-BITCOINADDRESS I-BITCOINADDRESS I-BITCOINADDRESS I-BITCOINADDRESS I-BITCOINADDRESS I-BITCOINADDRESS I-BITCOINADDRESS I-BITCOINADDRESS I-BITCOINADDRESS I-BITCOINADDRESS I-BITCOINADDRESS O O O O,O O O B-AMOUNT I-AMOUNT I-AMOUNT B-CURRENCYSYMBOL O O O O O O O O B-COUNTY I-COUNTY O O O B-BITCOINADDRESS I-BITCOINADDRESS I-BITCOINADDRESS I-BITCOINADDRESS I-BITCOINADDRESS I-BITCOINADDRESS I-BITCOINADDRESS I-BITCOINADDRESS I-BITCOINADDRESS I-BITCOINADDRESS I-BITCOINADDRESS I-BITCOINADDRESS I-BITCOINADDRESS I-BITCOINADDRESS I-BITCOINADDRESS I-BITCOINADDRESS I-BITCOINADDRESS I-BITCOINADDRESS I-BITCOINADDRESS I-BITCOINADDRESS I-BITCOINADDRESS I-BITCOINADDRESS I-BITCOINADDRESS I-BITCOINADDRESS I-BITCOINADDRESS I-BITCOINADDRESS O O O O,0.75,"[{""type"": ""AMOUNT"", ""start"": 3, ""end"": 6, ""text"": ""0.@@ 0 m@@""}, {""type"": ""CURRENCYCODE"", ""start"": 6, ""end"": 7, ""text"": ""USD""}, {""type"": ""COUNTY"", ""start"": 15, ""end"": 17, ""text"": ""Huyện Củ_Chi""}, {""type"": ""BITCOINADDRESS"", ""start"": 20, ""end"": 46, ""text"": ""1@@ w@@ VG@@ G@@ 6@@ M@@ d@@ T@@ cz@@ F@@ 68@@ U@@ 3@@ Z@@ uy@@ y@@ R@@ z@@ t@@ yc@@ M@@ n@@ 1@@ c@@ s@@ 9""}]","[{""type"": ""AMOUNT"", ""start"": 3, ""end"": 6, ""text"": ""0.@@ 0 m@@""}, {""type"": ""CURRENCYSYMBOL"", ""start"": 6, ""end"": 7, ""text"": ""USD""}, {""type"": ""COUNTY"", ""start"": 15, ""end"": 17, ""text"": ""Huyện Củ_Chi""}, {""type"": ""BITCOINADDRESS"", ""start"": 20, ""end"": 46, ""text"": ""1@@ w@@ VG@@ G@@ 6@@ M@@ d@@ T@@ cz@@ F@@ 68@@ U@@ 3@@ Z@@ uy@@ y@@ R@@ z@@ t@@ yc@@ M@@ n@@ 1@@ c@@ s@@ 9""}]",O O O B-AMOUNT I-AMOUNT I-AMOUNT B-CURRENCYCODE O O O O O O O O B-COUNTY I-COUNTY O O O B-BITCOINADDRESS I-BITCOINADDRESS I-BITCOINADDRESS I-BITCOINADDRESS I-BITCOINADDRESS I-BITCOINADDRESS I-BITCOINADDRESS I-BITCOINADDRESS I-BITCOINADDRESS I-BITCOINADDRESS I-BITCOINADDRESS I-BITCOINADDRESS I-BITCOINADDRESS I-BITCOINADDRESS I-BITCOINADDRESS I-BITCOINADDRESS I-BITCOINADDRESS I-BITCOINADDRESS I-BITCOINADDRESS I-BITCOINADDRESS I-BITCOINADDRESS I-BITCOINADDRESS I-BITCOINADDRESS I-BITCOINADDRESS I-BITCOINADDRESS I-BITCOINADDRESS O O O O,O O O B-AMOUNT I-AMOUNT I-AMOUNT B-CURRENCYSYMBOL O O O O O O O O B-COUNTY I-COUNTY O O O B-BITCOINADDRESS I-BITCOINADDRESS I-BITCOINADDRESS I-BITCOINADDRESS I-BITCOINADDRESS I-BITCOINADDRESS I-BITCOINADDRESS I-BITCOINADDRESS I-BITCOINADDRESS I-BITCOINADDRESS I-BITCOINADDRESS I-BITCOINADDRESS I-BITCOINADDRESS I-BITCOINADDRESS I-BITCOINADDRESS I-BITCOINADDRESS I-BITCOINADDRESS I-BITCOINADDRESS I-BITCOINADDRESS I-BITCOINADDRESS I-BITCOINADDRESS I-BITCOINADDRESS I-BITCOINADDRESS I-BITCOINADDRESS I-BITCOINADDRESS I-BITCOINADDRESS O O O O,0.75,"[{""type"": ""AMOUNT"", ""start"": 7, ""end"": 9, ""text"": ""▁0.0 m""}, {""type"": ""CURRENCYCODE"", ""start"": 9, ""end"": 10, ""text"": ""USD""}, {""type"": ""COUNTY"", ""start"": 22, ""end"": 28, ""text"": ""▁Huy ệ n ▁C ủ ▁Chi""}, {""type"": ""BITCOINADDRESS"", ""start"": 32, ""end"": 56, ""text"": ""▁1 w V GG 6 M d T cz F 68 U 3 Zu yy R z ty c M n 1 cs 9""}]","[{""type"": ""AMOUNT"", ""start"": 7, ""end"": 9, ""text"": ""▁0.0 m""}, {""type"": ""CURRENCYSYMBOL"", ""start"": 9, ""end"": 10, ""text"": ""USD""}, {""type"": ""COUNTY"", ""start"": 22, ""end"": 28, ""text"": ""▁Huy ệ n ▁C ủ ▁Chi""}, {""type"": ""BITCOINADDRESS"", ""start"": 32, ""end"": 56, ""text"": ""▁1 w V GG 6 M d T cz F 68 U 3 Zu yy R z ty c M n 1 cs 9""}]",O O O O O O O B-AMOUNT I-AMOUNT B-CURRENCYCODE O O O O O O O O O O O O B-COUNTY I-COUNTY I-COUNTY I-COUNTY I-COUNTY I-COUNTY O O O O B-BITCOINADDRESS I-BITCOINADDRESS I-BITCOINADDRESS I-BITCOINADDRESS I-BITCOINADDRESS I-BITCOINADDRESS I-BITCOINADDRESS I-BITCOINADDRESS I-BITCOINADDRESS I-BITCOINADDRESS I-BITCOINADDRESS I-BITCOINADDRESS I-BITCOINADDRESS I-BITCOINADDRESS I-BITCOINADDRESS I-BITCOINADDRESS I-BITCOINADDRESS I-BITCOINADDRESS I-BITCOINADDRESS I-BITCOINADDRESS I-BITCOINADDRESS I-BITCOINADDRESS I-BITCOINADDRESS I-BITCOINADDRESS O O O O O,O O O O O O O B-AMOUNT I-AMOUNT B-CURRENCYSYMBOL O O O O O O O O O O O O B-COUNTY I-COUNTY I-COUNTY I-COUNTY I-COUNTY I-COUNTY O O O O B-BITCOINADDRESS I-BITCOINADDRESS I-BITCOINADDRESS I-BITCOINADDRESS I-BITCOINADDRESS I-BITCOINADDRESS I-BITCOINADDRESS I-BITCOINADDRESS I-BITCOINADDRESS I-BITCOINADDRESS I-BITCOINADDRESS I-BITCOINADDRESS I-BITCOINADDRESS I-BITCOINADDRESS I-BITCOINADDRESS I-BITCOINADDRESS I-BITCOINADDRESS I-BITCOINADDRESS I-BITCOINADDRESS I-BITCOINADDRESS I-BITCOINADDRESS I-BITCOINADDRESS I-BITCOINADDRESS I-BITCOINADDRESS O O O O O
1480,"Trong vai trò Quản lý Đảm bảo Chất lượng của bạn, hãy đảm bảo chức năng của các hệ thống xử lý dữ liệu 3d:40:04:b8:c6:11, Mozilla/5.0 (Macintosh; U; PPC Mac OS X 10.9.6; rv:12.0) Gecko/20100101 Firefox/12.0.3 và 207.",True,0.6666666666666666,"[{""type"": ""MAC"", ""start"": 16, ""end"": 31, ""text"": ""3 d : 4 0@@ :@@ 04 : b 8 : c 6@@ :1 1""}, {""type"": ""USERAGENT"", ""start"": 32, ""end"": 65, ""text"": ""Mozilla / 5.0 ( Mac@@ in@@ tosh ; U ; PPC Mac_OS_X 10.@@ 9.6 ; r@@ v : 12.@@ 0 ) G@@ ec@@ ko / 201@@ 00@@ 101 Firefox / 12.0@@ .@@ 3""}, {""type"": ""BUILDINGNUMBER"", ""start"": 66, ""end"": 67, ""text"": ""207""}]","[{""type"": ""MAC"", ""start"": 16, ""end"": 31, ""text"": ""3 d : 4 0@@ :@@ 04 : b 8 : c 6@@ :1 1""}, {""type"": ""USERAGENT"", ""start"": 32, ""end"": 65, ""text"": ""Mozilla / 5.0 ( Mac@@ in@@ tosh ; U ; PPC Mac_OS_X 10.@@ 9.6 ; r@@ v : 12.@@ 0 ) G@@ ec@@ ko / 201@@ 00@@ 101 Firefox / 12.0@@ .@@ 3""}, {""type"": ""AGE"", ""start"": 66, ""end"": 67, ""text"": ""207""}]",O O O O O O O O O O O O O O O O B-MAC I-MAC I-MAC I-MAC I-MAC I-MAC I-MAC I-MAC I-MAC I-MAC I-MAC I-MAC I-MAC I-MAC I-MAC O B-USERAGENT I-USERAGENT I-USERAGENT I-USERAGENT I-USERAGENT I-USERAGENT I-USERAGENT I-USERAGENT I-USERAGENT I-USERAGENT I-USERAGENT I-USERAGENT I-USERAGENT I-USERAGENT I-USERAGENT I-USERAGENT I-USERAGENT I-USERAGENT I-USERAGENT I-USERAGENT I-USERAGENT I-USERAGENT I-USERAGENT I-USERAGENT I-USERAGENT I-USERAGENT I-USERAGENT I-USERAGENT I-USERAGENT I-USERAGENT I-USERAGENT I-USERAGENT I-USERAGENT O B-BUILDINGNUMBER O,O O O O O O O O O O O O O O O O B-MAC I-MAC I-MAC I-MAC I-MAC I-MAC I-MAC I-MAC I-MAC I-MAC I-MAC I-MAC I-MAC I-MAC I-MAC O B-USERAGENT I-USERAGENT I-USERAGENT I-USERAGENT I-USERAGENT I-USERAGENT I-USERAGENT I-USERAGENT I-USERAGENT I-USERAGENT I-USERAGENT I-USERAGENT I-USERAGENT I-USERAGENT I-USERAGENT I-USERAGENT I-USERAGENT I-USERAGENT I-USERAGENT I-USERAGENT I-USERAGENT I-USERAGENT I-USERAGENT I-USERAGENT I-USERAGENT I-USERAGENT I-USERAGENT I-USERAGENT I-USERAGENT I-USERAGENT I-USERAGENT I-USERAGENT I-USERAGENT O B-AGE O,0.6666666666666666,"[{""type"": ""MAC"", ""start"": 16, ""end"": 31, ""text"": ""3 d : 4 0@@ :@@ 04 : b 8 : c 6@@ :1 1""}, {""type"": ""USERAGENT"", ""start"": 32, ""end"": 65, ""text"": ""Mozilla / 5.0 ( Mac@@ in@@ tosh ; U ; PPC Mac_OS_X 10.@@ 9.6 ; r@@ v : 12.@@ 0 ) G@@ ec@@ ko / 201@@ 00@@ 101 Firefox / 12.0@@ .@@ 3""}, {""type"": ""BUILDINGNUMBER"", ""start"": 66, ""end"": 67, ""text"": ""207""}]","[{""type"": ""MAC"", ""start"": 16, ""end"": 31, ""text"": ""3 d : 4 0@@ :@@ 04 : b 8 : c 6@@ :1 1""}, {""type"": ""USERAGENT"", ""start"": 32, ""end"": 65, ""text"": ""Mozilla / 5.0 ( Mac@@ in@@ tosh ; U ; PPC Mac_OS_X 10.@@ 9.6 ; r@@ v : 12.@@ 0 ) G@@ ec@@ ko / 201@@ 00@@ 101 Firefox / 12.0@@ .@@ 3""}, {""type"": ""AGE"", ""start"": 66, ""end"": 67, ""text"": ""207""}]",O O O O O O O O O O O O O O O O B-MAC I-MAC I-MAC I-MAC I-MAC I-MAC I-MAC I-MAC I-MAC I-MAC I-MAC I-MAC I-MAC I-MAC I-MAC O B-USERAGENT I-USERAGENT I-USERAGENT I-USERAGENT I-USERAGENT I-USERAGENT I-USERAGENT I-USERAGENT I-USERAGENT I-USERAGENT I-USERAGENT I-USERAGENT I-USERAGENT I-USERAGENT I-USERAGENT I-USERAGENT I-USERAGENT I-USERAGENT I-USERAGENT I-USERAGENT I-USERAGENT I-USERAGENT I-USERAGENT I-USERAGENT I-USERAGENT I-USERAGENT I-USERAGENT I-USERAGENT I-USERAGENT I-USERAGENT I-USERAGENT I-USERAGENT I-USERAGENT O B-BUILDINGNUMBER O,O O O O O O O O O O O O O O O O B-MAC I-MAC I-MAC I-MAC I-MAC I-MAC I-MAC I-MAC I-MAC I-MAC I-MAC I-MAC I-MAC I-MAC I-MAC O B-USERAGENT I-USERAGENT I-USERAGENT I-USERAGENT I-USERAGENT I-USERAGENT I-USERAGENT I-USERAGENT I-USERAGENT I-USERAGENT I-USERAGENT I-USERAGENT I-USERAGENT I-USERAGENT I-USERAGENT I-USERAGENT I-USERAGENT I-USERAGENT I-USERAGENT I-USERAGENT I-USERAGENT I-USERAGENT I-USERAGENT I-USERAGENT I-USERAGENT I-USERAGENT I-USERAGENT I-USERAGENT I-USERAGENT I-USERAGENT I-USERAGENT I-USERAGENT I-USERAGENT O B-AGE O,0.6666666666666666,"[{""type"": ""MAC"", ""start"": 16, ""end"": 31, ""text"": ""3 d : 4 0@@ :@@ 04 : b 8 : c 6@@ :1 1""}, {""type"": ""USERAGENT"", ""start"": 32, ""end"": 65, ""text"": ""Mozilla / 5.0 ( Mac@@ in@@ tosh ; U ; PPC Mac_OS_X 10.@@ 9.6 ; r@@ v : 12.@@ 0 ) G@@ ec@@ ko / 201@@ 00@@ 101 Firefox / 12.0@@ .@@ 3""}, {""type"": ""BUILDINGNUMBER"", ""start"": 66, ""end"": 67, ""text"": ""207""}]","[{""type"": ""MAC"", ""start"": 16, ""end"": 31, ""text"": ""3 d : 4 0@@ :@@ 04 : b 8 : c 6@@ :1 1""}, {""type"": ""USERAGENT"", ""start"": 32, ""end"": 65, ""text"": ""Mozilla / 5.0 ( Mac@@ in@@ tosh ; U ; PPC Mac_OS_X 10.@@ 9.6 ; r@@ v : 12.@@ 0 ) G@@ ec@@ ko / 201@@ 00@@ 101 Firefox / 12.0@@ .@@ 3""}, {""type"": ""CREDITCARDCVV"", ""start"": 66, ""end"": 67, ""text"": ""207""}]",O O O O O O O O O O O O O O O O B-MAC I-MAC I-MAC I-MAC I-MAC I-MAC I-MAC I-MAC I-MAC I-MAC I-MAC I-MAC I-MAC I-MAC I-MAC O B-USERAGENT I-USERAGENT I-USERAGENT I-USERAGENT I-USERAGENT I-USERAGENT I-USERAGENT I-USERAGENT I-USERAGENT I-USERAGENT I-USERAGENT I-USERAGENT I-USERAGENT I-USERAGENT I-USERAGENT I-USERAGENT I-USERAGENT I-USERAGENT I-USERAGENT I-USERAGENT I-USERAGENT I-USERAGENT I-USERAGENT I-USERAGENT I-USERAGENT I-USERAGENT I-USERAGENT I-USERAGENT I-USERAGENT I-USERAGENT I-USERAGENT I-USERAGENT I-USERAGENT O B-BUILDINGNUMBER O,O O O O O O O O O O O O O O O O B-MAC I-MAC I-MAC I-MAC I-MAC I-MAC I-MAC I-MAC I-MAC I-MAC I-MAC I-MAC I-MAC I-MAC I-MAC O B-USERAGENT I-USERAGENT I-USERAGENT I-USERAGENT I-USERAGENT I-USERAGENT I-USERAGENT I-USERAGENT I-USERAGENT I-USERAGENT I-USERAGENT I-USERAGENT I-USERAGENT I-USERAGENT I-USERAGENT I-USERAGENT I-USERAGENT I-USERAGENT I-USERAGENT I-USERAGENT I-USERAGENT I-USERAGENT I-USERAGENT I-USERAGENT I-USERAGENT I-USERAGENT I-USERAGENT I-USERAGENT I-USERAGENT I-USERAGENT I-USERAGENT I-USERAGENT I-USERAGENT O B-CREDITCARDCVV O,0.6666666666666666,"[{""type"": ""MAC"", ""start"": 27, ""end"": 38, ""text"": ""▁3 d :40 :04 : b 8 : c 6 :11""}, {""type"": ""USERAGENT"", ""start"": 39, ""end"": 71, ""text"": ""▁Mozilla / 5.0 ▁( Mac into sh ; ▁U ; ▁P PC ▁Mac ▁OS ▁X ▁10. 9.6 ; ▁ rv :12 . 0) ▁G ecko /2010 010 1 ▁Firefox /12 . 0.3""}, {""type"": ""BUILDINGNUMBER"", ""start"": 72, ""end"": 73, ""text"": ""▁207""}]","[{""type"": ""MAC"", ""start"": 27, ""end"": 38, ""text"": ""▁3 d :40 :04 : b 8 : c 6 :11""}, {""type"": ""USERAGENT"", ""start"": 39, ""end"": 71, ""text"": ""▁Mozilla / 5.0 ▁( Mac into sh ; ▁U ; ▁P PC ▁Mac ▁OS ▁X ▁10. 9.6 ; ▁ rv :12 . 0) ▁G ecko /2010 010 1 ▁Firefox /12 . 0.3""}, {""type"": ""CREDITCARDCVV"", ""start"": 72, ""end"": 73, ""text"": ""▁207""}]",O O O O O O O O O O O O O O O O O O O O O O O O O O O B-MAC I-MAC I-MAC I-MAC I-MAC I-MAC I-MAC I-MAC I-MAC I-MAC I-MAC O B-USERAGENT I-USERAGENT I-USERAGENT I-USERAGENT I-USERAGENT I-USERAGENT I-USERAGENT I-USERAGENT I-USERAGENT I-USERAGENT I-USERAGENT I-USERAGENT I-USERAGENT I-USERAGENT I-USERAGENT I-USERAGENT I-USERAGENT I-USERAGENT I-USERAGENT I-USERAGENT I-USERAGENT I-USERAGENT I-USERAGENT I-USERAGENT I-USERAGENT I-USERAGENT I-USERAGENT I-USERAGENT I-USERAGENT I-USERAGENT I-USERAGENT I-USERAGENT O B-BUILDINGNUMBER O,O O O O O O O O O O O O O O O O O O O O O O O O O O O B-MAC I-MAC I-MAC I-MAC I-MAC I-MAC I-MAC I-MAC I-MAC I-MAC I-MAC O B-USERAGENT I-USERAGENT I-USERAGENT I-USERAGENT I-USERAGENT I-USERAGENT I-USERAGENT I-USERAGENT I-USERAGENT I-USERAGENT I-USERAGENT I-USERAGENT I-USERAGENT I-USERAGENT I-USERAGENT I-USERAGENT I-USERAGENT I-USERAGENT I-USERAGENT I-USERAGENT I-USERAGENT I-USERAGENT I-USERAGENT I-USERAGENT I-USERAGENT I-USERAGENT I-USERAGENT I-USERAGENT I-USERAGENT I-USERAGENT I-USERAGENT I-USERAGENT O B-CREDITCARDCVV O
1497,"Buổi đào tạo dinh dưỡng của chúng tôi cho nhân viên trường học Huyện Vụ Bản vào ngày 03.03.2012 dành cho nam. Chúng tôi mong nhận được sự đóng góp hào phóng của bạn là đ348,004.69 qua thẻ có số 4211646722978910.",True,0.8333333333333334,"[{""type"": ""COUNTY"", ""start"": 8, ""end"": 10, ""text"": ""Huyện Vụ_Bản""}, {""type"": ""DOB"", ""start"": 12, ""end"": 16, ""text"": ""03@@ .0@@ 3.@@ 2012""}, {""type"": ""GENDER"", ""start"": 18, ""end"": 19, ""text"": ""nam""}, {""type"": ""CURRENCYSYMBOL"", ""start"": 30, ""end"": 31, ""text"": ""đ""}, {""type"": ""AMOUNT"", ""start"": 31, ""end"": 36, ""text"": ""34@@ 8,@@ 00@@ 4.@@ 69""}, {""type"": ""CREDITCARDNUMBER"", ""start"": 40, ""end"": 48, ""text"": ""4@@ 21@@ 16@@ 46@@ 72@@ 29@@ 78@@ 910""}]","[{""type"": ""COUNTY"", ""start"": 8, ""end"": 10, ""text"": ""Huyện Vụ_Bản""}, {""type"": ""DATE"", ""start"": 12, ""end"": 16, ""text"": ""03@@ .0@@ 3.@@ 2012""}, {""type"": ""GENDER"", ""start"": 18, ""end"": 19, ""text"": ""nam""}, {""type"": ""CURRENCYSYMBOL"", ""start"": 30, ""end"": 31, ""text"": ""đ""}, {""type"": ""AMOUNT"", ""start"": 31, ""end"": 36, ""text"": ""34@@ 8,@@ 00@@ 4.@@ 69""}, {""type"": ""CREDITCARDNUMBER"", ""start"": 40, ""end"": 48, ""text"": ""4@@ 21@@ 16@@ 46@@ 72@@ 29@@ 78@@ 910""}]",O O O O O O O O B-COUNTY I-COUNTY O O B-DOB I-DOB I-DOB I-DOB O O B-GENDER O O O O O O O O O O O B-CURRENCYSYMBOL B-AMOUNT I-AMOUNT I-AMOUNT I-AMOUNT I-AMOUNT O O O O B-CREDITCARDNUMBER I-CREDITCARDNUMBER I-CREDITCARDNUMBER I-CREDITCARDNUMBER I-CREDITCARDNUMBER I-CREDITCARDNUMBER I-CREDITCARDNUMBER I-CREDITCARDNUMBER O,O O O O O O O O B-COUNTY I-COUNTY O O B-DATE I-DATE I-DATE I-DATE O O B-GENDER O O O O O O O O O O O B-CURRENCYSYMBOL B-AMOUNT I-AMOUNT I-AMOUNT I-AMOUNT I-AMOUNT O O O O B-CREDITCARDNUMBER I-CREDITCARDNUMBER I-CREDITCARDNUMBER I-CREDITCARDNUMBER I-CREDITCARDNUMBER I-CREDITCARDNUMBER I-CREDITCARDNUMBER I-CREDITCARDNUMBER O,0.8333333333333334,"[{""type"": ""COUNTY"", ""start"": 8, ""end"": 10, ""text"": ""Huyện Vụ_Bản""}, {""type"": ""DOB"", ""start"": 12, ""end"": 16, ""text"": ""03@@ .0@@ 3.@@ 2012""}, {""type"": ""GENDER"", ""start"": 18, ""end"": 19, ""text"": ""nam""}, {""type"": ""CURRENCYSYMBOL"", ""start"": 30, ""end"": 31, ""text"": ""đ""}, {""type"": ""AMOUNT"", ""start"": 31, ""end"": 36, ""text"": ""34@@ 8,@@ 00@@ 4.@@ 69""}, {""type"": ""CREDITCARDNUMBER"", ""start"": 40, ""end"": 48, ""text"": ""4@@ 21@@ 16@@ 46@@ 72@@ 29@@ 78@@ 910""}]","[{""type"": ""COUNTY"", ""start"": 8, ""end"": 10, ""text"": ""Huyện Vụ_Bản""}, {""type"": ""DATE"", ""start"": 12, ""end"": 16, ""text"": ""03@@ .0@@ 3.@@ 2012""}, {""type"": ""GENDER"", ""start"": 18, ""end"": 19, ""text"": ""nam""}, {""type"": ""CURRENCYSYMBOL"", ""start"": 30, ""end"": 31, ""text"": ""đ""}, {""type"": ""AMOUNT"", ""start"": 31, ""end"": 36, ""text"": ""34@@ 8,@@ 00@@ 4.@@ 69""}, {""type"": ""CREDITCARDNUMBER"", ""start"": 40, ""end"": 48, ""text"": ""4@@ 21@@ 16@@ 46@@ 72@@ 29@@ 78@@ 910""}]",O O O O O O O O B-COUNTY I-COUNTY O O B-DOB I-DOB I-DOB I-DOB O O B-GENDER O O O O O O O O O O O B-CURRENCYSYMBOL B-AMOUNT I-AMOUNT I-AMOUNT I-AMOUNT I-AMOUNT O O O O B-CREDITCARDNUMBER I-CREDITCARDNUMBER I-CREDITCARDNUMBER I-CREDITCARDNUMBER I-CREDITCARDNUMBER I-CREDITCARDNUMBER I-CREDITCARDNUMBER I-CREDITCARDNUMBER O,O O O O O O O O B-COUNTY I-COUNTY O O B-DATE I-DATE I-DATE I-DATE O O B-GENDER O O O O O O O O O O O B-CURRENCYSYMBOL B-AMOUNT I-AMOUNT I-AMOUNT I-AMOUNT I-AMOUNT O O O O B-CREDITCARDNUMBER I-CREDITCARDNUMBER I-CREDITCARDNUMBER I-CREDITCARDNUMBER I-CREDITCARDNUMBER I-CREDITCARDNUMBER I-CREDITCARDNUMBER I-CREDITCARDNUMBER O,0.8333333333333334,"[{""type"": ""COUNTY"", ""start"": 8, ""end"": 10, ""text"": ""Huyện Vụ_Bản""}, {""type"": ""DOB"", ""start"": 12, ""end"": 16, ""text"": ""03@@ .0@@ 3.@@ 2012""}, {""type"": ""GENDER"", ""start"": 18, ""end"": 19, ""text"": ""nam""}, {""type"": ""CURRENCYSYMBOL"", ""start"": 30, ""end"": 31, ""text"": ""đ""}, {""type"": ""AMOUNT"", ""start"": 31, ""end"": 36, ""text"": ""34@@ 8,@@ 00@@ 4.@@ 69""}, {""type"": ""CREDITCARDNUMBER"", ""start"": 40, ""end"": 48, ""text"": ""4@@ 21@@ 16@@ 46@@ 72@@ 29@@ 78@@ 910""}]","[{""type"": ""COUNTY"", ""start"": 8, ""end"": 10, ""text"": ""Huyện Vụ_Bản""}, {""type"": ""DATE"", ""start"": 12, ""end"": 16, ""text"": ""03@@ .0@@ 3.@@ 2012""}, {""type"": ""GENDER"", ""start"": 18, ""end"": 19, ""text"": ""nam""}, {""type"": ""CURRENCYSYMBOL"", ""start"": 30, ""end"": 31, ""text"": ""đ""}, {""type"": ""AMOUNT"", ""start"": 31, ""end"": 36, ""text"": ""34@@ 8,@@ 00@@ 4.@@ 69""}, {""type"": ""CREDITCARDNUMBER"", ""start"": 40, ""end"": 48, ""text"": ""4@@ 21@@ 16@@ 46@@ 72@@ 29@@ 78@@ 910""}]",O O O O O O O O B-COUNTY I-COUNTY O O B-DOB I-DOB I-DOB I-DOB O O B-GENDER O O O O O O O O O O O B-CURRENCYSYMBOL B-AMOUNT I-AMOUNT I-AMOUNT I-AMOUNT I-AMOUNT O O O O B-CREDITCARDNUMBER I-CREDITCARDNUMBER I-CREDITCARDNUMBER I-CREDITCARDNUMBER I-CREDITCARDNUMBER I-CREDITCARDNUMBER I-CREDITCARDNUMBER I-CREDITCARDNUMBER O,O O O O O O O O B-COUNTY I-COUNTY O O B-DATE I-DATE I-DATE I-DATE O O B-GENDER O O O O O O O O O O O B-CURRENCYSYMBOL B-AMOUNT I-AMOUNT I-AMOUNT I-AMOUNT I-AMOUNT O O O O B-CREDITCARDNUMBER I-CREDITCARDNUMBER I-CREDITCARDNUMBER I-CREDITCARDNUMBER I-CREDITCARDNUMBER I-CREDITCARDNUMBER I-CREDITCARDNUMBER I-CREDITCARDNUMBER O,0.8333333333333334,"[{""type"": ""COUNTY"", ""start"": 14, ""end"": 19, ""text"": ""▁Huy ệ n ▁Vụ ▁Bản""}, {""type"": ""DOB"", ""start"": 21, ""end"": 24, ""text"": ""▁03. 03.20 12""}, {""type"": ""GENDER"", ""start"": 26, ""end"": 27, ""text"": ""▁nam""}, {""type"": ""CURRENCYSYMBOL"", ""start"": 41, ""end"": 42, ""text"": ""▁đ""}, {""type"": ""AMOUNT"", ""start"": 42, ""end"": 47, ""text"": ""348 , 004 . 69""}, {""type"": ""CREDITCARDNUMBER"", ""start"": 51, ""end"": 57, ""text"": ""▁42 116 467 229 789 10""}]","[{""type"": ""COUNTY"", ""start"": 14, ""end"": 19, ""text"": ""▁Huy ệ n ▁Vụ ▁Bản""}, {""type"": ""DATE"", ""start"": 21, ""end"": 24, ""text"": ""▁03. 03.20 12""}, {""type"": ""GENDER"", ""start"": 26, ""end"": 27, ""text"": ""▁nam""}, {""type"": ""CURRENCYSYMBOL"", ""start"": 41, ""end"": 42, ""text"": ""▁đ""}, {""type"": ""AMOUNT"", ""start"": 42, ""end"": 47, ""text"": ""348 , 004 . 69""}, {""type"": ""CREDITCARDNUMBER"", ""start"": 51, ""end"": 57, ""text"": ""▁42 116 467 229 789 10""}]",O O O O O O O O O O O O O O B-COUNTY I-COUNTY I-COUNTY I-COUNTY I-COUNTY O O B-DOB I-DOB I-DOB O O B-GENDER O O O O O O O O O O O O O O B-CURRENCYSYMBOL B-AMOUNT I-AMOUNT I-AMOUNT I-AMOUNT I-AMOUNT O O O O B-CREDITCARDNUMBER I-CREDITCARDNUMBER I-CREDITCARDNUMBER I-CREDITCARDNUMBER I-CREDITCARDNUMBER I-CREDITCARDNUMBER O,O O O O O O O O O O O O O O B-COUNTY I-COUNTY I-COUNTY I-COUNTY I-COUNTY O O B-DATE I-DATE I-DATE O O B-GENDER O O O O O O O O O O O O O O B-CURRENCYSYMBOL B-AMOUNT I-AMOUNT I-AMOUNT I-AMOUNT I-AMOUNT O O O O B-CREDITCARDNUMBER I-CREDITCARDNUMBER I-CREDITCARDNUMBER I-CREDITCARDNUMBER I-CREDITCARDNUMBER I-CREDITCARDNUMBER O
1526,"""Xin chào Trung, hãy đảm bảo thẻ của bạn với số thẻ 8522671230410427 có đủ số dư để đối chiếu với chi phí tình từ bất kỳ. """,True,0.5,"[{""type"": ""FIRSTNAME"", ""start"": 3, ""end"": 4, ""text"": ""Trung""}, {""type"": ""MASKEDNUMBER"", ""start"": 13, ""end"": 21, ""text"": ""85@@ 22@@ 67@@ 12@@ 30@@ 4@@ 10@@ 427""}]","[{""type"": ""FIRSTNAME"", ""start"": 3, ""end"": 4, ""text"": ""Trung""}, {""type"": ""CREDITCARDNUMBER"", ""start"": 13, ""end"": 21, ""text"": ""85@@ 22@@ 67@@ 12@@ 30@@ 4@@ 10@@ 427""}]",O O O B-FIRSTNAME O O O O O O O O O B-MASKEDNUMBER I-MASKEDNUMBER I-MASKEDNUMBER I-MASKEDNUMBER I-MASKEDNUMBER I-MASKEDNUMBER I-MASKEDNUMBER I-MASKEDNUMBER O O O O O O O O O O O O,O O O B-FIRSTNAME O O O O O O O O O B-CREDITCARDNUMBER I-CREDITCARDNUMBER I-CREDITCARDNUMBER I-CREDITCARDNUMBER I-CREDITCARDNUMBER I-CREDITCARDNUMBER I-CREDITCARDNUMBER I-CREDITCARDNUMBER O O O O O O O O O O O O,0.5,"[{""type"": ""FIRSTNAME"", ""start"": 3, ""end"": 4, ""text"": ""Trung""}, {""type"": ""MASKEDNUMBER"", ""start"": 13, ""end"": 21, ""text"": ""85@@ 22@@ 67@@ 12@@ 30@@ 4@@ 10@@ 427""}]","[{""type"": ""FIRSTNAME"", ""start"": 3, ""end"": 4, ""text"": ""Trung""}, {""type"": ""CREDITCARDNUMBER"", ""start"": 13, ""end"": 21, ""text"": ""85@@ 22@@ 67@@ 12@@ 30@@ 4@@ 10@@ 427""}]",O O O B-FIRSTNAME O O O O O O O O O B-MASKEDNUMBER I-MASKEDNUMBER I-MASKEDNUMBER I-MASKEDNUMBER I-MASKEDNUMBER I-MASKEDNUMBER I-MASKEDNUMBER I-MASKEDNUMBER O O O O O O O O O O O O,O O O B-FIRSTNAME O O O O O O O O O B-CREDITCARDNUMBER I-CREDITCARDNUMBER I-CREDITCARDNUMBER I-CREDITCARDNUMBER I-CREDITCARDNUMBER I-CREDITCARDNUMBER I-CREDITCARDNUMBER I-CREDITCARDNUMBER O O O O O O O O O O O O,0.5,"[{""type"": ""FIRSTNAME"", ""start"": 3, ""end"": 4, ""text"": ""Trung""}, {""type"": ""MASKEDNUMBER"", ""start"": 13, ""end"": 21, ""text"": ""85@@ 22@@ 67@@ 12@@ 30@@ 4@@ 10@@ 427""}]","[{""type"": ""FIRSTNAME"", ""start"": 3, ""end"": 4, ""text"": ""Trung""}, {""type"": ""CREDITCARDNUMBER"", ""start"": 13, ""end"": 21, ""text"": ""85@@ 22@@ 67@@ 12@@ 30@@ 4@@ 10@@ 427""}]",O O O B-FIRSTNAME O O O O O O O O O B-MASKEDNUMBER I-MASKEDNUMBER I-MASKEDNUMBER I-MASKEDNUMBER I-MASKEDNUMBER I-MASKEDNUMBER I-MASKEDNUMBER I-MASKEDNUMBER O O O O O O O O O O O O,O O O B-FIRSTNAME O O O O O O O O O B-CREDITCARDNUMBER I-CREDITCARDNUMBER I-CREDITCARDNUMBER I-CREDITCARDNUMBER I-CREDITCARDNUMBER I-CREDITCARDNUMBER I-CREDITCARDNUMBER I-CREDITCARDNUMBER O O O O O O O O O O O O,0.5,"[{""type"": ""FIRSTNAME"", ""start"": 4, ""end"": 5, ""text"": ""▁Trung""}, {""type"": ""MASKEDNUMBER"", ""start"": 15, ""end"": 22, ""text"": ""▁85 22 67 12 304 104 27""}]","[{""type"": ""FIRSTNAME"", ""start"": 4, ""end"": 5, ""text"": ""▁Trung""}, {""type"": ""CREDITCARDNUMBER"", ""start"": 15, ""end"": 22, ""text"": ""▁85 22 67 12 304 104 27""}]",O O O O B-FIRSTNAME O O O O O O O O O O B-MASKEDNUMBER I-MASKEDNUMBER I-MASKEDNUMBER I-MASKEDNUMBER I-MASKEDNUMBER I-MASKEDNUMBER I-MASKEDNUMBER O O O O O O O O O O O O O O O O,O O O O B-FIRSTNAME O O O O O O O O O O B-CREDITCARDNUMBER I-CREDITCARDNUMBER I-CREDITCARDNUMBER I-CREDITCARDNUMBER I-CREDITCARDNUMBER I-CREDITCARDNUMBER I-CREDITCARDNUMBER O O O O O O O O O O O O O O O O
1757,"Bác Xuân, vui lòng chuyển khoản phí phiên là Kwa nza 201k vào tài khoản của chúng tôi 0021000443388 (Vietcombank) trước buổi hẹn tiếp theo.",True,0.8000000000000002,"[{""type"": ""PREFIX"", ""start"": 0, ""end"": 1, ""text"": ""Bác""}, {""type"": ""FIRSTNAME"", ""start"": 1, ""end"": 2, ""text"": ""Xuân""}, {""type"": ""CURRENCY"", ""start"": 8, ""end"": 12, ""text"": ""K@@ wa n@@ za""}, {""type"": ""AMOUNT"", ""start"": 12, ""end"": 14, ""text"": ""201@@ k""}, {""type"": ""ACCOUNTNUMBER"", ""start"": 18, ""end"": 27, ""text"": ""00@@ 2@@ 1000@@ 44@@ 33@@ 88 ( Vietcombank )""}]","[{""type"": ""PREFIX"", ""start"": 0, ""end"": 1, ""text"": ""Bác""}, {""type"": ""MIDDLENAME"", ""start"": 1, ""end"": 2, ""text"": ""Xuân""}, {""type"": ""CURRENCY"", ""start"": 8, ""end"": 12, ""text"": ""K@@ wa n@@ za""}, {""type"": ""AMOUNT"", ""start"": 12, ""end"": 14, ""text"": ""201@@ k""}, {""type"": ""ACCOUNTNUMBER"", ""start"": 18, ""end"": 27, ""text"": ""00@@ 2@@ 1000@@ 44@@ 33@@ 88 ( Vietcombank )""}]",B-PREFIX B-FIRSTNAME O O O O O O B-CURRENCY I-CURRENCY I-CURRENCY I-CURRENCY B-AMOUNT I-AMOUNT O O O O B-ACCOUNTNUMBER I-ACCOUNTNUMBER I-ACCOUNTNUMBER I-ACCOUNTNUMBER I-ACCOUNTNUMBER I-ACCOUNTNUMBER I-ACCOUNTNUMBER I-ACCOUNTNUMBER I-ACCOUNTNUMBER O O O O O,B-PREFIX B-MIDDLENAME O O O O O O B-CURRENCY I-CURRENCY I-CURRENCY I-CURRENCY B-AMOUNT I-AMOUNT O O O O B-ACCOUNTNUMBER I-ACCOUNTNUMBER I-ACCOUNTNUMBER I-ACCOUNTNUMBER I-ACCOUNTNUMBER I-ACCOUNTNUMBER I-ACCOUNTNUMBER I-ACCOUNTNUMBER I-ACCOUNTNUMBER O O O O O,0.8000000000000002,"[{""type"": ""PREFIX"", ""start"": 0, ""end"": 1, ""text"": ""Bác""}, {""type"": ""FIRSTNAME"", ""start"": 1, ""end"": 2, ""text"": ""Xuân""}, {""type"": ""CURRENCY"", ""start"": 8, ""end"": 12, ""text"": ""K@@ wa n@@ za""}, {""type"": ""AMOUNT"", ""start"": 12, ""end"": 14, ""text"": ""201@@ k""}, {""type"": ""ACCOUNTNUMBER"", ""start"": 18, ""end"": 27, ""text"": ""00@@ 2@@ 1000@@ 44@@ 33@@ 88 ( Vietcombank )""}]","[{""type"": ""PREFIX"", ""start"": 0, ""end"": 1, ""text"": ""Bác""}, {""type"": ""MIDDLENAME"", ""start"": 1, ""end"": 2, ""text"": ""Xuân""}, {""type"": ""CURRENCY"", ""start"": 8, ""end"": 12, ""text"": ""K@@ wa n@@ za""}, {""type"": ""AMOUNT"", ""start"": 12, ""end"": 14, ""text"": ""201@@ k""}, {""type"": ""ACCOUNTNUMBER"", ""start"": 18, ""end"": 27, ""text"": ""00@@ 2@@ 1000@@ 44@@ 33@@ 88 ( Vietcombank )""}]",B-PREFIX B-FIRSTNAME O O O O O O B-CURRENCY I-CURRENCY I-CURRENCY I-CURRENCY B-AMOUNT I-AMOUNT O O O O B-ACCOUNTNUMBER I-ACCOUNTNUMBER I-ACCOUNTNUMBER I-ACCOUNTNUMBER I-ACCOUNTNUMBER I-ACCOUNTNUMBER I-ACCOUNTNUMBER I-ACCOUNTNUMBER I-ACCOUNTNUMBER O O O O O,B-PREFIX B-MIDDLENAME O O O O O O B-CURRENCY I-CURRENCY I-CURRENCY I-CURRENCY B-AMOUNT I-AMOUNT O O O O B-ACCOUNTNUMBER I-ACCOUNTNUMBER I-ACCOUNTNUMBER I-ACCOUNTNUMBER I-ACCOUNTNUMBER I-ACCOUNTNUMBER I-ACCOUNTNUMBER I-ACCOUNTNUMBER I-ACCOUNTNUMBER O O O O O,0.8000000000000002,"[{""type"": ""PREFIX"", ""start"": 0, ""end"": 1, ""text"": ""Bác""}, {""type"": ""FIRSTNAME"", ""start"": 1, ""end"": 2, ""text"": ""Xuân""}, {""type"": ""CURRENCY"", ""start"": 8, ""end"": 12, ""text"": ""K@@ wa n@@ za""}, {""type"": ""AMOUNT"", ""start"": 12, ""end"": 14, ""text"": ""201@@ k""}, {""type"": ""ACCOUNTNUMBER"", ""start"": 18, ""end"": 27, ""text"": ""00@@ 2@@ 1000@@ 44@@ 33@@ 88 ( Vietcombank )""}]","[{""type"": ""PREFIX"", ""start"": 0, ""end"": 1, ""text"": ""Bác""}, {""type"": ""MIDDLENAME"", ""start"": 1, ""end"": 2, ""text"": ""Xuân""}, {""type"": ""CURRENCY"", ""start"": 8, ""end"": 12, ""text"": ""K@@ wa n@@ za""}, {""type"": ""AMOUNT"", ""start"": 12, ""end"": 14, ""text"": ""201@@ k""}, {""type"": ""ACCOUNTNUMBER"", ""start"": 18, ""end"": 27, ""text"": ""00@@ 2@@ 1000@@ 44@@ 33@@ 88 ( Vietcombank )""}]",B-PREFIX B-FIRSTNAME O O O O O O B-CURRENCY I-CURRENCY I-CURRENCY I-CURRENCY B-AMOUNT I-AMOUNT O O O O B-ACCOUNTNUMBER I-ACCOUNTNUMBER I-ACCOUNTNUMBER I-ACCOUNTNUMBER I-ACCOUNTNUMBER I-ACCOUNTNUMBER I-ACCOUNTNUMBER I-ACCOUNTNUMBER I-ACCOUNTNUMBER O O O O O,B-PREFIX B-MIDDLENAME O O O O O O B-CURRENCY I-CURRENCY I-CURRENCY I-CURRENCY B-AMOUNT I-AMOUNT O O O O B-ACCOUNTNUMBER I-ACCOUNTNUMBER I-ACCOUNTNUMBER I-ACCOUNTNUMBER I-ACCOUNTNUMBER I-ACCOUNTNUMBER I-ACCOUNTNUMBER I-ACCOUNTNUMBER I-ACCOUNTNUMBER O O O O O,0.8333333333333334,"[{""type"": ""PREFIX"", ""start"": 0, ""end"": 1, ""text"": ""▁Bác""}, {""type"": ""FIRSTNAME"", ""start"": 1, ""end"": 2, ""text"": ""▁Xuân""}, {""type"": ""CURRENCY"", ""start"": 10, ""end"": 13, ""text"": ""▁Kwa ▁ nza""}, {""type"": ""AMOUNT"", ""start"": 13, ""end"": 15, ""text"": ""▁201 k""}, {""type"": ""ACCOUNTNUMBER"", ""start"": 21, ""end"": 22, ""text"": ""▁""}, {""type"": ""ACCOUNTNUMBER"", ""start"": 22, ""end"": 32, ""text"": ""002 1000 443 388 ▁( Vi et com bank )""}]","[{""type"": ""PREFIX"", ""start"": 0, ""end"": 1, ""text"": ""▁Bác""}, {""type"": ""MIDDLENAME"", ""start"": 1, ""end"": 2, ""text"": ""▁Xuân""}, {""type"": ""CURRENCY"", ""start"": 10, ""end"": 13, ""text"": ""▁Kwa ▁ nza""}, {""type"": ""AMOUNT"", ""start"": 13, ""end"": 15, ""text"": ""▁201 k""}, {""type"": ""ACCOUNTNUMBER"", ""start"": 21, ""end"": 22, ""text"": ""▁""}, {""type"": ""ACCOUNTNUMBER"", ""start"": 22, ""end"": 32, ""text"": ""002 1000 443 388 ▁( Vi et com bank )""}]",B-PREFIX B-FIRSTNAME O O O O O O O O B-CURRENCY I-CURRENCY I-CURRENCY B-AMOUNT I-AMOUNT O O O O O O B-ACCOUNTNUMBER B-ACCOUNTNUMBER I-ACCOUNTNUMBER I-ACCOUNTNUMBER I-ACCOUNTNUMBER I-ACCOUNTNUMBER I-ACCOUNTNUMBER I-ACCOUNTNUMBER I-ACCOUNTNUMBER I-ACCOUNTNUMBER I-ACCOUNTNUMBER O O O O O O,B-PREFIX B-MIDDLENAME O O O O O O O O B-CURRENCY I-CURRENCY I-CURRENCY B-AMOUNT I-AMOUNT O O O O O O B-ACCOUNTNUMBER B-ACCOUNTNUMBER I-ACCOUNTNUMBER I-ACCOUNTNUMBER I-ACCOUNTNUMBER I-ACCOUNTNUMBER I-ACCOUNTNUMBER I-ACCOUNTNUMBER I-ACCOUNTNUMBER I-ACCOUNTNUMBER I-ACCOUNTNUMBER O O O O O O
1775,Ban quản lý sẽ yêu cầu bạn tham gia khóa học chuyên nghiệp sắp tới vào ngày 22.08.77. Thanh toán có thể được thực hiện qua địa chỉ 0xd4a02dcc74d469215af19d47aefd5c60bbc7ca40.,True,0.5,"[{""type"": ""DATE"", ""start"": 13, ""end"": 16, ""text"": ""22.0@@ 8.@@ 77""}, {""type"": ""ETHEREUMADDRESS"", ""start"": 23, ""end"": 51, ""text"": ""0 x@@ d 4 a 02 d@@ cc 74 d 46@@ 9@@ 215 af 19 d 47 ae@@ f@@ d 5 c 60 bb@@ c 7 ca 40""}]","[{""type"": ""DOB"", ""start"": 13, ""end"": 16, ""text"": ""22.0@@ 8.@@ 77""}, {""type"": ""ETHEREUMADDRESS"", ""start"": 23, ""end"": 51, ""text"": ""0 x@@ d 4 a 02 d@@ cc 74 d 46@@ 9@@ 215 af 19 d 47 ae@@ f@@ d 5 c 60 bb@@ c 7 ca 40""}]",O O O O O O O O O O O O O B-DATE I-DATE I-DATE O O O O O O O B-ETHEREUMADDRESS I-ETHEREUMADDRESS I-ETHEREUMADDRESS I-ETHEREUMADDRESS I-ETHEREUMADDRESS I-ETHEREUMADDRESS I-ETHEREUMADDRESS I-ETHEREUMADDRESS I-ETHEREUMADDRESS I-ETHEREUMADDRESS I-ETHEREUMADDRESS I-ETHEREUMADDRESS I-ETHEREUMADDRESS I-ETHEREUMADDRESS I-ETHEREUMADDRESS I-ETHEREUMADDRESS I-ETHEREUMADDRESS I-ETHEREUMADDRESS I-ETHEREUMADDRESS I-ETHEREUMADDRESS I-ETHEREUMADDRESS I-ETHEREUMADDRESS I-ETHEREUMADDRESS I-ETHEREUMADDRESS I-ETHEREUMADDRESS I-ETHEREUMADDRESS I-ETHEREUMADDRESS I-ETHEREUMADDRESS O,O O O O O O O O O O O O O B-DOB I-DOB I-DOB O O O O O O O B-ETHEREUMADDRESS I-ETHEREUMADDRESS I-ETHEREUMADDRESS I-ETHEREUMADDRESS I-ETHEREUMADDRESS I-ETHEREUMADDRESS I-ETHEREUMADDRESS I-ETHEREUMADDRESS I-ETHEREUMADDRESS I-ETHEREUMADDRESS I-ETHEREUMADDRESS I-ETHEREUMADDRESS I-ETHEREUMADDRESS I-ETHEREUMADDRESS I-ETHEREUMADDRESS I-ETHEREUMADDRESS I-ETHEREUMADDRESS I-ETHEREUMADDRESS I-ETHEREUMADDRESS I-ETHEREUMADDRESS I-ETHEREUMADDRESS I-ETHEREUMADDRESS I-ETHEREUMADDRESS I-ETHEREUMADDRESS I-ETHEREUMADDRESS I-ETHEREUMADDRESS I-ETHEREUMADDRESS I-ETHEREUMADDRESS O,0.5,"[{""type"": ""DATE"", ""start"": 13, ""end"": 16, ""text"": ""22.0@@ 8.@@ 77""}, {""type"": ""ETHEREUMADDRESS"", ""start"": 23, ""end"": 51, ""text"": ""0 x@@ d 4 a 02 d@@ cc 74 d 46@@ 9@@ 215 af 19 d 47 ae@@ f@@ d 5 c 60 bb@@ c 7 ca 40""}]","[{""type"": ""DOB"", ""start"": 13, ""end"": 16, ""text"": ""22.0@@ 8.@@ 77""}, {""type"": ""ETHEREUMADDRESS"", ""start"": 23, ""end"": 51, ""text"": ""0 x@@ d 4 a 02 d@@ cc 74 d 46@@ 9@@ 215 af 19 d 47 ae@@ f@@ d 5 c 60 bb@@ c 7 ca 40""}]",O O O O O O O O O O O O O B-DATE I-DATE I-DATE O O O O O O O B-ETHEREUMADDRESS I-ETHEREUMADDRESS I-ETHEREUMADDRESS I-ETHEREUMADDRESS I-ETHEREUMADDRESS I-ETHEREUMADDRESS I-ETHEREUMADDRESS I-ETHEREUMADDRESS I-ETHEREUMADDRESS I-ETHEREUMADDRESS I-ETHEREUMADDRESS I-ETHEREUMADDRESS I-ETHEREUMADDRESS I-ETHEREUMADDRESS I-ETHEREUMADDRESS I-ETHEREUMADDRESS I-ETHEREUMADDRESS I-ETHEREUMADDRESS I-ETHEREUMADDRESS I-ETHEREUMADDRESS I-ETHEREUMADDRESS I-ETHEREUMADDRESS I-ETHEREUMADDRESS I-ETHEREUMADDRESS I-ETHEREUMADDRESS I-ETHEREUMADDRESS I-ETHEREUMADDRESS I-ETHEREUMADDRESS O,O O O O O O O O O O O O O B-DOB I-DOB I-DOB O O O O O O O B-ETHEREUMADDRESS I-ETHEREUMADDRESS I-ETHEREUMADDRESS I-ETHEREUMADDRESS I-ETHEREUMADDRESS I-ETHEREUMADDRESS I-ETHEREUMADDRESS I-ETHEREUMADDRESS I-ETHEREUMADDRESS I-ETHEREUMADDRESS I-ETHEREUMADDRESS I-ETHEREUMADDRESS I-ETHEREUMADDRESS I-ETHEREUMADDRESS I-ETHEREUMADDRESS I-ETHEREUMADDRESS I-ETHEREUMADDRESS I-ETHEREUMADDRESS I-ETHEREUMADDRESS I-ETHEREUMADDRESS I-ETHEREUMADDRESS I-ETHEREUMADDRESS I-ETHEREUMADDRESS I-ETHEREUMADDRESS I-ETHEREUMADDRESS I-ETHEREUMADDRESS I-ETHEREUMADDRESS I-ETHEREUMADDRESS O,0.5,"[{""type"": ""DATE"", ""start"": 13, ""end"": 16, ""text"": ""22.0@@ 8.@@ 77""}, {""type"": ""ETHEREUMADDRESS"", ""start"": 23, ""end"": 51, ""text"": ""0 x@@ d 4 a 02 d@@ cc 74 d 46@@ 9@@ 215 af 19 d 47 ae@@ f@@ d 5 c 60 bb@@ c 7 ca 40""}]","[{""type"": ""DOB"", ""start"": 13, ""end"": 16, ""text"": ""22.0@@ 8.@@ 77""}, {""type"": ""ETHEREUMADDRESS"", ""start"": 23, ""end"": 51, ""text"": ""0 x@@ d 4 a 02 d@@ cc 74 d 46@@ 9@@ 215 af 19 d 47 ae@@ f@@ d 5 c 60 bb@@ c 7 ca 40""}]",O O O O O O O O O O O O O B-DATE I-DATE I-DATE O O O O O O O B-ETHEREUMADDRESS I-ETHEREUMADDRESS I-ETHEREUMADDRESS I-ETHEREUMADDRESS I-ETHEREUMADDRESS I-ETHEREUMADDRESS I-ETHEREUMADDRESS I-ETHEREUMADDRESS I-ETHEREUMADDRESS I-ETHEREUMADDRESS I-ETHEREUMADDRESS I-ETHEREUMADDRESS I-ETHEREUMADDRESS I-ETHEREUMADDRESS I-ETHEREUMADDRESS I-ETHEREUMADDRESS I-ETHEREUMADDRESS I-ETHEREUMADDRESS I-ETHEREUMADDRESS I-ETHEREUMADDRESS I-ETHEREUMADDRESS I-ETHEREUMADDRESS I-ETHEREUMADDRESS I-ETHEREUMADDRESS I-ETHEREUMADDRESS I-ETHEREUMADDRESS I-ETHEREUMADDRESS I-ETHEREUMADDRESS O,O O O O O O O O O O O O O B-DOB I-DOB I-DOB O O O O O O O B-ETHEREUMADDRESS I-ETHEREUMADDRESS I-ETHEREUMADDRESS I-ETHEREUMADDRESS I-ETHEREUMADDRESS I-ETHEREUMADDRESS I-ETHEREUMADDRESS I-ETHEREUMADDRESS I-ETHEREUMADDRESS I-ETHEREUMADDRESS I-ETHEREUMADDRESS I-ETHEREUMADDRESS I-ETHEREUMADDRESS I-ETHEREUMADDRESS I-ETHEREUMADDRESS I-ETHEREUMADDRESS I-ETHEREUMADDRESS I-ETHEREUMADDRESS I-ETHEREUMADDRESS I-ETHEREUMADDRESS I-ETHEREUMADDRESS I-ETHEREUMADDRESS I-ETHEREUMADDRESS I-ETHEREUMADDRESS I-ETHEREUMADDRESS I-ETHEREUMADDRESS I-ETHEREUMADDRESS I-ETHEREUMADDRESS O,0.5,"[{""type"": ""DATE"", ""start"": 17, ""end"": 20, ""text"": ""▁22. 08. 77""}, {""type"": ""ETHEREUMADDRESS"", ""start"": 31, ""end"": 59, ""text"": ""▁0 x d 4 a 02 d cc 74 d 469 2 15 af 19 d 47 a ef d 5 c 60 bb c 7 ca 40""}]","[{""type"": ""DOB"", ""start"": 17, ""end"": 20, ""text"": ""▁22. 08. 77""}, {""type"": ""ETHEREUMADDRESS"", ""start"": 31, ""end"": 59, ""text"": ""▁0 x d 4 a 02 d cc 74 d 469 2 15 af 19 d 47 a ef d 5 c 60 bb c 7 ca 40""}]",O O O O O O O O O O O O O O O O O B-DATE I-DATE I-DATE O O O O O O O O O O O B-ETHEREUMADDRESS I-ETHEREUMADDRESS I-ETHEREUMADDRESS I-ETHEREUMADDRESS I-ETHEREUMADDRESS I-ETHEREUMADDRESS I-ETHEREUMADDRESS I-ETHEREUMADDRESS I-ETHEREUMADDRESS I-ETHEREUMADDRESS I-ETHEREUMADDRESS I-ETHEREUMADDRESS I-ETHEREUMADDRESS I-ETHEREUMADDRESS I-ETHEREUMADDRESS I-ETHEREUMADDRESS I-ETHEREUMADDRESS I-ETHEREUMADDRESS I-ETHEREUMADDRESS I-ETHEREUMADDRESS I-ETHEREUMADDRESS I-ETHEREUMADDRESS I-ETHEREUMADDRESS I-ETHEREUMADDRESS I-ETHEREUMADDRESS I-ETHEREUMADDRESS I-ETHEREUMADDRESS I-ETHEREUMADDRESS O,O O O O O O O O O O O O O O O O O B-DOB I-DOB I-DOB O O O O O O O O O O O B-ETHEREUMADDRESS I-ETHEREUMADDRESS I-ETHEREUMADDRESS I-ETHEREUMADDRESS I-ETHEREUMADDRESS I-ETHEREUMADDRESS I-ETHEREUMADDRESS I-ETHEREUMADDRESS I-ETHEREUMADDRESS I-ETHEREUMADDRESS I-ETHEREUMADDRESS I-ETHEREUMADDRESS I-ETHEREUMADDRESS I-ETHEREUMADDRESS I-ETHEREUMADDRESS I-ETHEREUMADDRESS I-ETHEREUMADDRESS I-ETHEREUMADDRESS I-ETHEREUMADDRESS I-ETHEREUMADDRESS I-ETHEREUMADDRESS I-ETHEREUMADDRESS I-ETHEREUMADDRESS I-ETHEREUMADDRESS I-ETHEREUMADDRESS I-ETHEREUMADDRESS I-ETHEREUMADDRESS I-ETHEREUMADDRESS O
1876,Xin hãy kiểm tra số 2955776992161487 của bạn trên portal để có thể cập nhật. Đảm bảo an toàn cho portal bằng AsdfGhjkL456. Tất cả các thanh toán được thực hiện từ 00880056201004-Account có ký túc 4917811360143591 được chấp nhận ngay lập tức.,True,0.6666666666666665,"[{""type"": ""MASKEDNUMBER"", ""start"": 4, ""end"": 13, ""text"": ""29@@ 55@@ 77@@ 6@@ 99@@ 2@@ 16@@ 14@@ 87""}, {""type"": ""PASSWORD"", ""start"": 28, ""end"": 36, ""text"": ""As@@ d@@ f@@ Gh@@ j@@ k@@ L 456""}, {""type"": ""IBAN"", ""start"": 43, ""end"": 53, ""text"": ""00@@ 88@@ 00@@ 56@@ 201@@ 00@@ 4 - Ac@@ count""}, {""type"": ""MASKEDNUMBER"", ""start"": 56, ""end"": 64, ""text"": ""49@@ 17@@ 8@@ 113@@ 60@@ 14@@ 35@@ 91""}]","[{""type"": ""MASKEDNUMBER"", ""start"": 4, ""end"": 13, ""text"": ""29@@ 55@@ 77@@ 6@@ 99@@ 2@@ 16@@ 14@@ 87""}, {""type"": ""PASSWORD"", ""start"": 28, ""end"": 36, ""text"": ""As@@ d@@ f@@ Gh@@ j@@ k@@ L 456""}, {""type"": ""CREDITCARDNUMBER"", ""start"": 43, ""end"": 51, ""text"": ""00@@ 88@@ 00@@ 56@@ 201@@ 00@@ 4 -""}, {""type"": ""ACCOUNTNAME"", ""start"": 51, ""end"": 53, ""text"": ""Ac@@ count""}, {""type"": ""MASKEDNUMBER"", ""start"": 56, ""end"": 64, ""text"": ""49@@ 17@@ 8@@ 113@@ 60@@ 14@@ 35@@ 91""}]",O O O O B-MASKEDNUMBER I-MASKEDNUMBER I-MASKEDNUMBER I-MASKEDNUMBER I-MASKEDNUMBER I-MASKEDNUMBER I-MASKEDNUMBER I-MASKEDNUMBER I-MASKEDNUMBER O O O O O O O O O O O O O O O B-PASSWORD I-PASSWORD I-PASSWORD I-PASSWORD I-PASSWORD I-PASSWORD I-PASSWORD I-PASSWORD O O O O O O O B-IBAN I-IBAN I-IBAN I-IBAN I-IBAN I-IBAN I-IBAN I-IBAN I-IBAN I-IBAN O O O B-MASKEDNUMBER I-MASKEDNUMBER I-MASKEDNUMBER I-MASKEDNUMBER I-MASKEDNUMBER I-MASKEDNUMBER I-MASKEDNUMBER I-MASKEDNUMBER O O O O,O O O O B-MASKEDNUMBER I-MASKEDNUMBER I-MASKEDNUMBER I-MASKEDNUMBER I-MASKEDNUMBER I-MASKEDNUMBER I-MASKEDNUMBER I-MASKEDNUMBER I-MASKEDNUMBER O O O O O O O O O O O O O O O B-PASSWORD I-PASSWORD I-PASSWORD I-PASSWORD I-PASSWORD I-PASSWORD I-PASSWORD I-PASSWORD O O O O O O O B-CREDITCARDNUMBER I-CREDITCARDNUMBER I-CREDITCARDNUMBER I-CREDITCARDNUMBER I-CREDITCARDNUMBER I-CREDITCARDNUMBER I-CREDITCARDNUMBER I-CREDITCARDNUMBER I-ACCOUNTNAME I-ACCOUNTNAME O O O B-MASKEDNUMBER I-MASKEDNUMBER I-MASKEDNUMBER I-MASKEDNUMBER I-MASKEDNUMBER I-MASKEDNUMBER I-MASKEDNUMBER I-MASKEDNUMBER O O O O,0.6666666666666665,"[{""type"": ""MASKEDNUMBER"", ""start"": 4, ""end"": 13, ""text"": ""29@@ 55@@ 77@@ 6@@ 99@@ 2@@ 16@@ 14@@ 87""}, {""type"": ""PASSWORD"", ""start"": 28, ""end"": 36, ""text"": ""As@@ d@@ f@@ Gh@@ j@@ k@@ L 456""}, {""type"": ""IBAN"", ""start"": 43, ""end"": 53, ""text"": ""00@@ 88@@ 00@@ 56@@ 201@@ 00@@ 4 - Ac@@ count""}, {""type"": ""MASKEDNUMBER"", ""start"": 56, ""end"": 64, ""text"": ""49@@ 17@@ 8@@ 113@@ 60@@ 14@@ 35@@ 91""}]","[{""type"": ""MASKEDNUMBER"", ""start"": 4, ""end"": 13, ""text"": ""29@@ 55@@ 77@@ 6@@ 99@@ 2@@ 16@@ 14@@ 87""}, {""type"": ""PASSWORD"", ""start"": 28, ""end"": 36, ""text"": ""As@@ d@@ f@@ Gh@@ j@@ k@@ L 456""}, {""type"": ""IBAN"", ""start"": 43, ""end"": 51, ""text"": ""00@@ 88@@ 00@@ 56@@ 201@@ 00@@ 4 -""}, {""type"": ""ACCOUNTNAME"", ""start"": 51, ""end"": 53, ""text"": ""Ac@@ count""}, {""type"": ""MASKEDNUMBER"", ""start"": 56, ""end"": 64, ""text"": ""49@@ 17@@ 8@@ 113@@ 60@@ 14@@ 35@@ 91""}]",O O O O B-MASKEDNUMBER I-MASKEDNUMBER I-MASKEDNUMBER I-MASKEDNUMBER I-MASKEDNUMBER I-MASKEDNUMBER I-MASKEDNUMBER I-MASKEDNUMBER I-MASKEDNUMBER O O O O O O O O O O O O O O O B-PASSWORD I-PASSWORD I-PASSWORD I-PASSWORD I-PASSWORD I-PASSWORD I-PASSWORD I-PASSWORD O O O O O O O B-IBAN I-IBAN I-IBAN I-IBAN I-IBAN I-IBAN I-IBAN I-IBAN I-IBAN I-IBAN O O O B-MASKEDNUMBER I-MASKEDNUMBER I-MASKEDNUMBER I-MASKEDNUMBER I-MASKEDNUMBER I-MASKEDNUMBER I-MASKEDNUMBER I-MASKEDNUMBER O O O O,O O O O B-MASKEDNUMBER I-MASKEDNUMBER I-MASKEDNUMBER I-MASKEDNUMBER I-MASKEDNUMBER I-MASKEDNUMBER I-MASKEDNUMBER I-MASKEDNUMBER I-MASKEDNUMBER O O O O O O O O O O O O O O O B-PASSWORD I-PASSWORD I-PASSWORD I-PASSWORD I-PASSWORD I-PASSWORD I-PASSWORD I-PASSWORD O O O O O O O B-IBAN I-IBAN I-IBAN I-IBAN I-IBAN I-IBAN I-IBAN I-IBAN B-ACCOUNTNAME I-ACCOUNTNAME O O O B-MASKEDNUMBER I-MASKEDNUMBER I-MASKEDNUMBER I-MASKEDNUMBER I-MASKEDNUMBER I-MASKEDNUMBER I-MASKEDNUMBER I-MASKEDNUMBER O O O O,0.6,"[{""type"": ""MASKEDNUMBER"", ""start"": 4, ""end"": 13, ""text"": ""29@@ 55@@ 77@@ 6@@ 99@@ 2@@ 16@@ 14@@ 87""}, {""type"": ""PASSWORD"", ""start"": 28, ""end"": 36, ""text"": ""As@@ d@@ f@@ Gh@@ j@@ k@@ L 456""}, {""type"": ""IBAN"", ""start"": 43, ""end"": 53, ""text"": ""00@@ 88@@ 00@@ 56@@ 201@@ 00@@ 4 - Ac@@ count""}, {""type"": ""MASKEDNUMBER"", ""start"": 56, ""end"": 64, ""text"": ""49@@ 17@@ 8@@ 113@@ 60@@ 14@@ 35@@ 91""}]","[{""type"": ""MASKEDNUMBER"", ""start"": 4, ""end"": 13, ""text"": ""29@@ 55@@ 77@@ 6@@ 99@@ 2@@ 16@@ 14@@ 87""}, {""type"": ""PASSWORD"", ""start"": 28, ""end"": 36, ""text"": ""As@@ d@@ f@@ Gh@@ j@@ k@@ L 456""}, {""type"": ""CREDITCARDNUMBER"", ""start"": 43, ""end"": 50, ""text"": ""00@@ 88@@ 00@@ 56@@ 201@@ 00@@ 4""}, {""type"": ""IBAN"", ""start"": 50, ""end"": 51, ""text"": ""-""}, {""type"": ""ACCOUNTNAME"", ""start"": 51, ""end"": 53, ""text"": ""Ac@@ count""}, {""type"": ""MASKEDNUMBER"", ""start"": 56, ""end"": 64, ""text"": ""49@@ 17@@ 8@@ 113@@ 60@@ 14@@ 35@@ 91""}]",O O O O B-MASKEDNUMBER I-MASKEDNUMBER I-MASKEDNUMBER I-MASKEDNUMBER I-MASKEDNUMBER I-MASKEDNUMBER I-MASKEDNUMBER I-MASKEDNUMBER I-MASKEDNUMBER O O O O O O O O O O O O O O O B-PASSWORD I-PASSWORD I-PASSWORD I-PASSWORD I-PASSWORD I-PASSWORD I-PASSWORD I-PASSWORD O O O O O O O B-IBAN I-IBAN I-IBAN I-IBAN I-IBAN I-IBAN I-IBAN I-IBAN I-IBAN I-IBAN O O O B-MASKEDNUMBER I-MASKEDNUMBER I-MASKEDNUMBER I-MASKEDNUMBER I-MASKEDNUMBER I-MASKEDNUMBER I-MASKEDNUMBER I-MASKEDNUMBER O O O O,O O O O B-MASKEDNUMBER I-MASKEDNUMBER I-MASKEDNUMBER I-MASKEDNUMBER I-MASKEDNUMBER I-MASKEDNUMBER I-MASKEDNUMBER I-MASKEDNUMBER I-MASKEDNUMBER O O O O O O O O O O O O O O O B-PASSWORD I-PASSWORD I-PASSWORD I-PASSWORD I-PASSWORD I-PASSWORD I-PASSWORD I-PASSWORD O O O O O O O B-CREDITCARDNUMBER I-CREDITCARDNUMBER I-CREDITCARDNUMBER I-CREDITCARDNUMBER I-CREDITCARDNUMBER I-CREDITCARDNUMBER I-CREDITCARDNUMBER I-IBAN I-ACCOUNTNAME I-ACCOUNTNAME O O O B-MASKEDNUMBER I-MASKEDNUMBER I-MASKEDNUMBER I-MASKEDNUMBER I-MASKEDNUMBER I-MASKEDNUMBER I-MASKEDNUMBER I-MASKEDNUMBER O O O O,0.7272727272727272,"[{""type"": ""MASKEDNUMBER"", ""start"": 5, ""end"": 12, ""text"": ""▁29 557 76 99 21 61 487""}, {""type"": ""PASSWORD"", ""start"": 31, ""end"": 39, ""text"": ""▁As d f G h jk L 456""}, {""type"": ""IBAN"", ""start"": 49, ""end"": 50, ""text"": ""▁""}, {""type"": ""IBAN"", ""start"": 50, ""end"": 58, ""text"": ""008 800 56 2010 04 - Ac count""}, {""type"": ""MASKEDNUMBER"", ""start"": 61, ""end"": 67, ""text"": ""▁49 178 113 601 435 91""}]","[{""type"": ""MASKEDNUMBER"", ""start"": 5, ""end"": 12, ""text"": ""▁29 557 76 99 21 61 487""}, {""type"": ""PASSWORD"", ""start"": 31, ""end"": 39, ""text"": ""▁As d f G h jk L 456""}, {""type"": ""IBAN"", ""start"": 49, ""end"": 50, ""text"": ""▁""}, {""type"": ""CREDITCARDNUMBER"", ""start"": 50, ""end"": 55, ""text"": ""008 800 56 2010 04""}, {""type"": ""IBAN"", ""start"": 55, ""end"": 58, ""text"": ""- Ac count""}, {""type"": ""MASKEDNUMBER"", ""start"": 61, ""end"": 67, ""text"": ""▁49 178 113 601 435 91""}]",O O O O O B-MASKEDNUMBER I-MASKEDNUMBER I-MASKEDNUMBER I-MASKEDNUMBER I-MASKEDNUMBER I-MASKEDNUMBER I-MASKEDNUMBER O O O O O O O O O O O O O O O O O O O B-PASSWORD I-PASSWORD I-PASSWORD I-PASSWORD I-PASSWORD I-PASSWORD I-PASSWORD I-PASSWORD O O O O O O O O O O B-IBAN B-IBAN I-IBAN I-IBAN I-IBAN I-IBAN I-IBAN I-IBAN I-IBAN O O O B-MASKEDNUMBER I-MASKEDNUMBER I-MASKEDNUMBER I-MASKEDNUMBER I-MASKEDNUMBER I-MASKEDNUMBER O O O O O O O,O O O O O B-MASKEDNUMBER I-MASKEDNUMBER I-MASKEDNUMBER I-MASKEDNUMBER I-MASKEDNUMBER I-MASKEDNUMBER I-MASKEDNUMBER O O O O O O O O O O O O O O O O O O O B-PASSWORD I-PASSWORD I-PASSWORD I-PASSWORD I-PASSWORD I-PASSWORD I-PASSWORD I-PASSWORD O O O O O O O O O O B-IBAN B-CREDITCARDNUMBER I-CREDITCARDNUMBER I-CREDITCARDNUMBER I-CREDITCARDNUMBER I-CREDITCARDNUMBER I-IBAN I-IBAN I-IBAN O O O B-MASKEDNUMBER I-MASKEDNUMBER I-MASKEDNUMBER I-MASKEDNUMBER I-MASKEDNUMBER I-MASKEDNUMBER O O O O O O O
1881,"Thư đã đăng ký đến Phố Lý Thường Kiệt 914, chúng tôi đã nhận được một yêu cầu rằng khách hàng Nữ 18 của bạn đã bị nhìn thấy điều khiển phương tiện LH19FWQ tại Quận Thanh Xuân vào ngày ngày 22 tháng 5 năm 1987 lúc 08:21 mặc dù đang có một vụ việc đang diễn ra.",True,0.823529411764706,"[{""type"": ""STREET"", ""start"": 4, ""end"": 6, ""text"": ""Phố Lý_Thường_Kiệt""}, {""type"": ""BUILDINGNUMBER"", ""start"": 6, ""end"": 8, ""text"": ""9@@ 14""}, {""type"": ""SEX"", ""start"": 17, ""end"": 18, ""text"": ""Nữ""}, {""type"": ""AGE"", ""start"": 18, ""end"": 19, ""text"": ""18""}, {""type"": ""VEHICLEVRM"", ""start"": 27, ""end"": 32, ""text"": ""LH@@ 19@@ F@@ W@@ Q""}, {""type"": ""COUNTY"", ""start"": 33, ""end"": 35, ""text"": ""Quận Thanh_Xuân""}, {""type"": ""DATE"", ""start"": 37, ""end"": 42, ""text"": ""22 tháng 5 năm 1987""}, {""type"": ""TIME"", ""start"": 43, ""end"": 45, ""text"": ""08:@@ 21""}]","[{""type"": ""FIRSTNAME"", ""start"": 0, ""end"": 1, ""text"": ""Thư""}, {""type"": ""STREET"", ""start"": 4, ""end"": 6, ""text"": ""Phố Lý_Thường_Kiệt""}, {""type"": ""BUILDINGNUMBER"", ""start"": 6, ""end"": 8, ""text"": ""9@@ 14""}, {""type"": ""SEX"", ""start"": 17, ""end"": 18, ""text"": ""Nữ""}, {""type"": ""AGE"", ""start"": 18, ""end"": 19, ""text"": ""18""}, {""type"": ""VEHICLEVRM"", ""start"": 27, ""end"": 32, ""text"": ""LH@@ 19@@ F@@ W@@ Q""}, {""type"": ""COUNTY"", ""start"": 33, ""end"": 35, ""text"": ""Quận Thanh_Xuân""}, {""type"": ""DATE"", ""start"": 37, ""end"": 42, ""text"": ""22 tháng 5 năm 1987""}, {""type"": ""TIME"", ""start"": 43, ""end"": 46, ""text"": ""08:@@ 21 mặc_dù""}]",O O O O B-STREET I-STREET B-BUILDINGNUMBER I-BUILDINGNUMBER O O O O O O O O O B-SEX B-AGE O O O O O O O O B-VEHICLEVRM I-VEHICLEVRM I-VEHICLEVRM I-VEHICLEVRM I-VEHICLEVRM O B-COUNTY I-COUNTY O O I-DATE I-DATE I-DATE I-DATE I-DATE O B-TIME I-TIME O O O O O O O O O,B-FIRSTNAME O O O B-STREET I-STREET B-BUILDINGNUMBER I-BUILDINGNUMBER O O O O O O O O O B-SEX B-AGE O O O O O O O O B-VEHICLEVRM I-VEHICLEVRM I-VEHICLEVRM I-VEHICLEVRM I-VEHICLEVRM O B-COUNTY I-COUNTY O O I-DATE I-DATE I-DATE I-DATE I-DATE O B-TIME I-TIME I-TIME O O O O O O O O,0.9411764705882353,"[{""type"": ""STREET"", ""start"": 4, ""end"": 6, ""text"": ""Phố Lý_Thường_Kiệt""}, {""type"": ""BUILDINGNUMBER"", ""start"": 6, ""end"": 8, ""text"": ""9@@ 14""}, {""type"": ""SEX"", ""start"": 17, ""end"": 18, ""text"": ""Nữ""}, {""type"": ""AGE"", ""start"": 18, ""end"": 19, ""text"": ""18""}, {""type"": ""VEHICLEVRM"", ""start"": 27, ""end"": 32, ""text"": ""LH@@ 19@@ F@@ W@@ Q""}, {""type"": ""COUNTY"", ""start"": 33, ""end"": 35, ""text"": ""Quận Thanh_Xuân""}, {""type"": ""DATE"", ""start"": 37, ""end"": 42, ""text"": ""22 tháng 5 năm 1987""}, {""type"": ""TIME"", ""start"": 43, ""end"": 45, ""text"": ""08:@@ 21""}]","[{""type"": ""FIRSTNAME"", ""start"": 0, ""end"": 1, ""text"": ""Thư""}, {""type"": ""STREET"", ""start"": 4, ""end"": 6, ""text"": ""Phố Lý_Thường_Kiệt""}, {""type"": ""BUILDINGNUMBER"", ""start"": 6, ""end"": 8, ""text"": ""9@@ 14""}, {""type"": ""SEX"", ""start"": 17, ""end"": 18, ""text"": ""Nữ""}, {""type"": ""AGE"", ""start"": 18, ""end"": 19, ""text"": ""18""}, {""type"": ""VEHICLEVRM"", ""start"": 27, ""end"": 32, ""text"": ""LH@@ 19@@ F@@ W@@ Q""}, {""type"": ""COUNTY"", ""start"": 33, ""end"": 35, ""text"": ""Quận Thanh_Xuân""}, {""type"": ""DATE"", ""start"": 37, ""end"": 42, ""text"": ""22 tháng 5 năm 1987""}, {""type"": ""TIME"", ""start"": 43, ""end"": 45, ""text"": ""08:@@ 21""}]",O O O O B-STREET I-STREET B-BUILDINGNUMBER I-BUILDINGNUMBER O O O O O O O O O B-SEX B-AGE O O O O O O O O B-VEHICLEVRM I-VEHICLEVRM I-VEHICLEVRM I-VEHICLEVRM I-VEHICLEVRM O B-COUNTY I-COUNTY O O I-DATE I-DATE I-DATE I-DATE I-DATE O B-TIME I-TIME O O O O O O O O O,B-FIRSTNAME O O O B-STREET I-STREET B-BUILDINGNUMBER I-BUILDINGNUMBER O O O O O O O O O B-SEX B-AGE O O O O O O O O B-VEHICLEVRM I-VEHICLEVRM I-VEHICLEVRM I-VEHICLEVRM I-VEHICLEVRM O B-COUNTY I-COUNTY O O I-DATE I-DATE I-DATE I-DATE I-DATE O B-TIME I-TIME O O O O O O O O O,0.9411764705882353,"[{""type"": ""STREET"", ""start"": 4, ""end"": 6, ""text"": ""Phố Lý_Thường_Kiệt""}, {""type"": ""BUILDINGNUMBER"", ""start"": 6, ""end"": 8, ""text"": ""9@@ 14""}, {""type"": ""SEX"", ""start"": 17, ""end"": 18, ""text"": ""Nữ""}, {""type"": ""AGE"", ""start"": 18, ""end"": 19, ""text"": ""18""}, {""type"": ""VEHICLEVRM"", ""start"": 27, ""end"": 32, ""text"": ""LH@@ 19@@ F@@ W@@ Q""}, {""type"": ""COUNTY"", ""start"": 33, ""end"": 35, ""text"": ""Quận Thanh_Xuân""}, {""type"": ""DATE"", ""start"": 37, ""end"": 42, ""text"": ""22 tháng 5 năm 1987""}, {""type"": ""TIME"", ""start"": 43, ""end"": 45, ""text"": ""08:@@ 21""}]","[{""type"": ""FIRSTNAME"", ""start"": 0, ""end"": 1, ""text"": ""Thư""}, {""type"": ""STREET"", ""start"": 4, ""end"": 6, ""text"": ""Phố Lý_Thường_Kiệt""}, {""type"": ""BUILDINGNUMBER"", ""start"": 6, ""end"": 8, ""text"": ""9@@ 14""}, {""type"": ""SEX"", ""start"": 17, ""end"": 18, ""text"": ""Nữ""}, {""type"": ""AGE"", ""start"": 18, ""end"": 19, ""text"": ""18""}, {""type"": ""VEHICLEVRM"", ""start"": 27, ""end"": 32, ""text"": ""LH@@ 19@@ F@@ W@@ Q""}, {""type"": ""COUNTY"", ""start"": 33, ""end"": 35, ""text"": ""Quận Thanh_Xuân""}, {""type"": ""DATE"", ""start"": 37, ""end"": 42, ""text"": ""22 tháng 5 năm 1987""}, {""type"": ""TIME"", ""start"": 43, ""end"": 45, ""text"": ""08:@@ 21""}]",O O O O B-STREET I-STREET B-BUILDINGNUMBER I-BUILDINGNUMBER O O O O O O O O O B-SEX B-AGE O O O O O O O O B-VEHICLEVRM I-VEHICLEVRM I-VEHICLEVRM I-VEHICLEVRM I-VEHICLEVRM O B-COUNTY I-COUNTY O O I-DATE I-DATE I-DATE I-DATE I-DATE O B-TIME I-TIME O O O O O O O O O,B-FIRSTNAME O O O B-STREET I-STREET B-BUILDINGNUMBER I-BUILDINGNUMBER O O O O O O O O O B-SEX B-AGE O O O O O O O O B-VEHICLEVRM I-VEHICLEVRM I-VEHICLEVRM I-VEHICLEVRM I-VEHICLEVRM O B-COUNTY I-COUNTY O O I-DATE I-DATE I-DATE I-DATE I-DATE O B-TIME I-TIME O O O O O O O O O,0.9411764705882353,"[{""type"": ""STREET"", ""start"": 5, ""end"": 9, ""text"": ""▁Phố ▁Lý ▁Thường ▁Kiệt""}, {""type"": ""BUILDINGNUMBER"", ""start"": 9, ""end"": 11, ""text"": ""▁9 14""}, {""type"": ""SEX"", ""start"": 23, ""end"": 24, ""text"": ""▁Nữ""}, {""type"": ""AGE"", ""start"": 24, ""end"": 25, ""text"": ""▁18""}, {""type"": ""VEHICLEVRM"", ""start"": 35, ""end"": 40, ""text"": ""▁L H 19 FW Q""}, {""type"": ""COUNTY"", ""start"": 41, ""end"": 44, ""text"": ""▁Quận ▁Thanh ▁Xuân""}, {""type"": ""DATE"", ""start"": 46, ""end"": 52, ""text"": ""▁ngày ▁22 ▁tháng ▁5 ▁năm ▁1987""}, {""type"": ""TIME"", ""start"": 53, ""end"": 55, ""text"": ""▁08 :21""}]","[{""type"": ""FIRSTNAME"", ""start"": 0, ""end"": 1, ""text"": ""▁Thư""}, {""type"": ""STREET"", ""start"": 5, ""end"": 9, ""text"": ""▁Phố ▁Lý ▁Thường ▁Kiệt""}, {""type"": ""BUILDINGNUMBER"", ""start"": 9, ""end"": 11, ""text"": ""▁9 14""}, {""type"": ""SEX"", ""start"": 23, ""end"": 24, ""text"": ""▁Nữ""}, {""type"": ""AGE"", ""start"": 24, ""end"": 25, ""text"": ""▁18""}, {""type"": ""VEHICLEVRM"", ""start"": 35, ""end"": 40, ""text"": ""▁L H 19 FW Q""}, {""type"": ""COUNTY"", ""start"": 41, ""end"": 44, ""text"": ""▁Quận ▁Thanh ▁Xuân""}, {""type"": ""DATE"", ""start"": 46, ""end"": 52, ""text"": ""▁ngày ▁22 ▁tháng ▁5 ▁năm ▁1987""}, {""type"": ""TIME"", ""start"": 53, ""end"": 55, ""text"": ""▁08 :21""}]",O O O O O B-STREET I-STREET I-STREET I-STREET B-BUILDINGNUMBER I-BUILDINGNUMBER O O O O O O O O O O O O B-SEX B-AGE O O O O O O O O O O B-VEHICLEVRM I-VEHICLEVRM I-VEHICLEVRM I-VEHICLEVRM I-VEHICLEVRM O B-COUNTY I-COUNTY I-COUNTY O O B-DATE I-DATE I-DATE I-DATE I-DATE I-DATE O B-TIME I-TIME O O O O O O O O O O O,B-FIRSTNAME O O O O B-STREET I-STREET I-STREET I-STREET B-BUILDINGNUMBER I-BUILDINGNUMBER O O O O O O O O O O O O B-SEX B-AGE O O O O O O O O O O B-VEHICLEVRM I-VEHICLEVRM I-VEHICLEVRM I-VEHICLEVRM I-VEHICLEVRM O B-COUNTY I-COUNTY I-COUNTY O O B-DATE I-DATE I-DATE I-DATE I-DATE I-DATE O B-TIME I-TIME O O O O O O O O O O O
1883,"Cô giáo Hiền Hoàng, khóa học mới của chúng tôi về các phương pháp chữa bệnh thay thế tại Khánh Hoà sẽ sớm bắt đầu. Vui lòng gửi xác nhận của bạn đến e0ce:6a8c:6d7b:fe76:d8da:80cf:9a8f:b9fd.",True,0.8000000000000002,"[{""type"": ""PREFIX"", ""start"": 0, ""end"": 1, ""text"": ""Cô_giáo""}, {""type"": ""FIRSTNAME"", ""start"": 1, ""end"": 2, ""text"": ""Hiền_@@""}, {""type"": ""MIDDLENAME"", ""start"": 2, ""end"": 3, ""text"": ""Hoàng""}, {""type"": ""STATE"", ""start"": 16, ""end"": 17, ""text"": ""Khánh_Hoà""}, {""type"": ""IPADDRESS"", ""start"": 28, ""end"": 62, ""text"": ""e 0 ce : 6 a 8 c : 6 d 7 b : fe 76 : d 8 da : 80 c@@ f : 9 a 8 f : b 9 f@@ d""}]","[{""type"": ""PREFIX"", ""start"": 0, ""end"": 1, ""text"": ""Cô_giáo""}, {""type"": ""FIRSTNAME"", ""start"": 1, ""end"": 2, ""text"": ""Hiền_@@""}, {""type"": ""LASTNAME"", ""start"": 2, ""end"": 3, ""text"": ""Hoàng""}, {""type"": ""STATE"", ""start"": 16, ""end"": 17, ""text"": ""Khánh_Hoà""}, {""type"": ""IPADDRESS"", ""start"": 28, ""end"": 62, ""text"": ""e 0 ce : 6 a 8 c : 6 d 7 b : fe 76 : d 8 da : 80 c@@ f : 9 a 8 f : b 9 f@@ d""}]",B-PREFIX B-FIRSTNAME B-MIDDLENAME O O O O O O O O O O O O O B-STATE O O O O O O O O O O O B-IPADDRESS I-IPADDRESS I-IPADDRESS I-IPADDRESS I-IPADDRESS I-IPADDRESS I-IPADDRESS I-IPADDRESS I-IPADDRESS I-IPADDRESS I-IPADDRESS I-IPADDRESS I-IPADDRESS I-IPADDRESS I-IPADDRESS I-IPADDRESS I-IPADDRESS I-IPADDRESS I-IPADDRESS I-IPADDRESS I-IPADDRESS I-IPADDRESS I-IPADDRESS I-IPADDRESS I-IPADDRESS I-IPADDRESS I-IPADDRESS I-IPADDRESS I-IPADDRESS I-IPADDRESS I-IPADDRESS I-IPADDRESS I-IPADDRESS I-IPADDRESS O,B-PREFIX B-FIRSTNAME B-LASTNAME O O O O O O O O O O O O O B-STATE O O O O O O O O O O O B-IPADDRESS I-IPADDRESS I-IPADDRESS I-IPADDRESS I-IPADDRESS I-IPADDRESS I-IPADDRESS I-IPADDRESS I-IPADDRESS I-IPADDRESS I-IPADDRESS I-IPADDRESS I-IPADDRESS I-IPADDRESS I-IPADDRESS I-IPADDRESS I-IPADDRESS I-IPADDRESS I-IPADDRESS I-IPADDRESS I-IPADDRESS I-IPADDRESS I-IPADDRESS I-IPADDRESS I-IPADDRESS I-IPADDRESS I-IPADDRESS I-IPADDRESS I-IPADDRESS I-IPADDRESS I-IPADDRESS I-IPADDRESS I-IPADDRESS I-IPADDRESS O,0.8000000000000002,"[{""type"": ""PREFIX"", ""start"": 0, ""end"": 1, ""text"": ""Cô_giáo""}, {""type"": ""FIRSTNAME"", ""start"": 1, ""end"": 2, ""text"": ""Hiền_@@""}, {""type"": ""MIDDLENAME"", ""start"": 2, ""end"": 3, ""text"": ""Hoàng""}, {""type"": ""STATE"", ""start"": 16, ""end"": 17, ""text"": ""Khánh_Hoà""}, {""type"": ""IPADDRESS"", ""start"": 28, ""end"": 62, ""text"": ""e 0 ce : 6 a 8 c : 6 d 7 b : fe 76 : d 8 da : 80 c@@ f : 9 a 8 f : b 9 f@@ d""}]","[{""type"": ""PREFIX"", ""start"": 0, ""end"": 1, ""text"": ""Cô_giáo""}, {""type"": ""FIRSTNAME"", ""start"": 1, ""end"": 2, ""text"": ""Hiền_@@""}, {""type"": ""LASTNAME"", ""start"": 2, ""end"": 3, ""text"": ""Hoàng""}, {""type"": ""STATE"", ""start"": 16, ""end"": 17, ""text"": ""Khánh_Hoà""}, {""type"": ""IPADDRESS"", ""start"": 28, ""end"": 62, ""text"": ""e 0 ce : 6 a 8 c : 6 d 7 b : fe 76 : d 8 da : 80 c@@ f : 9 a 8 f : b 9 f@@ d""}]",B-PREFIX B-FIRSTNAME B-MIDDLENAME O O O O O O O O O O O O O B-STATE O O O O O O O O O O O B-IPADDRESS I-IPADDRESS I-IPADDRESS I-IPADDRESS I-IPADDRESS I-IPADDRESS I-IPADDRESS I-IPADDRESS I-IPADDRESS I-IPADDRESS I-IPADDRESS I-IPADDRESS I-IPADDRESS I-IPADDRESS I-IPADDRESS I-IPADDRESS I-IPADDRESS I-IPADDRESS I-IPADDRESS I-IPADDRESS I-IPADDRESS I-IPADDRESS I-IPADDRESS I-IPADDRESS I-IPADDRESS I-IPADDRESS I-IPADDRESS I-IPADDRESS I-IPADDRESS I-IPADDRESS I-IPADDRESS I-IPADDRESS I-IPADDRESS I-IPADDRESS O,B-PREFIX B-FIRSTNAME B-LASTNAME O O O O O O O O O O O O O B-STATE O O O O O O O O O O O B-IPADDRESS I-IPADDRESS I-IPADDRESS I-IPADDRESS I-IPADDRESS I-IPADDRESS I-IPADDRESS I-IPADDRESS I-IPADDRESS I-IPADDRESS I-IPADDRESS I-IPADDRESS I-IPADDRESS I-IPADDRESS I-IPADDRESS I-IPADDRESS I-IPADDRESS I-IPADDRESS I-IPADDRESS I-IPADDRESS I-IPADDRESS I-IPADDRESS I-IPADDRESS I-IPADDRESS I-IPADDRESS I-IPADDRESS I-IPADDRESS I-IPADDRESS I-IPADDRESS I-IPADDRESS I-IPADDRESS I-IPADDRESS I-IPADDRESS I-IPADDRESS O,0.8000000000000002,"[{""type"": ""PREFIX"", ""start"": 0, ""end"": 1, ""text"": ""Cô_giáo""}, {""type"": ""FIRSTNAME"", ""start"": 1, ""end"": 2, ""text"": ""Hiền_@@""}, {""type"": ""MIDDLENAME"", ""start"": 2, ""end"": 3, ""text"": ""Hoàng""}, {""type"": ""STATE"", ""start"": 16, ""end"": 17, ""text"": ""Khánh_Hoà""}, {""type"": ""IPADDRESS"", ""start"": 28, ""end"": 62, ""text"": ""e 0 ce : 6 a 8 c : 6 d 7 b : fe 76 : d 8 da : 80 c@@ f : 9 a 8 f : b 9 f@@ d""}]","[{""type"": ""PREFIX"", ""start"": 0, ""end"": 1, ""text"": ""Cô_giáo""}, {""type"": ""FIRSTNAME"", ""start"": 1, ""end"": 2, ""text"": ""Hiền_@@""}, {""type"": ""LASTNAME"", ""start"": 2, ""end"": 3, ""text"": ""Hoàng""}, {""type"": ""STATE"", ""start"": 16, ""end"": 17, ""text"": ""Khánh_Hoà""}, {""type"": ""IPADDRESS"", ""start"": 28, ""end"": 62, ""text"": ""e 0 ce : 6 a 8 c : 6 d 7 b : fe 76 : d 8 da : 80 c@@ f : 9 a 8 f : b 9 f@@ d""}]",B-PREFIX B-FIRSTNAME B-MIDDLENAME O O O O O O O O O O O O O B-STATE O O O O O O O O O O O B-IPADDRESS I-IPADDRESS I-IPADDRESS I-IPADDRESS I-IPADDRESS I-IPADDRESS I-IPADDRESS I-IPADDRESS I-IPADDRESS I-IPADDRESS I-IPADDRESS I-IPADDRESS I-IPADDRESS I-IPADDRESS I-IPADDRESS I-IPADDRESS I-IPADDRESS I-IPADDRESS I-IPADDRESS I-IPADDRESS I-IPADDRESS I-IPADDRESS I-IPADDRESS I-IPADDRESS I-IPADDRESS I-IPADDRESS I-IPADDRESS I-IPADDRESS I-IPADDRESS I-IPADDRESS I-IPADDRESS I-IPADDRESS I-IPADDRESS I-IPADDRESS O,B-PREFIX B-FIRSTNAME B-LASTNAME O O O O O O O O O O O O O B-STATE O O O O O O O O O O O B-IPADDRESS I-IPADDRESS I-IPADDRESS I-IPADDRESS I-IPADDRESS I-IPADDRESS I-IPADDRESS I-IPADDRESS I-IPADDRESS I-IPADDRESS I-IPADDRESS I-IPADDRESS I-IPADDRESS I-IPADDRESS I-IPADDRESS I-IPADDRESS I-IPADDRESS I-IPADDRESS I-IPADDRESS I-IPADDRESS I-IPADDRESS I-IPADDRESS I-IPADDRESS I-IPADDRESS I-IPADDRESS I-IPADDRESS I-IPADDRESS I-IPADDRESS I-IPADDRESS I-IPADDRESS I-IPADDRESS I-IPADDRESS I-IPADDRESS I-IPADDRESS O,0.8000000000000002,"[{""type"": ""PREFIX"", ""start"": 0, ""end"": 2, ""text"": ""▁Cô ▁giáo""}, {""type"": ""FIRSTNAME"", ""start"": 2, ""end"": 4, ""text"": ""▁H iền""}, {""type"": ""MIDDLENAME"", ""start"": 4, ""end"": 5, ""text"": ""▁Hoàng""}, {""type"": ""STATE"", ""start"": 21, ""end"": 24, ""text"": ""▁Khánh ▁Ho à""}, {""type"": ""IPADDRESS"", ""start"": 37, ""end"": 70, ""text"": ""▁e 0 ce : 6 a 8 c : 6 d 7 b : fe 76 : d 8 da : 80 cf : 9 a 8 f : b 9 f d""}]","[{""type"": ""PREFIX"", ""start"": 0, ""end"": 2, ""text"": ""▁Cô ▁giáo""}, {""type"": ""FIRSTNAME"", ""start"": 2, ""end"": 4, ""text"": ""▁H iền""}, {""type"": ""LASTNAME"", ""start"": 4, ""end"": 5, ""text"": ""▁Hoàng""}, {""type"": ""STATE"", ""start"": 21, ""end"": 24, ""text"": ""▁Khánh ▁Ho à""}, {""type"": ""IPADDRESS"", ""start"": 37, ""end"": 70, ""text"": ""▁e 0 ce : 6 a 8 c : 6 d 7 b : fe 76 : d 8 da : 80 cf : 9 a 8 f : b 9 f d""}]",B-PREFIX I-PREFIX B-FIRSTNAME I-FIRSTNAME B-MIDDLENAME O O O O O O O O O O O O O O O O B-STATE I-STATE I-STATE O O O O O O O O O O O O O B-IPADDRESS I-IPADDRESS I-IPADDRESS I-IPADDRESS I-IPADDRESS I-IPADDRESS I-IPADDRESS I-IPADDRESS I-IPADDRESS I-IPADDRESS I-IPADDRESS I-IPADDRESS I-IPADDRESS I-IPADDRESS I-IPADDRESS I-IPADDRESS I-IPADDRESS I-IPADDRESS I-IPADDRESS I-IPADDRESS I-IPADDRESS I-IPADDRESS I-IPADDRESS I-IPADDRESS I-IPADDRESS I-IPADDRESS I-IPADDRESS I-IPADDRESS I-IPADDRESS I-IPADDRESS I-IPADDRESS I-IPADDRESS I-IPADDRESS O,B-PREFIX I-PREFIX B-FIRSTNAME I-FIRSTNAME B-LASTNAME O O O O O O O O O O O O O O O O B-STATE I-STATE I-STATE O O O O O O O O O O O O O B-IPADDRESS I-IPADDRESS I-IPADDRESS I-IPADDRESS I-IPADDRESS I-IPADDRESS I-IPADDRESS I-IPADDRESS I-IPADDRESS I-IPADDRESS I-IPADDRESS I-IPADDRESS I-IPADDRESS I-IPADDRESS I-IPADDRESS I-IPADDRESS I-IPADDRESS I-IPADDRESS I-IPADDRESS I-IPADDRESS I-IPADDRESS I-IPADDRESS I-IPADDRESS I-IPADDRESS I-IPADDRESS I-IPADDRESS I-IPADDRESS I-IPADDRESS I-IPADDRESS I-IPADDRESS I-IPADDRESS I-IPADDRESS I-IPADDRESS O
1906,Các loại thuốc của bệnh nhân đã được thanh toán qua thẻ 0174650330652747 đã gây ra vấn đề về an ninh. Vui lòng kiểm tra lại với ocb visa.,True,0.5,"[{""type"": ""MASKEDNUMBER"", ""start"": 10, ""end"": 19, ""text"": ""0@@ 17@@ 46@@ 50@@ 3@@ 30@@ 65@@ 27@@ 47""}, {""type"": ""CREDITCARDISSUER"", ""start"": 31, ""end"": 34, ""text"": ""oc@@ b visa""}]","[{""type"": ""CREDITCARDNUMBER"", ""start"": 10, ""end"": 19, ""text"": ""0@@ 17@@ 46@@ 50@@ 3@@ 30@@ 65@@ 27@@ 47""}, {""type"": ""CREDITCARDISSUER"", ""start"": 31, ""end"": 34, ""text"": ""oc@@ b visa""}]",O O O O O O O O O O B-MASKEDNUMBER I-MASKEDNUMBER I-MASKEDNUMBER I-MASKEDNUMBER I-MASKEDNUMBER I-MASKEDNUMBER I-MASKEDNUMBER I-MASKEDNUMBER I-MASKEDNUMBER O O O O O O O O O O O O B-CREDITCARDISSUER I-CREDITCARDISSUER I-CREDITCARDISSUER O,O O O O O O O O O O B-CREDITCARDNUMBER I-CREDITCARDNUMBER I-CREDITCARDNUMBER I-CREDITCARDNUMBER I-CREDITCARDNUMBER I-CREDITCARDNUMBER I-CREDITCARDNUMBER I-CREDITCARDNUMBER I-CREDITCARDNUMBER O O O O O O O O O O O O B-CREDITCARDISSUER I-CREDITCARDISSUER I-CREDITCARDISSUER O,0.5,"[{""type"": ""MASKEDNUMBER"", ""start"": 10, ""end"": 19, ""text"": ""0@@ 17@@ 46@@ 50@@ 3@@ 30@@ 65@@ 27@@ 47""}, {""type"": ""CREDITCARDISSUER"", ""start"": 31, ""end"": 34, ""text"": ""oc@@ b visa""}]","[{""type"": ""CREDITCARDNUMBER"", ""start"": 10, ""end"": 19, ""text"": ""0@@ 17@@ 46@@ 50@@ 3@@ 30@@ 65@@ 27@@ 47""}, {""type"": ""CREDITCARDISSUER"", ""start"": 31, ""end"": 34, ""text"": ""oc@@ b visa""}]",O O O O O O O O O O B-MASKEDNUMBER I-MASKEDNUMBER I-MASKEDNUMBER I-MASKEDNUMBER I-MASKEDNUMBER I-MASKEDNUMBER I-MASKEDNUMBER I-MASKEDNUMBER I-MASKEDNUMBER O O O O O O O O O O O O B-CREDITCARDISSUER I-CREDITCARDISSUER I-CREDITCARDISSUER O,O O O O O O O O O O B-CREDITCARDNUMBER I-CREDITCARDNUMBER I-CREDITCARDNUMBER I-CREDITCARDNUMBER I-CREDITCARDNUMBER I-CREDITCARDNUMBER I-CREDITCARDNUMBER I-CREDITCARDNUMBER I-CREDITCARDNUMBER O O O O O O O O O O O O B-CREDITCARDISSUER I-CREDITCARDISSUER I-CREDITCARDISSUER O,0.5,"[{""type"": ""MASKEDNUMBER"", ""start"": 10, ""end"": 19, ""text"": ""0@@ 17@@ 46@@ 50@@ 3@@ 30@@ 65@@ 27@@ 47""}, {""type"": ""CREDITCARDISSUER"", ""start"": 31, ""end"": 34, ""text"": ""oc@@ b visa""}]","[{""type"": ""CREDITCARDNUMBER"", ""start"": 10, ""end"": 19, ""text"": ""0@@ 17@@ 46@@ 50@@ 3@@ 30@@ 65@@ 27@@ 47""}, {""type"": ""CREDITCARDISSUER"", ""start"": 31, ""end"": 34, ""text"": ""oc@@ b visa""}]",O O O O O O O O O O B-MASKEDNUMBER I-MASKEDNUMBER I-MASKEDNUMBER I-MASKEDNUMBER I-MASKEDNUMBER I-MASKEDNUMBER I-MASKEDNUMBER I-MASKEDNUMBER I-MASKEDNUMBER O O O O O O O O O O O O B-CREDITCARDISSUER I-CREDITCARDISSUER I-CREDITCARDISSUER O,O O O O O O O O O O B-CREDITCARDNUMBER I-CREDITCARDNUMBER I-CREDITCARDNUMBER I-CREDITCARDNUMBER I-CREDITCARDNUMBER I-CREDITCARDNUMBER I-CREDITCARDNUMBER I-CREDITCARDNUMBER I-CREDITCARDNUMBER O O O O O O O O O O O O B-CREDITCARDISSUER I-CREDITCARDISSUER I-CREDITCARDISSUER O,0.5,"[{""type"": ""MASKEDNUMBER"", ""start"": 12, ""end"": 18, ""text"": ""▁01 74 650 330 652 747""}, {""type"": ""CREDITCARDISSUER"", ""start"": 33, ""end"": 36, ""text"": ""▁oc b ▁visa""}]","[{""type"": ""CREDITCARDNUMBER"", ""start"": 12, ""end"": 18, ""text"": ""▁01 74 650 330 652 747""}, {""type"": ""CREDITCARDISSUER"", ""start"": 33, ""end"": 36, ""text"": ""▁oc b ▁visa""}]",O O O O O O O O O O O O B-MASKEDNUMBER I-MASKEDNUMBER I-MASKEDNUMBER I-MASKEDNUMBER I-MASKEDNUMBER I-MASKEDNUMBER O O O O O O O O O O O O O O O B-CREDITCARDISSUER I-CREDITCARDISSUER I-CREDITCARDISSUER O,O O O O O O O O O O O O B-CREDITCARDNUMBER I-CREDITCARDNUMBER I-CREDITCARDNUMBER I-CREDITCARDNUMBER I-CREDITCARDNUMBER I-CREDITCARDNUMBER O O O O O O O O O O O O O O O B-CREDITCARDISSUER I-CREDITCARDISSUER I-CREDITCARDISSUER O
1921,Ông Đinh được đề cử cho danh hiệu 'Giáo viên của năm'. Vui lòng xác nhận ngày 01-01-2010 để đáp ứng tiêu chí đủ điều kiện.,True,0.5714285714285715,"[{""type"": ""PREFIX"", ""start"": 0, ""end"": 1, ""text"": ""Ông""}, {""type"": ""LASTNAME"", ""start"": 1, ""end"": 2, ""text"": ""Đinh""}, {""type"": ""DOB"", ""start"": 15, ""end"": 19, ""text"": ""ngày 01-@@ 0@@ 1-2010""}]","[{""type"": ""PREFIX"", ""start"": 0, ""end"": 1, ""text"": ""Ông""}, {""type"": ""LASTNAME"", ""start"": 1, ""end"": 2, ""text"": ""Đinh""}, {""type"": ""JOBTITLE"", ""start"": 7, ""end"": 8, ""text"": ""Giáo_viên""}, {""type"": ""DOB"", ""start"": 16, ""end"": 19, ""text"": ""01-@@ 0@@ 1-2010""}]",B-PREFIX B-LASTNAME O O O O O O O O O O O O O B-DOB I-DOB I-DOB I-DOB O O O O O O,B-PREFIX B-LASTNAME O O O O O B-JOBTITLE O O O O O O O O B-DOB I-DOB I-DOB O O O O O O,0.5714285714285715,"[{""type"": ""PREFIX"", ""start"": 0, ""end"": 1, ""text"": ""Ông""}, {""type"": ""LASTNAME"", ""start"": 1, ""end"": 2, ""text"": ""Đinh""}, {""type"": ""DOB"", ""start"": 15, ""end"": 19, ""text"": ""ngày 01-@@ 0@@ 1-2010""}]","[{""type"": ""PREFIX"", ""start"": 0, ""end"": 1, ""text"": ""Ông""}, {""type"": ""LASTNAME"", ""start"": 1, ""end"": 2, ""text"": ""Đinh""}, {""type"": ""JOBTITLE"", ""start"": 7, ""end"": 8, ""text"": ""Giáo_viên""}, {""type"": ""DATE"", ""start"": 15, ""end"": 19, ""text"": ""ngày 01-@@ 0@@ 1-2010""}]",B-PREFIX B-LASTNAME O O O O O O O O O O O O O B-DOB I-DOB I-DOB I-DOB O O O O O O,B-PREFIX B-LASTNAME O O O O O B-JOBTITLE O O O O O O O B-DATE I-DATE I-DATE I-DATE O O O O O O,0.8571428571428571,"[{""type"": ""PREFIX"", ""start"": 0, ""end"": 1, ""text"": ""Ông""}, {""type"": ""LASTNAME"", ""start"": 1, ""end"": 2, ""text"": ""Đinh""}, {""type"": ""DOB"", ""start"": 15, ""end"": 19, ""text"": ""ngày 01-@@ 0@@ 1-2010""}]","[{""type"": ""PREFIX"", ""start"": 0, ""end"": 1, ""text"": ""Ông""}, {""type"": ""LASTNAME"", ""start"": 1, ""end"": 2, ""text"": ""Đinh""}, {""type"": ""JOBTITLE"", ""start"": 7, ""end"": 8, ""text"": ""Giáo_viên""}, {""type"": ""DOB"", ""start"": 15, ""end"": 19, ""text"": ""ngày 01-@@ 0@@ 1-2010""}]",B-PREFIX B-LASTNAME O O O O O O O O O O O O O B-DOB I-DOB I-DOB I-DOB O O O O O O,B-PREFIX B-LASTNAME O O O O O B-JOBTITLE O O O O O O O B-DOB I-DOB I-DOB I-DOB O O O O O O,0.8571428571428571,"[{""type"": ""PREFIX"", ""start"": 0, ""end"": 1, ""text"": ""▁Ông""}, {""type"": ""LASTNAME"", ""start"": 1, ""end"": 2, ""text"": ""▁Đinh""}, {""type"": ""DOB"", ""start"": 21, ""end"": 25, ""text"": ""▁ngày ▁01 -01- 2010""}]","[{""type"": ""PREFIX"", ""start"": 0, ""end"": 1, ""text"": ""▁Ông""}, {""type"": ""LASTNAME"", ""start"": 1, ""end"": 2, ""text"": ""▁Đinh""}, {""type"": ""JOBTITLE"", ""start"": 9, ""end"": 13, ""text"": ""Gi á o ▁viên""}, {""type"": ""DOB"", ""start"": 21, ""end"": 25, ""text"": ""▁ngày ▁01 -01- 2010""}]",B-PREFIX B-LASTNAME O O O O O O O O O O O O O O O O O O O B-DOB I-DOB I-DOB I-DOB O O O O O O O O O,B-PREFIX B-LASTNAME O O O O O O O B-JOBTITLE I-JOBTITLE I-JOBTITLE I-JOBTITLE O O O O O O O O B-DOB I-DOB I-DOB I-DOB O O O O O O O O O
1925,"Thực hành y tế: 883 sử dụng Hong Kong Dollar cho tất cả các giao dịch tài chính, chu kỳ thanh toán tiếp theo vào ngày Ngày 7/7/2006.",True,0.28571428571428575,"[{""type"": ""BUILDINGNUMBER"", ""start"": 3, ""end"": 5, ""text"": ""8@@ 83""}, {""type"": ""CURRENCY"", ""start"": 6, ""end"": 9, ""text"": ""Hong_Kong_@@ Dol@@ lar""}, {""type"": ""DOB"", ""start"": 20, ""end"": 24, ""text"": ""Ngày 7/@@ 7/@@ 2006""}]","[{""type"": ""BUILDINGNUMBER"", ""start"": 3, ""end"": 4, ""text"": ""8@@""}, {""type"": ""PIN"", ""start"": 4, ""end"": 5, ""text"": ""83""}, {""type"": ""CURRENCY"", ""start"": 6, ""end"": 9, ""text"": ""Hong_Kong_@@ Dol@@ lar""}, {""type"": ""DATE"", ""start"": 20, ""end"": 24, ""text"": ""Ngày 7/@@ 7/@@ 2006""}]",O O O B-BUILDINGNUMBER I-BUILDINGNUMBER O B-CURRENCY I-CURRENCY I-CURRENCY O O O O O O O O O O O B-DOB I-DOB I-DOB I-DOB O,O O O B-BUILDINGNUMBER I-PIN O B-CURRENCY I-CURRENCY I-CURRENCY O O O O O O O O O O O B-DATE I-DATE I-DATE I-DATE O,0.6666666666666666,"[{""type"": ""BUILDINGNUMBER"", ""start"": 3, ""end"": 5, ""text"": ""8@@ 83""}, {""type"": ""CURRENCY"", ""start"": 6, ""end"": 9, ""text"": ""Hong_Kong_@@ Dol@@ lar""}, {""type"": ""DOB"", ""start"": 20, ""end"": 24, ""text"": ""Ngày 7/@@ 7/@@ 2006""}]","[{""type"": ""BUILDINGNUMBER"", ""start"": 3, ""end"": 5, ""text"": ""8@@ 83""}, {""type"": ""CURRENCY"", ""start"": 6, ""end"": 9, ""text"": ""Hong_Kong_@@ Dol@@ lar""}, {""type"": ""DATE"", ""start"": 20, ""end"": 24, ""text"": ""Ngày 7/@@ 7/@@ 2006""}]",O O O B-BUILDINGNUMBER I-BUILDINGNUMBER O B-CURRENCY I-CURRENCY I-CURRENCY O O O O O O O O O O O B-DOB I-DOB I-DOB I-DOB O,O O O B-BUILDINGNUMBER I-BUILDINGNUMBER O B-CURRENCY I-CURRENCY I-CURRENCY O O O O O O O O O O O B-DATE I-DATE I-DATE I-DATE O,0.28571428571428575,"[{""type"": ""BUILDINGNUMBER"", ""start"": 3, ""end"": 5, ""text"": ""8@@ 83""}, {""type"": ""CURRENCY"", ""start"": 6, ""end"": 9, ""text"": ""Hong_Kong_@@ Dol@@ lar""}, {""type"": ""DOB"", ""start"": 20, ""end"": 24, ""text"": ""Ngày 7/@@ 7/@@ 2006""}]","[{""type"": ""CREDITCARDCVV"", ""start"": 3, ""end"": 5, ""text"": ""8@@ 83""}, {""type"": ""CURRENCY"", ""start"": 6, ""end"": 9, ""text"": ""Hong_Kong_@@ Dol@@ lar""}, {""type"": ""DOB"", ""start"": 20, ""end"": 21, ""text"": ""Ngày""}, {""type"": ""DATE"", ""start"": 21, ""end"": 24, ""text"": ""7/@@ 7/@@ 2006""}]",O O O B-BUILDINGNUMBER I-BUILDINGNUMBER O B-CURRENCY I-CURRENCY I-CURRENCY O O O O O O O O O O O B-DOB I-DOB I-DOB I-DOB O,O O O B-CREDITCARDCVV I-CREDITCARDCVV O B-CURRENCY I-CURRENCY I-CURRENCY O O O O O O O O O O O B-DOB I-DATE I-DATE I-DATE O,0.3333333333333333,"[{""type"": ""BUILDINGNUMBER"", ""start"": 5, ""end"": 7, ""text"": ""▁88 3""}, {""type"": ""CURRENCY"", ""start"": 9, ""end"": 12, ""text"": ""▁Hong ▁Kong ▁Dollar""}, {""type"": ""DOB"", ""start"": 29, ""end"": 33, ""text"": ""▁Ngày ▁7 /7 /2006""}]","[{""type"": ""CREDITCARDCVV"", ""start"": 5, ""end"": 7, ""text"": ""▁88 3""}, {""type"": ""CURRENCY"", ""start"": 9, ""end"": 12, ""text"": ""▁Hong ▁Kong ▁Dollar""}, {""type"": ""DATE"", ""start"": 29, ""end"": 33, ""text"": ""▁Ngày ▁7 /7 /2006""}]",O O O O O B-BUILDINGNUMBER I-BUILDINGNUMBER O O B-CURRENCY I-CURRENCY I-CURRENCY O O O O O O O O O O O O O O O O O B-DOB I-DOB I-DOB I-DOB O,O O O O O B-CREDITCARDCVV I-CREDITCARDCVV O O B-CURRENCY I-CURRENCY I-CURRENCY O O O O O O O O O O O O O O O O O B-DATE I-DATE I-DATE I-DATE O
1945,Liệu lịch hẹnh mônh cho bệnh nhân Mai Xuân lúp lịch vào ngày 03.03.1957 đã được định hướng. Phải trả tiền tệ đ 907707.82. Xin vui lòng sử dụng số thẻ tín dụng 5122825723794269.,True,0.6666666666666666,"[{""type"": ""LASTNAME"", ""start"": 9, ""end"": 10, ""text"": ""Mai_@@""}, {""type"": ""FIRSTNAME"", ""start"": 10, ""end"": 11, ""text"": ""Xuân""}, {""type"": ""DATE"", ""start"": 16, ""end"": 20, ""text"": ""03@@ .0@@ 3.@@ 1957""}, {""type"": ""CURRENCYSYMBOL"", ""start"": 27, ""end"": 28, ""text"": ""đ""}, {""type"": ""AMOUNT"", ""start"": 28, ""end"": 33, ""text"": ""90@@ 7@@ 70@@ 7.@@ 82""}, {""type"": ""CREDITCARDNUMBER"", ""start"": 39, ""end"": 47, ""text"": ""512@@ 28@@ 25@@ 7@@ 23@@ 79@@ 4@@ 269""}]","[{""type"": ""FIRSTNAME"", ""start"": 9, ""end"": 10, ""text"": ""Mai_@@""}, {""type"": ""MIDDLENAME"", ""start"": 10, ""end"": 11, ""text"": ""Xuân""}, {""type"": ""DATE"", ""start"": 16, ""end"": 20, ""text"": ""03@@ .0@@ 3.@@ 1957""}, {""type"": ""CURRENCYSYMBOL"", ""start"": 27, ""end"": 28, ""text"": ""đ""}, {""type"": ""AMOUNT"", ""start"": 28, ""end"": 33, ""text"": ""90@@ 7@@ 70@@ 7.@@ 82""}, {""type"": ""CREDITCARDNUMBER"", ""start"": 39, ""end"": 47, ""text"": ""512@@ 28@@ 25@@ 7@@ 23@@ 79@@ 4@@ 269""}]",O O O O O O O O O B-LASTNAME B-FIRSTNAME O O O O O B-DATE I-DATE I-DATE I-DATE O O O O O O O B-CURRENCYSYMBOL B-AMOUNT I-AMOUNT I-AMOUNT I-AMOUNT I-AMOUNT O O O O O O B-CREDITCARDNUMBER I-CREDITCARDNUMBER I-CREDITCARDNUMBER I-CREDITCARDNUMBER I-CREDITCARDNUMBER I-CREDITCARDNUMBER I-CREDITCARDNUMBER I-CREDITCARDNUMBER O,O O O O O O O O O B-FIRSTNAME B-MIDDLENAME O O O O O B-DATE I-DATE I-DATE I-DATE O O O O O O O B-CURRENCYSYMBOL B-AMOUNT I-AMOUNT I-AMOUNT I-AMOUNT I-AMOUNT O O O O O O B-CREDITCARDNUMBER I-CREDITCARDNUMBER I-CREDITCARDNUMBER I-CREDITCARDNUMBER I-CREDITCARDNUMBER I-CREDITCARDNUMBER I-CREDITCARDNUMBER I-CREDITCARDNUMBER O,0.6666666666666666,"[{""type"": ""LASTNAME"", ""start"": 9, ""end"": 10, ""text"": ""Mai_@@""}, {""type"": ""FIRSTNAME"", ""start"": 10, ""end"": 11, ""text"": ""Xuân""}, {""type"": ""DATE"", ""start"": 16, ""end"": 20, ""text"": ""03@@ .0@@ 3.@@ 1957""}, {""type"": ""CURRENCYSYMBOL"", ""start"": 27, ""end"": 28, ""text"": ""đ""}, {""type"": ""AMOUNT"", ""start"": 28, ""end"": 33, ""text"": ""90@@ 7@@ 70@@ 7.@@ 82""}, {""type"": ""CREDITCARDNUMBER"", ""start"": 39, ""end"": 47, ""text"": ""512@@ 28@@ 25@@ 7@@ 23@@ 79@@ 4@@ 269""}]","[{""type"": ""FIRSTNAME"", ""start"": 9, ""end"": 10, ""text"": ""Mai_@@""}, {""type"": ""MIDDLENAME"", ""start"": 10, ""end"": 11, ""text"": ""Xuân""}, {""type"": ""DATE"", ""start"": 16, ""end"": 20, ""text"": ""03@@ .0@@ 3.@@ 1957""}, {""type"": ""CURRENCYSYMBOL"", ""start"": 27, ""end"": 28, ""text"": ""đ""}, {""type"": ""AMOUNT"", ""start"": 28, ""end"": 33, ""text"": ""90@@ 7@@ 70@@ 7.@@ 82""}, {""type"": ""CREDITCARDNUMBER"", ""start"": 39, ""end"": 47, ""text"": ""512@@ 28@@ 25@@ 7@@ 23@@ 79@@ 4@@ 269""}]",O O O O O O O O O B-LASTNAME B-FIRSTNAME O O O O O B-DATE I-DATE I-DATE I-DATE O O O O O O O B-CURRENCYSYMBOL B-AMOUNT I-AMOUNT I-AMOUNT I-AMOUNT I-AMOUNT O O O O O O B-CREDITCARDNUMBER I-CREDITCARDNUMBER I-CREDITCARDNUMBER I-CREDITCARDNUMBER I-CREDITCARDNUMBER I-CREDITCARDNUMBER I-CREDITCARDNUMBER I-CREDITCARDNUMBER O,O O O O O O O O O B-FIRSTNAME B-MIDDLENAME O O O O O B-DATE I-DATE I-DATE I-DATE O O O O O O O B-CURRENCYSYMBOL B-AMOUNT I-AMOUNT I-AMOUNT I-AMOUNT I-AMOUNT O O O O O O B-CREDITCARDNUMBER I-CREDITCARDNUMBER I-CREDITCARDNUMBER I-CREDITCARDNUMBER I-CREDITCARDNUMBER I-CREDITCARDNUMBER I-CREDITCARDNUMBER I-CREDITCARDNUMBER O,0.6666666666666666,"[{""type"": ""LASTNAME"", ""start"": 9, ""end"": 10, ""text"": ""Mai_@@""}, {""type"": ""FIRSTNAME"", ""start"": 10, ""end"": 11, ""text"": ""Xuân""}, {""type"": ""DATE"", ""start"": 16, ""end"": 20, ""text"": ""03@@ .0@@ 3.@@ 1957""}, {""type"": ""CURRENCYSYMBOL"", ""start"": 27, ""end"": 28, ""text"": ""đ""}, {""type"": ""AMOUNT"", ""start"": 28, ""end"": 33, ""text"": ""90@@ 7@@ 70@@ 7.@@ 82""}, {""type"": ""CREDITCARDNUMBER"", ""start"": 39, ""end"": 47, ""text"": ""512@@ 28@@ 25@@ 7@@ 23@@ 79@@ 4@@ 269""}]","[{""type"": ""FIRSTNAME"", ""start"": 9, ""end"": 10, ""text"": ""Mai_@@""}, {""type"": ""MIDDLENAME"", ""start"": 10, ""end"": 11, ""text"": ""Xuân""}, {""type"": ""DATE"", ""start"": 16, ""end"": 20, ""text"": ""03@@ .0@@ 3.@@ 1957""}, {""type"": ""CURRENCYSYMBOL"", ""start"": 27, ""end"": 28, ""text"": ""đ""}, {""type"": ""AMOUNT"", ""start"": 28, ""end"": 33, ""text"": ""90@@ 7@@ 70@@ 7.@@ 82""}, {""type"": ""CREDITCARDNUMBER"", ""start"": 39, ""end"": 47, ""text"": ""512@@ 28@@ 25@@ 7@@ 23@@ 79@@ 4@@ 269""}]",O O O O O O O O O B-LASTNAME B-FIRSTNAME O O O O O B-DATE I-DATE I-DATE I-DATE O O O O O O O B-CURRENCYSYMBOL B-AMOUNT I-AMOUNT I-AMOUNT I-AMOUNT I-AMOUNT O O O O O O B-CREDITCARDNUMBER I-CREDITCARDNUMBER I-CREDITCARDNUMBER I-CREDITCARDNUMBER I-CREDITCARDNUMBER I-CREDITCARDNUMBER I-CREDITCARDNUMBER I-CREDITCARDNUMBER O,O O O O O O O O O B-FIRSTNAME B-MIDDLENAME O O O O O B-DATE I-DATE I-DATE I-DATE O O O O O O O B-CURRENCYSYMBOL B-AMOUNT I-AMOUNT I-AMOUNT I-AMOUNT I-AMOUNT O O O O O O B-CREDITCARDNUMBER I-CREDITCARDNUMBER I-CREDITCARDNUMBER I-CREDITCARDNUMBER I-CREDITCARDNUMBER I-CREDITCARDNUMBER I-CREDITCARDNUMBER I-CREDITCARDNUMBER O,0.6666666666666666,"[{""type"": ""LASTNAME"", ""start"": 9, ""end"": 10, ""text"": ""▁Mai""}, {""type"": ""FIRSTNAME"", ""start"": 10, ""end"": 11, ""text"": ""▁Xuân""}, {""type"": ""DATE"", ""start"": 16, ""end"": 19, ""text"": ""▁03. 03. 1957""}, {""type"": ""CURRENCYSYMBOL"", ""start"": 28, ""end"": 29, ""text"": ""▁đ""}, {""type"": ""AMOUNT"", ""start"": 29, ""end"": 33, ""text"": ""▁90 770 7.8 2.""}, {""type"": ""CREDITCARDNUMBER"", ""start"": 42, ""end"": 49, ""text"": ""▁512 28 25 72 379 42 69""}]","[{""type"": ""FIRSTNAME"", ""start"": 9, ""end"": 10, ""text"": ""▁Mai""}, {""type"": ""MIDDLENAME"", ""start"": 10, ""end"": 11, ""text"": ""▁Xuân""}, {""type"": ""DATE"", ""start"": 16, ""end"": 19, ""text"": ""▁03. 03. 1957""}, {""type"": ""CURRENCYSYMBOL"", ""start"": 28, ""end"": 29, ""text"": ""▁đ""}, {""type"": ""AMOUNT"", ""start"": 29, ""end"": 33, ""text"": ""▁90 770 7.8 2.""}, {""type"": ""CREDITCARDNUMBER"", ""start"": 42, ""end"": 49, ""text"": ""▁512 28 25 72 379 42 69""}]",O O O O O O O O O B-LASTNAME B-FIRSTNAME O O O O O B-DATE I-DATE I-DATE O O O O O O O O O B-CURRENCYSYMBOL B-AMOUNT I-AMOUNT I-AMOUNT I-AMOUNT O O O O O O O O O B-CREDITCARDNUMBER I-CREDITCARDNUMBER I-CREDITCARDNUMBER I-CREDITCARDNUMBER I-CREDITCARDNUMBER I-CREDITCARDNUMBER I-CREDITCARDNUMBER O,O O O O O O O O O B-FIRSTNAME B-MIDDLENAME O O O O O B-DATE I-DATE I-DATE O O O O O O O O O B-CURRENCYSYMBOL B-AMOUNT I-AMOUNT I-AMOUNT I-AMOUNT O O O O O O O O O B-CREDITCARDNUMBER I-CREDITCARDNUMBER I-CREDITCARDNUMBER I-CREDITCARDNUMBER I-CREDITCARDNUMBER I-CREDITCARDNUMBER I-CREDITCARDNUMBER O
1970,Tất cả các quy trình chuỗi cung ứng được thực hiện qua cổng thông tin 53.181.18.196. Liên hệ với Trưởng phòng của chúng tôi để biết thêm chi tiết.,True,0.5,"[{""type"": ""IPADDRESS"", ""start"": 10, ""end"": 16, ""text"": ""5@@ 3.@@ 18@@ 1.@@ 18.@@ 196""}, {""type"": ""JOBTYPE"", ""start"": 19, ""end"": 21, ""text"": ""Trưởng phòng""}]","[{""type"": ""IPADDRESS"", ""start"": 10, ""end"": 16, ""text"": ""5@@ 3.@@ 18@@ 1.@@ 18.@@ 196""}, {""type"": ""JOBTITLE"", ""start"": 19, ""end"": 21, ""text"": ""Trưởng phòng""}]",O O O O O O O O O O B-IPADDRESS I-IPADDRESS I-IPADDRESS I-IPADDRESS I-IPADDRESS I-IPADDRESS O O O B-JOBTYPE I-JOBTYPE O O O O O O O,O O O O O O O O O O B-IPADDRESS I-IPADDRESS I-IPADDRESS I-IPADDRESS I-IPADDRESS I-IPADDRESS O O O B-JOBTITLE I-JOBTITLE O O O O O O O,0.5,"[{""type"": ""IPADDRESS"", ""start"": 10, ""end"": 16, ""text"": ""5@@ 3.@@ 18@@ 1.@@ 18.@@ 196""}, {""type"": ""JOBTYPE"", ""start"": 19, ""end"": 21, ""text"": ""Trưởng phòng""}]","[{""type"": ""IPADDRESS"", ""start"": 10, ""end"": 16, ""text"": ""5@@ 3.@@ 18@@ 1.@@ 18.@@ 196""}, {""type"": ""JOBTITLE"", ""start"": 19, ""end"": 21, ""text"": ""Trưởng phòng""}]",O O O O O O O O O O B-IPADDRESS I-IPADDRESS I-IPADDRESS I-IPADDRESS I-IPADDRESS I-IPADDRESS O O O B-JOBTYPE I-JOBTYPE O O O O O O O,O O O O O O O O O O B-IPADDRESS I-IPADDRESS I-IPADDRESS I-IPADDRESS I-IPADDRESS I-IPADDRESS O O O B-JOBTITLE I-JOBTITLE O O O O O O O,0.5,"[{""type"": ""IPADDRESS"", ""start"": 10, ""end"": 16, ""text"": ""5@@ 3.@@ 18@@ 1.@@ 18.@@ 196""}, {""type"": ""JOBTYPE"", ""start"": 19, ""end"": 21, ""text"": ""Trưởng phòng""}]","[{""type"": ""IPADDRESS"", ""start"": 10, ""end"": 16, ""text"": ""5@@ 3.@@ 18@@ 1.@@ 18.@@ 196""}, {""type"": ""JOBTITLE"", ""start"": 19, ""end"": 21, ""text"": ""Trưởng phòng""}]",O O O O O O O O O O B-IPADDRESS I-IPADDRESS I-IPADDRESS I-IPADDRESS I-IPADDRESS I-IPADDRESS O O O B-JOBTYPE I-JOBTYPE O O O O O O O,O O O O O O O O O O B-IPADDRESS I-IPADDRESS I-IPADDRESS I-IPADDRESS I-IPADDRESS I-IPADDRESS O O O B-JOBTITLE I-JOBTITLE O O O O O O O,0.5,"[{""type"": ""IPADDRESS"", ""start"": 15, ""end"": 21, ""text"": ""▁53 . 18 1.1 8.1 96""}, {""type"": ""JOBTYPE"", ""start"": 25, ""end"": 27, ""text"": ""▁Trưởng ▁phòng""}]","[{""type"": ""IPADDRESS"", ""start"": 15, ""end"": 21, ""text"": ""▁53 . 18 1.1 8.1 96""}, {""type"": ""JOBTITLE"", ""start"": 25, ""end"": 27, ""text"": ""▁Trưởng ▁phòng""}]",O O O O O O O O O O O O O O O B-IPADDRESS I-IPADDRESS I-IPADDRESS I-IPADDRESS I-IPADDRESS I-IPADDRESS O O O O B-JOBTYPE I-JOBTYPE O O O O O O O O O,O O O O O O O O O O O O O O O B-IPADDRESS I-IPADDRESS I-IPADDRESS I-IPADDRESS I-IPADDRESS I-IPADDRESS O O O O B-JOBTITLE I-JOBTITLE O O O O O O O O O
2027,"Xin vui lòng, Kỹ sư, cho buổi hội thảo sắp tới của chúng ta về những đổi mới trong dịch vụ khách hàng, cần chọn ba khách hàng có những trải nghiệm nổi bật để chia sẻ lời chứng thực của họ. Hãy ưu tiên những khách hàng trung thành lâu năm. Khi đã chọn xong, vui lòng liên hệ với họ qua email chính thức của bạn lytrịnh@yahoo.com để mời họ tham gia buổi hội thảo.",True,0.5,"[{""type"": ""JOBTITLE"", ""start"": 3, ""end"": 4, ""text"": ""Kỹ_sư""}, {""type"": ""EMAIL"", ""start"": 56, ""end"": 60, ""text"": ""ly@@ trị nh@@ @yahoo.com""}]","[{""type"": ""PREFIX"", ""start"": 3, ""end"": 4, ""text"": ""Kỹ_sư""}, {""type"": ""EMAIL"", ""start"": 56, ""end"": 60, ""text"": ""ly@@ trị nh@@ @yahoo.com""}]",O O O B-JOBTITLE O O O O O O O O O O O O O O O O O O O O O O O O O O O O O O O O O O O O O O O O O O O O O O O O O O O O B-EMAIL I-EMAIL I-EMAIL I-EMAIL O O O O O O O,O O O B-PREFIX O O O O O O O O O O O O O O O O O O O O O O O O O O O O O O O O O O O O O O O O O O O O O O O O O O O O B-EMAIL I-EMAIL I-EMAIL I-EMAIL O O O O O O O,0.5,"[{""type"": ""JOBTITLE"", ""start"": 3, ""end"": 4, ""text"": ""Kỹ_sư""}, {""type"": ""EMAIL"", ""start"": 56, ""end"": 60, ""text"": ""ly@@ trị nh@@ @yahoo.com""}]","[{""type"": ""PREFIX"", ""start"": 3, ""end"": 4, ""text"": ""Kỹ_sư""}, {""type"": ""EMAIL"", ""start"": 56, ""end"": 60, ""text"": ""ly@@ trị nh@@ @yahoo.com""}]",O O O B-JOBTITLE O O O O O O O O O O O O O O O O O O O O O O O O O O O O O O O O O O O O O O O O O O O O O O O O O O O O B-EMAIL I-EMAIL I-EMAIL I-EMAIL O O O O O O O,O O O B-PREFIX O O O O O O O O O O O O O O O O O O O O O O O O O O O O O O O O O O O O O O O O O O O O O O O O O O O O B-EMAIL I-EMAIL I-EMAIL I-EMAIL O O O O O O O,0.5,"[{""type"": ""JOBTITLE"", ""start"": 3, ""end"": 4, ""text"": ""Kỹ_sư""}, {""type"": ""EMAIL"", ""start"": 56, ""end"": 60, ""text"": ""ly@@ trị nh@@ @yahoo.com""}]","[{""type"": ""PREFIX"", ""start"": 3, ""end"": 4, ""text"": ""Kỹ_sư""}, {""type"": ""EMAIL"", ""start"": 56, ""end"": 60, ""text"": ""ly@@ trị nh@@ @yahoo.com""}]",O O O B-JOBTITLE O O O O O O O O O O O O O O O O O O O O O O O O O O O O O O O O O O O O O O O O O O O O O O O O O O O O B-EMAIL I-EMAIL I-EMAIL I-EMAIL O O O O O O O,O O O B-PREFIX O O O O O O O O O O O O O O O O O O O O O O O O O O O O O O O O O O O O O O O O O O O O O O O O O O O O B-EMAIL I-EMAIL I-EMAIL I-EMAIL O O O O O O O,0.5,"[{""type"": ""JOBTITLE"", ""start"": 4, ""end"": 6, ""text"": ""▁Kỹ ▁sư""}, {""type"": ""EMAIL"", ""start"": 74, ""end"": 81, ""text"": ""▁ly tr ịnh @ yahoo . com""}]","[{""type"": ""PREFIX"", ""start"": 4, ""end"": 6, ""text"": ""▁Kỹ ▁sư""}, {""type"": ""EMAIL"", ""start"": 74, ""end"": 81, ""text"": ""▁ly tr ịnh @ yahoo . com""}]",O O O O B-JOBTITLE I-JOBTITLE O O O O O O O O O O O O O O O O O O O O O O O O O O O O O O O O O O O O O O O O O O O O O O O O O O O O O O O O O O O O O O O O O O O O B-EMAIL I-EMAIL I-EMAIL I-EMAIL I-EMAIL I-EMAIL I-EMAIL O O O O O O O O O,O O O O B-PREFIX I-PREFIX O O O O O O O O O O O O O O O O O O O O O O O O O O O O O O O O O O O O O O O O O O O O O O O O O O O O O O O O O O O O O O O O O O O O B-EMAIL I-EMAIL I-EMAIL I-EMAIL I-EMAIL I-EMAIL I-EMAIL O O O O O O O O O
2049,"Chương trình chăm sóc sức khỏe của bạn có thể truy cập trực tuyến tại https://crazy-warfare.biz. Vui lòng đảm bảo rằng kết nối của bạn là an toàn, IP: 32.240.247.163.bafa:fcc5:5b1f:c24e:006b:ad0e:d63e:ecf6.",True,0.4,"[{""type"": ""URL"", ""start"": 9, ""end"": 20, ""text"": ""htt@@ ps@@ ://@@ cra@@ z@@ y-@@ war@@ far@@ e.@@ bi@@ z@@""}, {""type"": ""IPADDRESS"", ""start"": 33, ""end"": 40, ""text"": ""32.@@ 24@@ 0.@@ 24@@ 7.@@ 16@@ 3.@@""}, {""type"": ""IPADDRESS"", ""start"": 40, ""end"": 71, ""text"": ""b@@ af@@ a@@ :@@ f@@ cc@@ 5:@@ 5@@ b@@ 1@@ f@@ :@@ c@@ 24@@ e@@ :@@ 00@@ 6@@ b@@ :@@ ad@@ 0@@ e@@ :@@ d@@ 63@@ e@@ :@@ ec@@ f@@ 6.""}]","[{""type"": ""URL"", ""start"": 9, ""end"": 20, ""text"": ""htt@@ ps@@ ://@@ cra@@ z@@ y-@@ war@@ far@@ e.@@ bi@@ z@@""}, {""type"": ""IPADDRESS"", ""start"": 33, ""end"": 71, ""text"": ""32.@@ 24@@ 0.@@ 24@@ 7.@@ 16@@ 3.@@ b@@ af@@ a@@ :@@ f@@ cc@@ 5:@@ 5@@ b@@ 1@@ f@@ :@@ c@@ 24@@ e@@ :@@ 00@@ 6@@ b@@ :@@ ad@@ 0@@ e@@ :@@ d@@ 63@@ e@@ :@@ ec@@ f@@ 6.""}]",O O O O O O O O O B-URL I-URL I-URL I-URL I-URL I-URL I-URL I-URL I-URL I-URL I-URL O O O O O O O O O O O O O B-IPADDRESS I-IPADDRESS I-IPADDRESS I-IPADDRESS I-IPADDRESS I-IPADDRESS I-IPADDRESS B-IPADDRESS I-IPADDRESS I-IPADDRESS I-IPADDRESS I-IPADDRESS I-IPADDRESS I-IPADDRESS I-IPADDRESS I-IPADDRESS I-IPADDRESS I-IPADDRESS I-IPADDRESS I-IPADDRESS I-IPADDRESS I-IPADDRESS I-IPADDRESS I-IPADDRESS I-IPADDRESS I-IPADDRESS I-IPADDRESS I-IPADDRESS I-IPADDRESS I-IPADDRESS I-IPADDRESS I-IPADDRESS I-IPADDRESS I-IPADDRESS I-IPADDRESS I-IPADDRESS I-IPADDRESS I-IPADDRESS,O O O O O O O O O B-URL I-URL I-URL I-URL I-URL I-URL I-URL I-URL I-URL I-URL I-URL O O O O O O O O O O O O O B-IPADDRESS I-IPADDRESS I-IPADDRESS I-IPADDRESS I-IPADDRESS I-IPADDRESS I-IPADDRESS I-IPADDRESS I-IPADDRESS I-IPADDRESS I-IPADDRESS I-IPADDRESS I-IPADDRESS I-IPADDRESS I-IPADDRESS I-IPADDRESS I-IPADDRESS I-IPADDRESS I-IPADDRESS I-IPADDRESS I-IPADDRESS I-IPADDRESS I-IPADDRESS I-IPADDRESS I-IPADDRESS I-IPADDRESS I-IPADDRESS I-IPADDRESS I-IPADDRESS I-IPADDRESS I-IPADDRESS I-IPADDRESS I-IPADDRESS I-IPADDRESS I-IPADDRESS I-IPADDRESS I-IPADDRESS I-IPADDRESS,0.4,"[{""type"": ""URL"", ""start"": 9, ""end"": 20, ""text"": ""htt@@ ps@@ ://@@ cra@@ z@@ y-@@ war@@ far@@ e.@@ bi@@ z@@""}, {""type"": ""IPADDRESS"", ""start"": 33, ""end"": 40, ""text"": ""32.@@ 24@@ 0.@@ 24@@ 7.@@ 16@@ 3.@@""}, {""type"": ""IPADDRESS"", ""start"": 40, ""end"": 71, ""text"": ""b@@ af@@ a@@ :@@ f@@ cc@@ 5:@@ 5@@ b@@ 1@@ f@@ :@@ c@@ 24@@ e@@ :@@ 00@@ 6@@ b@@ :@@ ad@@ 0@@ e@@ :@@ d@@ 63@@ e@@ :@@ ec@@ f@@ 6.""}]","[{""type"": ""URL"", ""start"": 9, ""end"": 20, ""text"": ""htt@@ ps@@ ://@@ cra@@ z@@ y-@@ war@@ far@@ e.@@ bi@@ z@@""}, {""type"": ""IPADDRESS"", ""start"": 33, ""end"": 70, ""text"": ""32.@@ 24@@ 0.@@ 24@@ 7.@@ 16@@ 3.@@ b@@ af@@ a@@ :@@ f@@ cc@@ 5:@@ 5@@ b@@ 1@@ f@@ :@@ c@@ 24@@ e@@ :@@ 00@@ 6@@ b@@ :@@ ad@@ 0@@ e@@ :@@ d@@ 63@@ e@@ :@@ ec@@ f@@""}]",O O O O O O O O O B-URL I-URL I-URL I-URL I-URL I-URL I-URL I-URL I-URL I-URL I-URL O O O O O O O O O O O O O B-IPADDRESS I-IPADDRESS I-IPADDRESS I-IPADDRESS I-IPADDRESS I-IPADDRESS I-IPADDRESS B-IPADDRESS I-IPADDRESS I-IPADDRESS I-IPADDRESS I-IPADDRESS I-IPADDRESS I-IPADDRESS I-IPADDRESS I-IPADDRESS I-IPADDRESS I-IPADDRESS I-IPADDRESS I-IPADDRESS I-IPADDRESS I-IPADDRESS I-IPADDRESS I-IPADDRESS I-IPADDRESS I-IPADDRESS I-IPADDRESS I-IPADDRESS I-IPADDRESS I-IPADDRESS I-IPADDRESS I-IPADDRESS I-IPADDRESS I-IPADDRESS I-IPADDRESS I-IPADDRESS I-IPADDRESS I-IPADDRESS,O O O O O O O O O B-URL I-URL I-URL I-URL I-URL I-URL I-URL I-URL I-URL I-URL I-URL O O O O O O O O O O O O O B-IPADDRESS I-IPADDRESS I-IPADDRESS I-IPADDRESS I-IPADDRESS I-IPADDRESS I-IPADDRESS I-IPADDRESS I-IPADDRESS I-IPADDRESS I-IPADDRESS I-IPADDRESS I-IPADDRESS I-IPADDRESS I-IPADDRESS I-IPADDRESS I-IPADDRESS I-IPADDRESS I-IPADDRESS I-IPADDRESS I-IPADDRESS I-IPADDRESS I-IPADDRESS I-IPADDRESS I-IPADDRESS I-IPADDRESS I-IPADDRESS I-IPADDRESS I-IPADDRESS I-IPADDRESS I-IPADDRESS I-IPADDRESS I-IPADDRESS I-IPADDRESS I-IPADDRESS I-IPADDRESS I-IPADDRESS O,0.4,"[{""type"": ""URL"", ""start"": 9, ""end"": 20, ""text"": ""htt@@ ps@@ ://@@ cra@@ z@@ y-@@ war@@ far@@ e.@@ bi@@ z@@""}, {""type"": ""IPADDRESS"", ""start"": 33, ""end"": 40, ""text"": ""32.@@ 24@@ 0.@@ 24@@ 7.@@ 16@@ 3.@@""}, {""type"": ""IPADDRESS"", ""start"": 40, ""end"": 71, ""text"": ""b@@ af@@ a@@ :@@ f@@ cc@@ 5:@@ 5@@ b@@ 1@@ f@@ :@@ c@@ 24@@ e@@ :@@ 00@@ 6@@ b@@ :@@ ad@@ 0@@ e@@ :@@ d@@ 63@@ e@@ :@@ ec@@ f@@ 6.""}]","[{""type"": ""URL"", ""start"": 9, ""end"": 20, ""text"": ""htt@@ ps@@ ://@@ cra@@ z@@ y-@@ war@@ far@@ e.@@ bi@@ z@@""}, {""type"": ""IPADDRESS"", ""start"": 33, ""end"": 71, ""text"": ""32.@@ 24@@ 0.@@ 24@@ 7.@@ 16@@ 3.@@ b@@ af@@ a@@ :@@ f@@ cc@@ 5:@@ 5@@ b@@ 1@@ f@@ :@@ c@@ 24@@ e@@ :@@ 00@@ 6@@ b@@ :@@ ad@@ 0@@ e@@ :@@ d@@ 63@@ e@@ :@@ ec@@ f@@ 6.""}]",O O O O O O O O O B-URL I-URL I-URL I-URL I-URL I-URL I-URL I-URL I-URL I-URL I-URL O O O O O O O O O O O O O B-IPADDRESS I-IPADDRESS I-IPADDRESS I-IPADDRESS I-IPADDRESS I-IPADDRESS I-IPADDRESS B-IPADDRESS I-IPADDRESS I-IPADDRESS I-IPADDRESS I-IPADDRESS I-IPADDRESS I-IPADDRESS I-IPADDRESS I-IPADDRESS I-IPADDRESS I-IPADDRESS I-IPADDRESS I-IPADDRESS I-IPADDRESS I-IPADDRESS I-IPADDRESS I-IPADDRESS I-IPADDRESS I-IPADDRESS I-IPADDRESS I-IPADDRESS I-IPADDRESS I-IPADDRESS I-IPADDRESS I-IPADDRESS I-IPADDRESS I-IPADDRESS I-IPADDRESS I-IPADDRESS I-IPADDRESS I-IPADDRESS,O O O O O O O O O B-URL I-URL I-URL I-URL I-URL I-URL I-URL I-URL I-URL I-URL I-URL O O O O O O O O O O O O O B-IPADDRESS I-IPADDRESS I-IPADDRESS I-IPADDRESS I-IPADDRESS I-IPADDRESS I-IPADDRESS I-IPADDRESS I-IPADDRESS I-IPADDRESS I-IPADDRESS I-IPADDRESS I-IPADDRESS I-IPADDRESS I-IPADDRESS I-IPADDRESS I-IPADDRESS I-IPADDRESS I-IPADDRESS I-IPADDRESS I-IPADDRESS I-IPADDRESS I-IPADDRESS I-IPADDRESS I-IPADDRESS I-IPADDRESS I-IPADDRESS I-IPADDRESS I-IPADDRESS I-IPADDRESS I-IPADDRESS I-IPADDRESS I-IPADDRESS I-IPADDRESS I-IPADDRESS I-IPADDRESS I-IPADDRESS I-IPADDRESS,0.6666666666666666,"[{""type"": ""URL"", ""start"": 15, ""end"": 24, ""text"": ""▁https :// cra zy - war fare . biz""}, {""type"": ""IPADDRESS"", ""start"": 40, ""end"": 46, ""text"": ""▁32. 240 . 247 . 163""}, {""type"": ""IPADDRESS"", ""start"": 47, ""end"": 77, ""text"": ""ba fa : f cc 5 : 5 b 1 f : c 24 e : 006 b : ad 0 e : d 63 e : e cf 6""}]","[{""type"": ""URL"", ""start"": 15, ""end"": 24, ""text"": ""▁https :// cra zy - war fare . biz""}, {""type"": ""IPADDRESS"", ""start"": 40, ""end"": 47, ""text"": ""▁32. 240 . 247 . 163 .""}, {""type"": ""IPADDRESS"", ""start"": 47, ""end"": 77, ""text"": ""ba fa : f cc 5 : 5 b 1 f : c 24 e : 006 b : ad 0 e : d 63 e : e cf 6""}]",O O O O O O O O O O O O O O O B-URL I-URL I-URL I-URL I-URL I-URL I-URL I-URL I-URL O O O O O O O O O O O O O O O O B-IPADDRESS I-IPADDRESS I-IPADDRESS I-IPADDRESS I-IPADDRESS I-IPADDRESS O B-IPADDRESS I-IPADDRESS I-IPADDRESS I-IPADDRESS I-IPADDRESS I-IPADDRESS I-IPADDRESS I-IPADDRESS I-IPADDRESS I-IPADDRESS I-IPADDRESS I-IPADDRESS I-IPADDRESS I-IPADDRESS I-IPADDRESS I-IPADDRESS I-IPADDRESS I-IPADDRESS I-IPADDRESS I-IPADDRESS I-IPADDRESS I-IPADDRESS I-IPADDRESS I-IPADDRESS I-IPADDRESS I-IPADDRESS I-IPADDRESS I-IPADDRESS I-IPADDRESS I-IPADDRESS O,O O O O O O O O O O O O O O O B-URL I-URL I-URL I-URL I-URL I-URL I-URL I-URL I-URL O O O O O O O O O O O O O O O O B-IPADDRESS I-IPADDRESS I-IPADDRESS I-IPADDRESS I-IPADDRESS I-IPADDRESS I-IPADDRESS B-IPADDRESS I-IPADDRESS I-IPADDRESS I-IPADDRESS I-IPADDRESS I-IPADDRESS I-IPADDRESS I-IPADDRESS I-IPADDRESS I-IPADDRESS I-IPADDRESS I-IPADDRESS I-IPADDRESS I-IPADDRESS I-IPADDRESS I-IPADDRESS I-IPADDRESS I-IPADDRESS I-IPADDRESS I-IPADDRESS I-IPADDRESS I-IPADDRESS I-IPADDRESS I-IPADDRESS I-IPADDRESS I-IPADDRESS I-IPADDRESS I-IPADDRESS I-IPADDRESS I-IPADDRESS O
2104,"Xin chào ! Đây là Ân từ văn phòng quản lý. Có một ví gầy được tìm thấy tại bánh xèo với thẻ tín dụng của trao tư acb visa và số 9592209619789643. Chủ sở hữu, xin vui lòng lấy lại từ văn phòng quản lý.",True,0.5714285714285715,"[{""type"": ""FIRSTNAME"", ""start"": 5, ""end"": 6, ""text"": ""Ân""}, {""type"": ""CREDITCARDISSUER"", ""start"": 24, ""end"": 27, ""text"": ""ac@@ b visa""}, {""type"": ""MASKEDNUMBER"", ""start"": 29, ""end"": 37, ""text"": ""95@@ 9@@ 220@@ 96@@ 197@@ 89@@ 6@@ 43""}]","[{""type"": ""FIRSTNAME"", ""start"": 5, ""end"": 6, ""text"": ""Ân""}, {""type"": ""BUILDINGNUMBER"", ""start"": 18, ""end"": 19, ""text"": ""bánh_xèo""}, {""type"": ""CREDITCARDISSUER"", ""start"": 23, ""end"": 27, ""text"": ""tư ac@@ b visa""}, {""type"": ""MASKEDNUMBER"", ""start"": 29, ""end"": 37, ""text"": ""95@@ 9@@ 220@@ 96@@ 197@@ 89@@ 6@@ 43""}]",O O O O O B-FIRSTNAME O O O O O O O O O O O O O O O O O O B-CREDITCARDISSUER I-CREDITCARDISSUER I-CREDITCARDISSUER O O B-MASKEDNUMBER I-MASKEDNUMBER I-MASKEDNUMBER I-MASKEDNUMBER I-MASKEDNUMBER I-MASKEDNUMBER I-MASKEDNUMBER I-MASKEDNUMBER O O O O O O O O O O O,O O O O O B-FIRSTNAME O O O O O O O O O O O O B-BUILDINGNUMBER O O O O B-CREDITCARDISSUER I-CREDITCARDISSUER I-CREDITCARDISSUER I-CREDITCARDISSUER O O B-MASKEDNUMBER I-MASKEDNUMBER I-MASKEDNUMBER I-MASKEDNUMBER I-MASKEDNUMBER I-MASKEDNUMBER I-MASKEDNUMBER I-MASKEDNUMBER O O O O O O O O O O O,0.5714285714285715,"[{""type"": ""FIRSTNAME"", ""start"": 5, ""end"": 6, ""text"": ""Ân""}, {""type"": ""CREDITCARDISSUER"", ""start"": 24, ""end"": 27, ""text"": ""ac@@ b visa""}, {""type"": ""MASKEDNUMBER"", ""start"": 29, ""end"": 37, ""text"": ""95@@ 9@@ 220@@ 96@@ 197@@ 89@@ 6@@ 43""}]","[{""type"": ""FIRSTNAME"", ""start"": 5, ""end"": 6, ""text"": ""Ân""}, {""type"": ""COMPANYNAME"", ""start"": 18, ""end"": 19, ""text"": ""bánh_xèo""}, {""type"": ""CREDITCARDISSUER"", ""start"": 24, ""end"": 27, ""text"": ""ac@@ b visa""}, {""type"": ""CREDITCARDNUMBER"", ""start"": 29, ""end"": 37, ""text"": ""95@@ 9@@ 220@@ 96@@ 197@@ 89@@ 6@@ 43""}]",O O O O O B-FIRSTNAME O O O O O O O O O O O O O O O O O O B-CREDITCARDISSUER I-CREDITCARDISSUER I-CREDITCARDISSUER O O B-MASKEDNUMBER I-MASKEDNUMBER I-MASKEDNUMBER I-MASKEDNUMBER I-MASKEDNUMBER I-MASKEDNUMBER I-MASKEDNUMBER I-MASKEDNUMBER O O O O O O O O O O O,O O O O O B-FIRSTNAME O O O O O O O O O O O O B-COMPANYNAME O O O O O B-CREDITCARDISSUER I-CREDITCARDISSUER I-CREDITCARDISSUER O O B-CREDITCARDNUMBER I-CREDITCARDNUMBER I-CREDITCARDNUMBER I-CREDITCARDNUMBER I-CREDITCARDNUMBER I-CREDITCARDNUMBER I-CREDITCARDNUMBER I-CREDITCARDNUMBER O O O O O O O O O O O,0.8571428571428571,"[{""type"": ""FIRSTNAME"", ""start"": 5, ""end"": 6, ""text"": ""Ân""}, {""type"": ""CREDITCARDISSUER"", ""start"": 24, ""end"": 27, ""text"": ""ac@@ b visa""}, {""type"": ""MASKEDNUMBER"", ""start"": 29, ""end"": 37, ""text"": ""95@@ 9@@ 220@@ 96@@ 197@@ 89@@ 6@@ 43""}]","[{""type"": ""FIRSTNAME"", ""start"": 5, ""end"": 6, ""text"": ""Ân""}, {""type"": ""COMPANYNAME"", ""start"": 18, ""end"": 19, ""text"": ""bánh_xèo""}, {""type"": ""CREDITCARDISSUER"", ""start"": 24, ""end"": 27, ""text"": ""ac@@ b visa""}, {""type"": ""MASKEDNUMBER"", ""start"": 29, ""end"": 37, ""text"": ""95@@ 9@@ 220@@ 96@@ 197@@ 89@@ 6@@ 43""}]",O O O O O B-FIRSTNAME O O O O O O O O O O O O O O O O O O B-CREDITCARDISSUER I-CREDITCARDISSUER I-CREDITCARDISSUER O O B-MASKEDNUMBER I-MASKEDNUMBER I-MASKEDNUMBER I-MASKEDNUMBER I-MASKEDNUMBER I-MASKEDNUMBER I-MASKEDNUMBER I-MASKEDNUMBER O O O O O O O O O O O,O O O O O B-FIRSTNAME O O O O O O O O O O O O B-COMPANYNAME O O O O O B-CREDITCARDISSUER I-CREDITCARDISSUER I-CREDITCARDISSUER O O B-MASKEDNUMBER I-MASKEDNUMBER I-MASKEDNUMBER I-MASKEDNUMBER I-MASKEDNUMBER I-MASKEDNUMBER I-MASKEDNUMBER I-MASKEDNUMBER O O O O O O O O O O O,0.5714285714285715,"[{""type"": ""FIRSTNAME"", ""start"": 5, ""end"": 7, ""text"": ""▁Â n""}, {""type"": ""CREDITCARDISSUER"", ""start"": 34, ""end"": 37, ""text"": ""▁ac b ▁visa""}, {""type"": ""MASKEDNUMBER"", ""start"": 39, ""end"": 46, ""text"": ""▁9 592 20 96 1978 96 43""}]","[{""type"": ""FIRSTNAME"", ""start"": 5, ""end"": 7, ""text"": ""▁Â n""}, {""type"": ""CREDITCARDISSUER"", ""start"": 32, ""end"": 34, ""text"": ""▁trao ▁tư""}, {""type"": ""CREDITCARDISSUER"", ""start"": 34, ""end"": 37, ""text"": ""▁ac b ▁visa""}, {""type"": ""CREDITCARDNUMBER"", ""start"": 39, ""end"": 46, ""text"": ""▁9 592 20 96 1978 96 43""}]",O O O O O B-FIRSTNAME I-FIRSTNAME O O O O O O O O O O O O O O O O O O O O O O O O O O O B-CREDITCARDISSUER I-CREDITCARDISSUER I-CREDITCARDISSUER O O B-MASKEDNUMBER I-MASKEDNUMBER I-MASKEDNUMBER I-MASKEDNUMBER I-MASKEDNUMBER I-MASKEDNUMBER I-MASKEDNUMBER O O O O O O O O O O O O O O O O,O O O O O B-FIRSTNAME I-FIRSTNAME O O O O O O O O O O O O O O O O O O O O O O O O O B-CREDITCARDISSUER I-CREDITCARDISSUER B-CREDITCARDISSUER I-CREDITCARDISSUER I-CREDITCARDISSUER O O B-CREDITCARDNUMBER I-CREDITCARDNUMBER I-CREDITCARDNUMBER I-CREDITCARDNUMBER I-CREDITCARDNUMBER I-CREDITCARDNUMBER I-CREDITCARDNUMBER O O O O O O O O O O O O O O O O
2146,"Tôi, Thầy Hồng, Phó giám đốc của Huyện Phú Xuyên, đang xem xét một vụ tranh chấp tài sản tại Đại lộ Nguyễn Văn Linh, Vĩnh Long. Chi tiết có thể được tìm thấy tại https://light-son.biz/. Nếu có bất kỳ thắc mắc nào, xin vui lòng liên hệ với tôi qua số 0361582285.",True,0.875,"[{""type"": ""PREFIX"", ""start"": 2, ""end"": 3, ""text"": ""Thầy""}, {""type"": ""MIDDLENAME"", ""start"": 3, ""end"": 4, ""text"": ""Hồng""}, {""type"": ""JOBTYPE"", ""start"": 5, ""end"": 7, ""text"": ""Phó giám_đốc""}, {""type"": ""COUNTY"", ""start"": 8, ""end"": 10, ""text"": ""Huyện Phú_Xuyên""}, {""type"": ""STREET"", ""start"": 18, ""end"": 20, ""text"": ""Đại_lộ Nguyễn_Văn_Linh""}, {""type"": ""STATE"", ""start"": 21, ""end"": 22, ""text"": ""Vĩnh_Long""}, {""type"": ""URL"", ""start"": 29, ""end"": 39, ""text"": ""htt@@ ps@@ ://@@ ligh@@ t-@@ son@@ .@@ bi@@ z@@ /.""}, {""type"": ""PHONENUMBER"", ""start"": 52, ""end"": 58, ""text"": ""0@@ 36@@ 15@@ 8@@ 2@@ 285""}]","[{""type"": ""PREFIX"", ""start"": 2, ""end"": 3, ""text"": ""Thầy""}, {""type"": ""MIDDLENAME"", ""start"": 3, ""end"": 4, ""text"": ""Hồng""}, {""type"": ""JOBTITLE"", ""start"": 5, ""end"": 7, ""text"": ""Phó giám_đốc""}, {""type"": ""COUNTY"", ""start"": 8, ""end"": 10, ""text"": ""Huyện Phú_Xuyên""}, {""type"": ""STREET"", ""start"": 18, ""end"": 20, ""text"": ""Đại_lộ Nguyễn_Văn_Linh""}, {""type"": ""STATE"", ""start"": 21, ""end"": 22, ""text"": ""Vĩnh_Long""}, {""type"": ""URL"", ""start"": 29, ""end"": 39, ""text"": ""htt@@ ps@@ ://@@ ligh@@ t-@@ son@@ .@@ bi@@ z@@ /.""}, {""type"": ""PHONENUMBER"", ""start"": 52, ""end"": 58, ""text"": ""0@@ 36@@ 15@@ 8@@ 2@@ 285""}]",O O B-PREFIX B-MIDDLENAME O B-JOBTYPE I-JOBTYPE O B-COUNTY I-COUNTY O O O O O O O O B-STREET I-STREET O B-STATE O O O O O O O B-URL I-URL I-URL I-URL I-URL I-URL I-URL I-URL I-URL I-URL O O O O O O O O O O O O O B-PHONENUMBER I-PHONENUMBER I-PHONENUMBER I-PHONENUMBER I-PHONENUMBER I-PHONENUMBER O,O O B-PREFIX B-MIDDLENAME O B-JOBTITLE I-JOBTITLE O B-COUNTY I-COUNTY O O O O O O O O B-STREET I-STREET O B-STATE O O O O O O O B-URL I-URL I-URL I-URL I-URL I-URL I-URL I-URL I-URL I-URL O O O O O O O O O O O O O B-PHONENUMBER I-PHONENUMBER I-PHONENUMBER I-PHONENUMBER I-PHONENUMBER I-PHONENUMBER O,0.875,"[{""type"": ""PREFIX"", ""start"": 2, ""end"": 3, ""text"": ""Thầy""}, {""type"": ""MIDDLENAME"", ""start"": 3, ""end"": 4, ""text"": ""Hồng""}, {""type"": ""JOBTYPE"", ""start"": 5, ""end"": 7, ""text"": ""Phó giám_đốc""}, {""type"": ""COUNTY"", ""start"": 8, ""end"": 10, ""text"": ""Huyện Phú_Xuyên""}, {""type"": ""STREET"", ""start"": 18, ""end"": 20, ""text"": ""Đại_lộ Nguyễn_Văn_Linh""}, {""type"": ""STATE"", ""start"": 21, ""end"": 22, ""text"": ""Vĩnh_Long""}, {""type"": ""URL"", ""start"": 29, ""end"": 39, ""text"": ""htt@@ ps@@ ://@@ ligh@@ t-@@ son@@ .@@ bi@@ z@@ /.""}, {""type"": ""PHONENUMBER"", ""start"": 52, ""end"": 58, ""text"": ""0@@ 36@@ 15@@ 8@@ 2@@ 285""}]","[{""type"": ""PREFIX"", ""start"": 2, ""end"": 3, ""text"": ""Thầy""}, {""type"": ""MIDDLENAME"", ""start"": 3, ""end"": 4, ""text"": ""Hồng""}, {""type"": ""JOBTITLE"", ""start"": 5, ""end"": 7, ""text"": ""Phó giám_đốc""}, {""type"": ""COUNTY"", ""start"": 8, ""end"": 10, ""text"": ""Huyện Phú_Xuyên""}, {""type"": ""STREET"", ""start"": 18, ""end"": 20, ""text"": ""Đại_lộ Nguyễn_Văn_Linh""}, {""type"": ""STATE"", ""start"": 21, ""end"": 22, ""text"": ""Vĩnh_Long""}, {""type"": ""URL"", ""start"": 29, ""end"": 39, ""text"": ""htt@@ ps@@ ://@@ ligh@@ t-@@ son@@ .@@ bi@@ z@@ /.""}, {""type"": ""PHONENUMBER"", ""start"": 52, ""end"": 58, ""text"": ""0@@ 36@@ 15@@ 8@@ 2@@ 285""}]",O O B-PREFIX B-MIDDLENAME O B-JOBTYPE I-JOBTYPE O B-COUNTY I-COUNTY O O O O O O O O B-STREET I-STREET O B-STATE O O O O O O O B-URL I-URL I-URL I-URL I-URL I-URL I-URL I-URL I-URL I-URL O O O O O O O O O O O O O B-PHONENUMBER I-PHONENUMBER I-PHONENUMBER I-PHONENUMBER I-PHONENUMBER I-PHONENUMBER O,O O B-PREFIX B-MIDDLENAME O B-JOBTITLE I-JOBTITLE O B-COUNTY I-COUNTY O O O O O O O O B-STREET I-STREET O B-STATE O O O O O O O B-URL I-URL I-URL I-URL I-URL I-URL I-URL I-URL I-URL I-URL O O O O O O O O O O O O O B-PHONENUMBER I-PHONENUMBER I-PHONENUMBER I-PHONENUMBER I-PHONENUMBER I-PHONENUMBER O,0.875,"[{""type"": ""PREFIX"", ""start"": 2, ""end"": 3, ""text"": ""Thầy""}, {""type"": ""MIDDLENAME"", ""start"": 3, ""end"": 4, ""text"": ""Hồng""}, {""type"": ""JOBTYPE"", ""start"": 5, ""end"": 7, ""text"": ""Phó giám_đốc""}, {""type"": ""COUNTY"", ""start"": 8, ""end"": 10, ""text"": ""Huyện Phú_Xuyên""}, {""type"": ""STREET"", ""start"": 18, ""end"": 20, ""text"": ""Đại_lộ Nguyễn_Văn_Linh""}, {""type"": ""STATE"", ""start"": 21, ""end"": 22, ""text"": ""Vĩnh_Long""}, {""type"": ""URL"", ""start"": 29, ""end"": 39, ""text"": ""htt@@ ps@@ ://@@ ligh@@ t-@@ son@@ .@@ bi@@ z@@ /.""}, {""type"": ""PHONENUMBER"", ""start"": 52, ""end"": 58, ""text"": ""0@@ 36@@ 15@@ 8@@ 2@@ 285""}]","[{""type"": ""PREFIX"", ""start"": 2, ""end"": 3, ""text"": ""Thầy""}, {""type"": ""MIDDLENAME"", ""start"": 3, ""end"": 4, ""text"": ""Hồng""}, {""type"": ""JOBTITLE"", ""start"": 5, ""end"": 7, ""text"": ""Phó giám_đốc""}, {""type"": ""COUNTY"", ""start"": 8, ""end"": 10, ""text"": ""Huyện Phú_Xuyên""}, {""type"": ""STREET"", ""start"": 18, ""end"": 20, ""text"": ""Đại_lộ Nguyễn_Văn_Linh""}, {""type"": ""STATE"", ""start"": 21, ""end"": 22, ""text"": ""Vĩnh_Long""}, {""type"": ""URL"", ""start"": 29, ""end"": 39, ""text"": ""htt@@ ps@@ ://@@ ligh@@ t-@@ son@@ .@@ bi@@ z@@ /.""}, {""type"": ""PHONENUMBER"", ""start"": 52, ""end"": 58, ""text"": ""0@@ 36@@ 15@@ 8@@ 2@@ 285""}]",O O B-PREFIX B-MIDDLENAME O B-JOBTYPE I-JOBTYPE O B-COUNTY I-COUNTY O O O O O O O O B-STREET I-STREET O B-STATE O O O O O O O B-URL I-URL I-URL I-URL I-URL I-URL I-URL I-URL I-URL I-URL O O O O O O O O O O O O O B-PHONENUMBER I-PHONENUMBER I-PHONENUMBER I-PHONENUMBER I-PHONENUMBER I-PHONENUMBER O,O O B-PREFIX B-MIDDLENAME O B-JOBTITLE I-JOBTITLE O B-COUNTY I-COUNTY O O O O O O O O B-STREET I-STREET O B-STATE O O O O O O O B-URL I-URL I-URL I-URL I-URL I-URL I-URL I-URL I-URL I-URL O O O O O O O O O O O O O B-PHONENUMBER I-PHONENUMBER I-PHONENUMBER I-PHONENUMBER I-PHONENUMBER I-PHONENUMBER O,0.875,"[{""type"": ""PREFIX"", ""start"": 2, ""end"": 3, ""text"": ""▁Thầy""}, {""type"": ""MIDDLENAME"", ""start"": 3, ""end"": 4, ""text"": ""▁Hồng""}, {""type"": ""JOBTYPE"", ""start"": 5, ""end"": 8, ""text"": ""▁Phó ▁giám ▁đốc""}, {""type"": ""COUNTY"", ""start"": 9, ""end"": 15, ""text"": ""▁Huy ệ n ▁Phú ▁Xu yên""}, {""type"": ""STREET"", ""start"": 26, ""end"": 31, ""text"": ""▁Đại ▁lộ ▁Nguyễn ▁Văn ▁Linh""}, {""type"": ""STATE"", ""start"": 32, ""end"": 34, ""text"": ""▁Vĩnh ▁Long""}, {""type"": ""URL"", ""start"": 43, ""end"": 51, ""text"": ""▁https :// light - son . biz /""}, {""type"": ""PHONENUMBER"", ""start"": 70, ""end"": 75, ""text"": ""▁03 6 15 82 285""}]","[{""type"": ""PREFIX"", ""start"": 2, ""end"": 3, ""text"": ""▁Thầy""}, {""type"": ""MIDDLENAME"", ""start"": 3, ""end"": 4, ""text"": ""▁Hồng""}, {""type"": ""JOBTITLE"", ""start"": 5, ""end"": 8, ""text"": ""▁Phó ▁giám ▁đốc""}, {""type"": ""COUNTY"", ""start"": 9, ""end"": 15, ""text"": ""▁Huy ệ n ▁Phú ▁Xu yên""}, {""type"": ""STREET"", ""start"": 26, ""end"": 31, ""text"": ""▁Đại ▁lộ ▁Nguyễn ▁Văn ▁Linh""}, {""type"": ""STATE"", ""start"": 32, ""end"": 34, ""text"": ""▁Vĩnh ▁Long""}, {""type"": ""URL"", ""start"": 43, ""end"": 51, ""text"": ""▁https :// light - son . biz /""}, {""type"": ""PHONENUMBER"", ""start"": 70, ""end"": 75, ""text"": ""▁03 6 15 82 285""}]",O O B-PREFIX B-MIDDLENAME O B-JOBTYPE I-JOBTYPE I-JOBTYPE O B-COUNTY I-COUNTY I-COUNTY I-COUNTY I-COUNTY I-COUNTY O O O O O O O O O O O B-STREET I-STREET I-STREET I-STREET I-STREET O B-STATE I-STATE O O O O O O O O O B-URL I-URL I-URL I-URL I-URL I-URL I-URL I-URL O O O O O O O O O O O O O O O O O O O B-PHONENUMBER I-PHONENUMBER I-PHONENUMBER I-PHONENUMBER I-PHONENUMBER O,O O B-PREFIX B-MIDDLENAME O B-JOBTITLE I-JOBTITLE I-JOBTITLE O B-COUNTY I-COUNTY I-COUNTY I-COUNTY I-COUNTY I-COUNTY O O O O O O O O O O O B-STREET I-STREET I-STREET I-STREET I-STREET O B-STATE I-STATE O O O O O O O O O B-URL I-URL I-URL I-URL I-URL I-URL I-URL I-URL O O O O O O O O O O O O O O O O O O O B-PHONENUMBER I-PHONENUMBER I-PHONENUMBER I-PHONENUMBER I-PHONENUMBER O
2148,"Chúng ta tạo ra một kế hoạch quảng cáo theo những kênh điện tử tại Ninh Bình. Giá trị budged là USD 0.73md để đưa ra một kế hoạch quyết definitive cho Ezequiel Cao Dung có email mỹ.võ832@fpt.vn, năm sinh 1978.",True,0.7272727272727272,"[{""type"": ""STATE"", ""start"": 11, ""end"": 12, ""text"": ""Ninh_Bình""}, {""type"": ""CURRENCYSYMBOL"", ""start"": 18, ""end"": 19, ""text"": ""USD""}, {""type"": ""AMOUNT"", ""start"": 19, ""end"": 22, ""text"": ""0.@@ 73 m@@""}, {""type"": ""LASTNAME"", ""start"": 35, ""end"": 36, ""text"": ""ao_@@""}, {""type"": ""FIRSTNAME"", ""start"": 36, ""end"": 37, ""text"": ""Dung""}, {""type"": ""EMAIL"", ""start"": 39, ""end"": 48, ""text"": ""mỹ@@ .v@@ õ 8@@ 32@@ @@@ f@@ pt@@ .vn""}]","[{""type"": ""STATE"", ""start"": 11, ""end"": 12, ""text"": ""Ninh_Bình""}, {""type"": ""CURRENCYSYMBOL"", ""start"": 18, ""end"": 19, ""text"": ""USD""}, {""type"": ""AMOUNT"", ""start"": 19, ""end"": 23, ""text"": ""0.@@ 73 m@@ d""}, {""type"": ""FIRSTNAME"", ""start"": 36, ""end"": 37, ""text"": ""Dung""}, {""type"": ""EMAIL"", ""start"": 39, ""end"": 48, ""text"": ""mỹ@@ .v@@ õ 8@@ 32@@ @@@ f@@ pt@@ .vn""}]",O O O O O O O O O O O B-STATE O O O O O O B-CURRENCYSYMBOL B-AMOUNT I-AMOUNT I-AMOUNT O O O O O O O O O O O O O I-LASTNAME B-FIRSTNAME O O B-EMAIL I-EMAIL I-EMAIL I-EMAIL I-EMAIL I-EMAIL I-EMAIL I-EMAIL I-EMAIL O O O O O,O O O O O O O O O O O B-STATE O O O O O O B-CURRENCYSYMBOL B-AMOUNT I-AMOUNT I-AMOUNT I-AMOUNT O O O O O O O O O O O O O B-FIRSTNAME O O B-EMAIL I-EMAIL I-EMAIL I-EMAIL I-EMAIL I-EMAIL I-EMAIL I-EMAIL I-EMAIL O O O O O,0.7272727272727272,"[{""type"": ""STATE"", ""start"": 11, ""end"": 12, ""text"": ""Ninh_Bình""}, {""type"": ""CURRENCYSYMBOL"", ""start"": 18, ""end"": 19, ""text"": ""USD""}, {""type"": ""AMOUNT"", ""start"": 19, ""end"": 22, ""text"": ""0.@@ 73 m@@""}, {""type"": ""LASTNAME"", ""start"": 35, ""end"": 36, ""text"": ""ao_@@""}, {""type"": ""FIRSTNAME"", ""start"": 36, ""end"": 37, ""text"": ""Dung""}, {""type"": ""EMAIL"", ""start"": 39, ""end"": 48, ""text"": ""mỹ@@ .v@@ õ 8@@ 32@@ @@@ f@@ pt@@ .vn""}]","[{""type"": ""STATE"", ""start"": 11, ""end"": 12, ""text"": ""Ninh_Bình""}, {""type"": ""CURRENCYSYMBOL"", ""start"": 18, ""end"": 19, ""text"": ""USD""}, {""type"": ""AMOUNT"", ""start"": 19, ""end"": 23, ""text"": ""0.@@ 73 m@@ d""}, {""type"": ""FIRSTNAME"", ""start"": 36, ""end"": 37, ""text"": ""Dung""}, {""type"": ""EMAIL"", ""start"": 39, ""end"": 48, ""text"": ""mỹ@@ .v@@ õ 8@@ 32@@ @@@ f@@ pt@@ .vn""}]",O O O O O O O O O O O B-STATE O O O O O O B-CURRENCYSYMBOL B-AMOUNT I-AMOUNT I-AMOUNT O O O O O O O O O O O O O I-LASTNAME B-FIRSTNAME O O B-EMAIL I-EMAIL I-EMAIL I-EMAIL I-EMAIL I-EMAIL I-EMAIL I-EMAIL I-EMAIL O O O O O,O O O O O O O O O O O B-STATE O O O O O O B-CURRENCYSYMBOL B-AMOUNT I-AMOUNT I-AMOUNT I-AMOUNT O O O O O O O O O O O O O B-FIRSTNAME O O B-EMAIL I-EMAIL I-EMAIL I-EMAIL I-EMAIL I-EMAIL I-EMAIL I-EMAIL I-EMAIL O O O O O,0.6153846153846153,"[{""type"": ""STATE"", ""start"": 11, ""end"": 12, ""text"": ""Ninh_Bình""}, {""type"": ""CURRENCYSYMBOL"", ""start"": 18, ""end"": 19, ""text"": ""USD""}, {""type"": ""AMOUNT"", ""start"": 19, ""end"": 22, ""text"": ""0.@@ 73 m@@""}, {""type"": ""LASTNAME"", ""start"": 35, ""end"": 36, ""text"": ""ao_@@""}, {""type"": ""FIRSTNAME"", ""start"": 36, ""end"": 37, ""text"": ""Dung""}, {""type"": ""EMAIL"", ""start"": 39, ""end"": 48, ""text"": ""mỹ@@ .v@@ õ 8@@ 32@@ @@@ f@@ pt@@ .vn""}]","[{""type"": ""STATE"", ""start"": 11, ""end"": 12, ""text"": ""Ninh_Bình""}, {""type"": ""CURRENCYSYMBOL"", ""start"": 18, ""end"": 19, ""text"": ""USD""}, {""type"": ""AMOUNT"", ""start"": 19, ""end"": 23, ""text"": ""0.@@ 73 m@@ d""}, {""type"": ""COMPANYNAME"", ""start"": 35, ""end"": 36, ""text"": ""ao_@@""}, {""type"": ""FIRSTNAME"", ""start"": 36, ""end"": 37, ""text"": ""Dung""}, {""type"": ""EMAIL"", ""start"": 39, ""end"": 48, ""text"": ""mỹ@@ .v@@ õ 8@@ 32@@ @@@ f@@ pt@@ .vn""}, {""type"": ""DOB"", ""start"": 51, ""end"": 52, ""text"": ""1978""}]",O O O O O O O O O O O B-STATE O O O O O O B-CURRENCYSYMBOL B-AMOUNT I-AMOUNT I-AMOUNT O O O O O O O O O O O O O I-LASTNAME B-FIRSTNAME O O B-EMAIL I-EMAIL I-EMAIL I-EMAIL I-EMAIL I-EMAIL I-EMAIL I-EMAIL I-EMAIL O O O O O,O O O O O O O O O O O B-STATE O O O O O O B-CURRENCYSYMBOL B-AMOUNT I-AMOUNT I-AMOUNT I-AMOUNT O O O O O O O O O O O O B-COMPANYNAME B-FIRSTNAME O O B-EMAIL I-EMAIL I-EMAIL I-EMAIL I-EMAIL I-EMAIL I-EMAIL I-EMAIL I-EMAIL O O O B-DOB O,0.923076923076923,"[{""type"": ""STATE"", ""start"": 15, ""end"": 17, ""text"": ""▁Ninh ▁Bình""}, {""type"": ""CURRENCYSYMBOL"", ""start"": 23, ""end"": 24, ""text"": ""▁USD""}, {""type"": ""AMOUNT"", ""start"": 24, ""end"": 28, ""text"": ""▁0 . 73 md""}, {""type"": ""LASTNAME"", ""start"": 42, ""end"": 43, ""text"": ""▁Cao""}, {""type"": ""FIRSTNAME"", ""start"": 43, ""end"": 44, ""text"": ""▁Dung""}, {""type"": ""EMAIL"", ""start"": 46, ""end"": 56, ""text"": ""▁mỹ . võ 83 2 @ f pt . vn""}]","[{""type"": ""STATE"", ""start"": 15, ""end"": 17, ""text"": ""▁Ninh ▁Bình""}, {""type"": ""CURRENCYSYMBOL"", ""start"": 23, ""end"": 24, ""text"": ""▁USD""}, {""type"": ""AMOUNT"", ""start"": 24, ""end"": 28, ""text"": ""▁0 . 73 md""}, {""type"": ""LASTNAME"", ""start"": 42, ""end"": 43, ""text"": ""▁Cao""}, {""type"": ""FIRSTNAME"", ""start"": 43, ""end"": 44, ""text"": ""▁Dung""}, {""type"": ""EMAIL"", ""start"": 46, ""end"": 56, ""text"": ""▁mỹ . võ 83 2 @ f pt . vn""}, {""type"": ""DOB"", ""start"": 59, ""end"": 60, ""text"": ""▁1978""}]",O O O O O O O O O O O O O O O B-STATE I-STATE O O O O O O B-CURRENCYSYMBOL B-AMOUNT I-AMOUNT I-AMOUNT I-AMOUNT O O O O O O O O O O O O O O B-LASTNAME B-FIRSTNAME O O B-EMAIL I-EMAIL I-EMAIL I-EMAIL I-EMAIL I-EMAIL I-EMAIL I-EMAIL I-EMAIL I-EMAIL O O O O O,O O O O O O O O O O O O O O O B-STATE I-STATE O O O O O O B-CURRENCYSYMBOL B-AMOUNT I-AMOUNT I-AMOUNT I-AMOUNT O O O O O O O O O O O O O O B-LASTNAME B-FIRSTNAME O O B-EMAIL I-EMAIL I-EMAIL I-EMAIL I-EMAIL I-EMAIL I-EMAIL I-EMAIL I-EMAIL I-EMAIL O O O B-DOB O
2168,"Trí, trong bài học 'Hiểu Biết về Sản Phẩm Tài Chính', chúng tôi dự định sử dụng 7749388860497381, American Express và 4476036723372263. Bạn có thấy thoải mái với điều đó không?",True,0.75,"[{""type"": ""FIRSTNAME"", ""start"": 0, ""end"": 1, ""text"": ""Trí""}, {""type"": ""MASKEDNUMBER"", ""start"": 16, ""end"": 24, ""text"": ""77@@ 49@@ 38@@ 88@@ 60@@ 4@@ 97@@ 381""}, {""type"": ""CREDITCARDISSUER"", ""start"": 25, ""end"": 27, ""text"": ""American_@@ Express""}, {""type"": ""CREDITCARDNUMBER"", ""start"": 28, ""end"": 37, ""text"": ""4@@ 47@@ 60@@ 36@@ 7@@ 23@@ 37@@ 22@@ 63""}]","[{""type"": ""FIRSTNAME"", ""start"": 0, ""end"": 1, ""text"": ""Trí""}, {""type"": ""CREDITCARDNUMBER"", ""start"": 16, ""end"": 24, ""text"": ""77@@ 49@@ 38@@ 88@@ 60@@ 4@@ 97@@ 381""}, {""type"": ""CREDITCARDISSUER"", ""start"": 25, ""end"": 27, ""text"": ""American_@@ Express""}, {""type"": ""CREDITCARDNUMBER"", ""start"": 28, ""end"": 37, ""text"": ""4@@ 47@@ 60@@ 36@@ 7@@ 23@@ 37@@ 22@@ 63""}]",B-FIRSTNAME O O O O O O O O O O O O O O O B-MASKEDNUMBER I-MASKEDNUMBER I-MASKEDNUMBER I-MASKEDNUMBER I-MASKEDNUMBER I-MASKEDNUMBER I-MASKEDNUMBER I-MASKEDNUMBER O B-CREDITCARDISSUER I-CREDITCARDISSUER O B-CREDITCARDNUMBER I-CREDITCARDNUMBER I-CREDITCARDNUMBER I-CREDITCARDNUMBER I-CREDITCARDNUMBER I-CREDITCARDNUMBER I-CREDITCARDNUMBER I-CREDITCARDNUMBER I-CREDITCARDNUMBER O O O O O O O O O O,B-FIRSTNAME O O O O O O O O O O O O O O O B-CREDITCARDNUMBER I-CREDITCARDNUMBER I-CREDITCARDNUMBER I-CREDITCARDNUMBER I-CREDITCARDNUMBER I-CREDITCARDNUMBER I-CREDITCARDNUMBER I-CREDITCARDNUMBER O B-CREDITCARDISSUER I-CREDITCARDISSUER O B-CREDITCARDNUMBER I-CREDITCARDNUMBER I-CREDITCARDNUMBER I-CREDITCARDNUMBER I-CREDITCARDNUMBER I-CREDITCARDNUMBER I-CREDITCARDNUMBER I-CREDITCARDNUMBER I-CREDITCARDNUMBER O O O O O O O O O O,0.75,"[{""type"": ""FIRSTNAME"", ""start"": 0, ""end"": 1, ""text"": ""Trí""}, {""type"": ""MASKEDNUMBER"", ""start"": 16, ""end"": 24, ""text"": ""77@@ 49@@ 38@@ 88@@ 60@@ 4@@ 97@@ 381""}, {""type"": ""CREDITCARDISSUER"", ""start"": 25, ""end"": 27, ""text"": ""American_@@ Express""}, {""type"": ""CREDITCARDNUMBER"", ""start"": 28, ""end"": 37, ""text"": ""4@@ 47@@ 60@@ 36@@ 7@@ 23@@ 37@@ 22@@ 63""}]","[{""type"": ""FIRSTNAME"", ""start"": 0, ""end"": 1, ""text"": ""Trí""}, {""type"": ""CREDITCARDNUMBER"", ""start"": 16, ""end"": 24, ""text"": ""77@@ 49@@ 38@@ 88@@ 60@@ 4@@ 97@@ 381""}, {""type"": ""CREDITCARDISSUER"", ""start"": 25, ""end"": 27, ""text"": ""American_@@ Express""}, {""type"": ""CREDITCARDNUMBER"", ""start"": 28, ""end"": 37, ""text"": ""4@@ 47@@ 60@@ 36@@ 7@@ 23@@ 37@@ 22@@ 63""}]",B-FIRSTNAME O O O O O O O O O O O O O O O B-MASKEDNUMBER I-MASKEDNUMBER I-MASKEDNUMBER I-MASKEDNUMBER I-MASKEDNUMBER I-MASKEDNUMBER I-MASKEDNUMBER I-MASKEDNUMBER O B-CREDITCARDISSUER I-CREDITCARDISSUER O B-CREDITCARDNUMBER I-CREDITCARDNUMBER I-CREDITCARDNUMBER I-CREDITCARDNUMBER I-CREDITCARDNUMBER I-CREDITCARDNUMBER I-CREDITCARDNUMBER I-CREDITCARDNUMBER I-CREDITCARDNUMBER O O O O O O O O O O,B-FIRSTNAME O O O O O O O O O O O O O O O B-CREDITCARDNUMBER I-CREDITCARDNUMBER I-CREDITCARDNUMBER I-CREDITCARDNUMBER I-CREDITCARDNUMBER I-CREDITCARDNUMBER I-CREDITCARDNUMBER I-CREDITCARDNUMBER O B-CREDITCARDISSUER I-CREDITCARDISSUER O B-CREDITCARDNUMBER I-CREDITCARDNUMBER I-CREDITCARDNUMBER I-CREDITCARDNUMBER I-CREDITCARDNUMBER I-CREDITCARDNUMBER I-CREDITCARDNUMBER I-CREDITCARDNUMBER I-CREDITCARDNUMBER O O O O O O O O O O,0.75,"[{""type"": ""FIRSTNAME"", ""start"": 0, ""end"": 1, ""text"": ""Trí""}, {""type"": ""MASKEDNUMBER"", ""start"": 16, ""end"": 24, ""text"": ""77@@ 49@@ 38@@ 88@@ 60@@ 4@@ 97@@ 381""}, {""type"": ""CREDITCARDISSUER"", ""start"": 25, ""end"": 27, ""text"": ""American_@@ Express""}, {""type"": ""CREDITCARDNUMBER"", ""start"": 28, ""end"": 37, ""text"": ""4@@ 47@@ 60@@ 36@@ 7@@ 23@@ 37@@ 22@@ 63""}]","[{""type"": ""FIRSTNAME"", ""start"": 0, ""end"": 1, ""text"": ""Trí""}, {""type"": ""CREDITCARDNUMBER"", ""start"": 16, ""end"": 24, ""text"": ""77@@ 49@@ 38@@ 88@@ 60@@ 4@@ 97@@ 381""}, {""type"": ""CREDITCARDISSUER"", ""start"": 25, ""end"": 27, ""text"": ""American_@@ Express""}, {""type"": ""CREDITCARDNUMBER"", ""start"": 28, ""end"": 37, ""text"": ""4@@ 47@@ 60@@ 36@@ 7@@ 23@@ 37@@ 22@@ 63""}]",B-FIRSTNAME O O O O O O O O O O O O O O O B-MASKEDNUMBER I-MASKEDNUMBER I-MASKEDNUMBER I-MASKEDNUMBER I-MASKEDNUMBER I-MASKEDNUMBER I-MASKEDNUMBER I-MASKEDNUMBER O B-CREDITCARDISSUER I-CREDITCARDISSUER O B-CREDITCARDNUMBER I-CREDITCARDNUMBER I-CREDITCARDNUMBER I-CREDITCARDNUMBER I-CREDITCARDNUMBER I-CREDITCARDNUMBER I-CREDITCARDNUMBER I-CREDITCARDNUMBER I-CREDITCARDNUMBER O O O O O O O O O O,B-FIRSTNAME O O O O O O O O O O O O O O O B-CREDITCARDNUMBER I-CREDITCARDNUMBER I-CREDITCARDNUMBER I-CREDITCARDNUMBER I-CREDITCARDNUMBER I-CREDITCARDNUMBER I-CREDITCARDNUMBER I-CREDITCARDNUMBER O B-CREDITCARDISSUER I-CREDITCARDISSUER O B-CREDITCARDNUMBER I-CREDITCARDNUMBER I-CREDITCARDNUMBER I-CREDITCARDNUMBER I-CREDITCARDNUMBER I-CREDITCARDNUMBER I-CREDITCARDNUMBER I-CREDITCARDNUMBER I-CREDITCARDNUMBER O O O O O O O O O O,0.6,"[{""type"": ""FIRSTNAME"", ""start"": 0, ""end"": 1, ""text"": ""▁Trí""}, {""type"": ""MASKEDNUMBER"", ""start"": 26, ""end"": 27, ""text"": ""▁""}, {""type"": ""MASKEDNUMBER"", ""start"": 27, ""end"": 33, ""text"": ""774 93 888 60 497 381""}, {""type"": ""CREDITCARDISSUER"", ""start"": 34, ""end"": 36, ""text"": ""▁American ▁Express""}, {""type"": ""CREDITCARDNUMBER"", ""start"": 37, ""end"": 43, ""text"": ""▁44 760 367 233 722 63""}]","[{""type"": ""FIRSTNAME"", ""start"": 0, ""end"": 1, ""text"": ""▁Trí""}, {""type"": ""CREDITCARDNUMBER"", ""start"": 26, ""end"": 27, ""text"": ""▁""}, {""type"": ""CREDITCARDNUMBER"", ""start"": 27, ""end"": 33, ""text"": ""774 93 888 60 497 381""}, {""type"": ""CREDITCARDISSUER"", ""start"": 34, ""end"": 36, ""text"": ""▁American ▁Express""}, {""type"": ""CREDITCARDNUMBER"", ""start"": 37, ""end"": 43, ""text"": ""▁44 760 367 233 722 63""}]",B-FIRSTNAME O O O O O O O O O O O O O O O O O O O O O O O O O B-MASKEDNUMBER B-MASKEDNUMBER I-MASKEDNUMBER I-MASKEDNUMBER I-MASKEDNUMBER I-MASKEDNUMBER I-MASKEDNUMBER O B-CREDITCARDISSUER I-CREDITCARDISSUER O B-CREDITCARDNUMBER I-CREDITCARDNUMBER I-CREDITCARDNUMBER I-CREDITCARDNUMBER I-CREDITCARDNUMBER I-CREDITCARDNUMBER O O O O O O O O O O O,B-FIRSTNAME O O O O O O O O O O O O O O O O O O O O O O O O O B-CREDITCARDNUMBER B-CREDITCARDNUMBER I-CREDITCARDNUMBER I-CREDITCARDNUMBER I-CREDITCARDNUMBER I-CREDITCARDNUMBER I-CREDITCARDNUMBER O B-CREDITCARDISSUER I-CREDITCARDISSUER O B-CREDITCARDNUMBER I-CREDITCARDNUMBER I-CREDITCARDNUMBER I-CREDITCARDNUMBER I-CREDITCARDNUMBER I-CREDITCARDNUMBER O O O O O O O O O O O
2231,"Tiến bộ của bạn cho thấy bạn có tiềm năng lớn trong thị trường việc làm Điện Biên. Chúng tôi có thể trang bị cho bạn những công cụ và kiến thức cần thiết. Tôi cũng khuyên bạn nên tham gia hội thảo Thư ký được tổ chức tại [-69.8014, -28.455].",True,0.6666666666666666,"[{""type"": ""STATE"", ""start"": 12, ""end"": 13, ""text"": ""Điện_Biên""}, {""type"": ""JOBTYPE"", ""start"": 32, ""end"": 33, ""text"": ""Thư_ký""}, {""type"": ""NEARBYGPSCOORDINATE"", ""start"": 36, ""end"": 47, ""text"": ""[ -@@ 6@@ 9.@@ 80@@ 14 , -@@ 28.@@ 455 ]""}]","[{""type"": ""STATE"", ""start"": 12, ""end"": 13, ""text"": ""Điện_Biên""}, {""type"": ""JOBTITLE"", ""start"": 32, ""end"": 33, ""text"": ""Thư_ký""}, {""type"": ""NEARBYGPSCOORDINATE"", ""start"": 36, ""end"": 47, ""text"": ""[ -@@ 6@@ 9.@@ 80@@ 14 , -@@ 28.@@ 455 ]""}]",O O O O O O O O O O O O B-STATE O O O O O O O O O O O O O O O O O O O B-JOBTYPE O O O B-NEARBYGPSCOORDINATE I-NEARBYGPSCOORDINATE I-NEARBYGPSCOORDINATE I-NEARBYGPSCOORDINATE I-NEARBYGPSCOORDINATE I-NEARBYGPSCOORDINATE I-NEARBYGPSCOORDINATE I-NEARBYGPSCOORDINATE I-NEARBYGPSCOORDINATE I-NEARBYGPSCOORDINATE I-NEARBYGPSCOORDINATE O,O O O O O O O O O O O O B-STATE O O O O O O O O O O O O O O O O O O O B-JOBTITLE O O O B-NEARBYGPSCOORDINATE I-NEARBYGPSCOORDINATE I-NEARBYGPSCOORDINATE I-NEARBYGPSCOORDINATE I-NEARBYGPSCOORDINATE I-NEARBYGPSCOORDINATE I-NEARBYGPSCOORDINATE I-NEARBYGPSCOORDINATE I-NEARBYGPSCOORDINATE I-NEARBYGPSCOORDINATE I-NEARBYGPSCOORDINATE O,0.6666666666666666,"[{""type"": ""STATE"", ""start"": 12, ""end"": 13, ""text"": ""Điện_Biên""}, {""type"": ""JOBTYPE"", ""start"": 32, ""end"": 33, ""text"": ""Thư_ký""}, {""type"": ""NEARBYGPSCOORDINATE"", ""start"": 36, ""end"": 47, ""text"": ""[ -@@ 6@@ 9.@@ 80@@ 14 , -@@ 28.@@ 455 ]""}]","[{""type"": ""STATE"", ""start"": 12, ""end"": 13, ""text"": ""Điện_Biên""}, {""type"": ""JOBAREA"", ""start"": 32, ""end"": 33, ""text"": ""Thư_ký""}, {""type"": ""NEARBYGPSCOORDINATE"", ""start"": 36, ""end"": 47, ""text"": ""[ -@@ 6@@ 9.@@ 80@@ 14 , -@@ 28.@@ 455 ]""}]",O O O O O O O O O O O O B-STATE O O O O O O O O O O O O O O O O O O O B-JOBTYPE O O O B-NEARBYGPSCOORDINATE I-NEARBYGPSCOORDINATE I-NEARBYGPSCOORDINATE I-NEARBYGPSCOORDINATE I-NEARBYGPSCOORDINATE I-NEARBYGPSCOORDINATE I-NEARBYGPSCOORDINATE I-NEARBYGPSCOORDINATE I-NEARBYGPSCOORDINATE I-NEARBYGPSCOORDINATE I-NEARBYGPSCOORDINATE O,O O O O O O O O O O O O B-STATE O O O O O O O O O O O O O O O O O O O B-JOBAREA O O O B-NEARBYGPSCOORDINATE I-NEARBYGPSCOORDINATE I-NEARBYGPSCOORDINATE I-NEARBYGPSCOORDINATE I-NEARBYGPSCOORDINATE I-NEARBYGPSCOORDINATE I-NEARBYGPSCOORDINATE I-NEARBYGPSCOORDINATE I-NEARBYGPSCOORDINATE I-NEARBYGPSCOORDINATE I-NEARBYGPSCOORDINATE O,0.6666666666666666,"[{""type"": ""STATE"", ""start"": 12, ""end"": 13, ""text"": ""Điện_Biên""}, {""type"": ""JOBTYPE"", ""start"": 32, ""end"": 33, ""text"": ""Thư_ký""}, {""type"": ""NEARBYGPSCOORDINATE"", ""start"": 36, ""end"": 47, ""text"": ""[ -@@ 6@@ 9.@@ 80@@ 14 , -@@ 28.@@ 455 ]""}]","[{""type"": ""STATE"", ""start"": 12, ""end"": 13, ""text"": ""Điện_Biên""}, {""type"": ""JOBAREA"", ""start"": 32, ""end"": 33, ""text"": ""Thư_ký""}, {""type"": ""NEARBYGPSCOORDINATE"", ""start"": 36, ""end"": 47, ""text"": ""[ -@@ 6@@ 9.@@ 80@@ 14 , -@@ 28.@@ 455 ]""}]",O O O O O O O O O O O O B-STATE O O O O O O O O O O O O O O O O O O O B-JOBTYPE O O O B-NEARBYGPSCOORDINATE I-NEARBYGPSCOORDINATE I-NEARBYGPSCOORDINATE I-NEARBYGPSCOORDINATE I-NEARBYGPSCOORDINATE I-NEARBYGPSCOORDINATE I-NEARBYGPSCOORDINATE I-NEARBYGPSCOORDINATE I-NEARBYGPSCOORDINATE I-NEARBYGPSCOORDINATE I-NEARBYGPSCOORDINATE O,O O O O O O O O O O O O B-STATE O O O O O O O O O O O O O O O O O O O B-JOBAREA O O O B-NEARBYGPSCOORDINATE I-NEARBYGPSCOORDINATE I-NEARBYGPSCOORDINATE I-NEARBYGPSCOORDINATE I-NEARBYGPSCOORDINATE I-NEARBYGPSCOORDINATE I-NEARBYGPSCOORDINATE I-NEARBYGPSCOORDINATE I-NEARBYGPSCOORDINATE I-NEARBYGPSCOORDINATE I-NEARBYGPSCOORDINATE O,0.6666666666666666,"[{""type"": ""STATE"", ""start"": 16, ""end"": 18, ""text"": ""▁Điện ▁Biên""}, {""type"": ""JOBTYPE"", ""start"": 45, ""end"": 47, ""text"": ""▁Thư ▁ký""}, {""type"": ""NEARBYGPSCOORDINATE"", ""start"": 51, ""end"": 62, ""text"": ""▁[ - 69 . 80 14 , ▁-2 8.4 55 ]""}]","[{""type"": ""STATE"", ""start"": 16, ""end"": 18, ""text"": ""▁Điện ▁Biên""}, {""type"": ""JOBAREA"", ""start"": 45, ""end"": 47, ""text"": ""▁Thư ▁ký""}, {""type"": ""NEARBYGPSCOORDINATE"", ""start"": 51, ""end"": 62, ""text"": ""▁[ - 69 . 80 14 , ▁-2 8.4 55 ]""}]",O O O O O O O O O O O O O O O O B-STATE I-STATE O O O O O O O O O O O O O O O O O O O O O O O O O O O B-JOBTYPE I-JOBTYPE O O O O B-NEARBYGPSCOORDINATE I-NEARBYGPSCOORDINATE I-NEARBYGPSCOORDINATE I-NEARBYGPSCOORDINATE I-NEARBYGPSCOORDINATE I-NEARBYGPSCOORDINATE I-NEARBYGPSCOORDINATE I-NEARBYGPSCOORDINATE I-NEARBYGPSCOORDINATE I-NEARBYGPSCOORDINATE I-NEARBYGPSCOORDINATE O,O O O O O O O O O O O O O O O O B-STATE I-STATE O O O O O O O O O O O O O O O O O O O O O O O O O O O B-JOBAREA I-JOBAREA O O O O B-NEARBYGPSCOORDINATE I-NEARBYGPSCOORDINATE I-NEARBYGPSCOORDINATE I-NEARBYGPSCOORDINATE I-NEARBYGPSCOORDINATE I-NEARBYGPSCOORDINATE I-NEARBYGPSCOORDINATE I-NEARBYGPSCOORDINATE I-NEARBYGPSCOORDINATE I-NEARBYGPSCOORDINATE I-NEARBYGPSCOORDINATE O
2235,"Chào Anh, chúng tôi đang mong chờ một lô hàng sản phẩm 2648165759368449 vào ngày 07/06/71. Khi lô hàng đến, vui lòng kiểm tra và so sánh với danh sách đơn hàng để đảm bảo rằng tất cả các mặt hàng đều được ghi nhận.",True,0.6666666666666666,"[{""type"": ""FIRSTNAME"", ""start"": 1, ""end"": 2, ""text"": ""Anh""}, {""type"": ""MASKEDNUMBER"", ""start"": 10, ""end"": 19, ""text"": ""26@@ 48@@ 16@@ 5@@ 75@@ 9@@ 36@@ 84@@ 49""}, {""type"": ""DATE"", ""start"": 21, ""end"": 25, ""text"": ""07/@@ 06 / 71""}]","[{""type"": ""PREFIX"", ""start"": 1, ""end"": 2, ""text"": ""Anh""}, {""type"": ""MASKEDNUMBER"", ""start"": 10, ""end"": 19, ""text"": ""26@@ 48@@ 16@@ 5@@ 75@@ 9@@ 36@@ 84@@ 49""}, {""type"": ""DATE"", ""start"": 21, ""end"": 25, ""text"": ""07/@@ 06 / 71""}]",O B-FIRSTNAME O O O O O O O O B-MASKEDNUMBER I-MASKEDNUMBER I-MASKEDNUMBER I-MASKEDNUMBER I-MASKEDNUMBER I-MASKEDNUMBER I-MASKEDNUMBER I-MASKEDNUMBER I-MASKEDNUMBER O O B-DATE I-DATE I-DATE I-DATE O O O O O O O O O O O O O O O O O O O O O O O O,O B-PREFIX O O O O O O O O B-MASKEDNUMBER I-MASKEDNUMBER I-MASKEDNUMBER I-MASKEDNUMBER I-MASKEDNUMBER I-MASKEDNUMBER I-MASKEDNUMBER I-MASKEDNUMBER I-MASKEDNUMBER O O B-DATE I-DATE I-DATE I-DATE O O O O O O O O O O O O O O O O O O O O O O O O,0.6666666666666666,"[{""type"": ""FIRSTNAME"", ""start"": 1, ""end"": 2, ""text"": ""Anh""}, {""type"": ""MASKEDNUMBER"", ""start"": 10, ""end"": 19, ""text"": ""26@@ 48@@ 16@@ 5@@ 75@@ 9@@ 36@@ 84@@ 49""}, {""type"": ""DATE"", ""start"": 21, ""end"": 25, ""text"": ""07/@@ 06 / 71""}]","[{""type"": ""PREFIX"", ""start"": 1, ""end"": 2, ""text"": ""Anh""}, {""type"": ""MASKEDNUMBER"", ""start"": 10, ""end"": 19, ""text"": ""26@@ 48@@ 16@@ 5@@ 75@@ 9@@ 36@@ 84@@ 49""}, {""type"": ""DATE"", ""start"": 21, ""end"": 25, ""text"": ""07/@@ 06 / 71""}]",O B-FIRSTNAME O O O O O O O O B-MASKEDNUMBER I-MASKEDNUMBER I-MASKEDNUMBER I-MASKEDNUMBER I-MASKEDNUMBER I-MASKEDNUMBER I-MASKEDNUMBER I-MASKEDNUMBER I-MASKEDNUMBER O O B-DATE I-DATE I-DATE I-DATE O O O O O O O O O O O O O O O O O O O O O O O O,O B-PREFIX O O O O O O O O B-MASKEDNUMBER I-MASKEDNUMBER I-MASKEDNUMBER I-MASKEDNUMBER I-MASKEDNUMBER I-MASKEDNUMBER I-MASKEDNUMBER I-MASKEDNUMBER I-MASKEDNUMBER O O B-DATE I-DATE I-DATE I-DATE O O O O O O O O O O O O O O O O O O O O O O O O,0.6666666666666666,"[{""type"": ""FIRSTNAME"", ""start"": 1, ""end"": 2, ""text"": ""Anh""}, {""type"": ""MASKEDNUMBER"", ""start"": 10, ""end"": 19, ""text"": ""26@@ 48@@ 16@@ 5@@ 75@@ 9@@ 36@@ 84@@ 49""}, {""type"": ""DATE"", ""start"": 21, ""end"": 25, ""text"": ""07/@@ 06 / 71""}]","[{""type"": ""PREFIX"", ""start"": 1, ""end"": 2, ""text"": ""Anh""}, {""type"": ""MASKEDNUMBER"", ""start"": 10, ""end"": 19, ""text"": ""26@@ 48@@ 16@@ 5@@ 75@@ 9@@ 36@@ 84@@ 49""}, {""type"": ""DATE"", ""start"": 21, ""end"": 25, ""text"": ""07/@@ 06 / 71""}]",O B-FIRSTNAME O O O O O O O O B-MASKEDNUMBER I-MASKEDNUMBER I-MASKEDNUMBER I-MASKEDNUMBER I-MASKEDNUMBER I-MASKEDNUMBER I-MASKEDNUMBER I-MASKEDNUMBER I-MASKEDNUMBER O O B-DATE I-DATE I-DATE I-DATE O O O O O O O O O O O O O O O O O O O O O O O O,O B-PREFIX O O O O O O O O B-MASKEDNUMBER I-MASKEDNUMBER I-MASKEDNUMBER I-MASKEDNUMBER I-MASKEDNUMBER I-MASKEDNUMBER I-MASKEDNUMBER I-MASKEDNUMBER I-MASKEDNUMBER O O B-DATE I-DATE I-DATE I-DATE O O O O O O O O O O O O O O O O O O O O O O O O,0.6666666666666666,"[{""type"": ""FIRSTNAME"", ""start"": 1, ""end"": 2, ""text"": ""▁Anh""}, {""type"": ""MASKEDNUMBER"", ""start"": 13, ""end"": 19, ""text"": ""▁26 481 657 59 368 449""}, {""type"": ""DATE"", ""start"": 21, ""end"": 25, ""text"": ""▁07 /06 / 71""}]","[{""type"": ""PREFIX"", ""start"": 1, ""end"": 2, ""text"": ""▁Anh""}, {""type"": ""MASKEDNUMBER"", ""start"": 13, ""end"": 19, ""text"": ""▁26 481 657 59 368 449""}, {""type"": ""DATE"", ""start"": 21, ""end"": 25, ""text"": ""▁07 /06 / 71""}]",O B-FIRSTNAME O O O O O O O O O O O B-MASKEDNUMBER I-MASKEDNUMBER I-MASKEDNUMBER I-MASKEDNUMBER I-MASKEDNUMBER I-MASKEDNUMBER O O B-DATE I-DATE I-DATE I-DATE O O O O O O O O O O O O O O O O O O O O O O O O O O O O O O O O,O B-PREFIX O O O O O O O O O O O B-MASKEDNUMBER I-MASKEDNUMBER I-MASKEDNUMBER I-MASKEDNUMBER I-MASKEDNUMBER I-MASKEDNUMBER O O B-DATE I-DATE I-DATE I-DATE O O O O O O O O O O O O O O O O O O O O O O O O O O O O O O O O
2237,"Văn, chúng tôi đã nhận được thông tin bảo hiểm của bạn cho buổi kiểm tra sức khỏe của trẻ. Vui lòng xác minh MTHJ9X4R16XT91335 và gửi thông tin chính xác.",True,0.5,"[{""type"": ""MIDDLENAME"", ""start"": 0, ""end"": 1, ""text"": ""Văn""}, {""type"": ""VEHICLEVIN"", ""start"": 20, ""end"": 32, ""text"": ""M@@ TH@@ J@@ 9@@ X@@ 4@@ R@@ 16@@ XT@@ 9@@ 13@@ 35""}]","[{""type"": ""FIRSTNAME"", ""start"": 0, ""end"": 1, ""text"": ""Văn""}, {""type"": ""VEHICLEVIN"", ""start"": 20, ""end"": 32, ""text"": ""M@@ TH@@ J@@ 9@@ X@@ 4@@ R@@ 16@@ XT@@ 9@@ 13@@ 35""}]",B-MIDDLENAME O O O O O O O O O O O O O O O O O O O B-VEHICLEVIN I-VEHICLEVIN I-VEHICLEVIN I-VEHICLEVIN I-VEHICLEVIN I-VEHICLEVIN I-VEHICLEVIN I-VEHICLEVIN I-VEHICLEVIN I-VEHICLEVIN I-VEHICLEVIN I-VEHICLEVIN O O O O O,B-FIRSTNAME O O O O O O O O O O O O O O O O O O O B-VEHICLEVIN I-VEHICLEVIN I-VEHICLEVIN I-VEHICLEVIN I-VEHICLEVIN I-VEHICLEVIN I-VEHICLEVIN I-VEHICLEVIN I-VEHICLEVIN I-VEHICLEVIN I-VEHICLEVIN I-VEHICLEVIN O O O O O,0.5,"[{""type"": ""MIDDLENAME"", ""start"": 0, ""end"": 1, ""text"": ""Văn""}, {""type"": ""VEHICLEVIN"", ""start"": 20, ""end"": 32, ""text"": ""M@@ TH@@ J@@ 9@@ X@@ 4@@ R@@ 16@@ XT@@ 9@@ 13@@ 35""}]","[{""type"": ""FIRSTNAME"", ""start"": 0, ""end"": 1, ""text"": ""Văn""}, {""type"": ""VEHICLEVIN"", ""start"": 20, ""end"": 32, ""text"": ""M@@ TH@@ J@@ 9@@ X@@ 4@@ R@@ 16@@ XT@@ 9@@ 13@@ 35""}]",B-MIDDLENAME O O O O O O O O O O O O O O O O O O O B-VEHICLEVIN I-VEHICLEVIN I-VEHICLEVIN I-VEHICLEVIN I-VEHICLEVIN I-VEHICLEVIN I-VEHICLEVIN I-VEHICLEVIN I-VEHICLEVIN I-VEHICLEVIN I-VEHICLEVIN I-VEHICLEVIN O O O O O,B-FIRSTNAME O O O O O O O O O O O O O O O O O O O B-VEHICLEVIN I-VEHICLEVIN I-VEHICLEVIN I-VEHICLEVIN I-VEHICLEVIN I-VEHICLEVIN I-VEHICLEVIN I-VEHICLEVIN I-VEHICLEVIN I-VEHICLEVIN I-VEHICLEVIN I-VEHICLEVIN O O O O O,0.5,"[{""type"": ""MIDDLENAME"", ""start"": 0, ""end"": 1, ""text"": ""Văn""}, {""type"": ""VEHICLEVIN"", ""start"": 20, ""end"": 32, ""text"": ""M@@ TH@@ J@@ 9@@ X@@ 4@@ R@@ 16@@ XT@@ 9@@ 13@@ 35""}]","[{""type"": ""FIRSTNAME"", ""start"": 0, ""end"": 1, ""text"": ""Văn""}, {""type"": ""VEHICLEVIN"", ""start"": 20, ""end"": 32, ""text"": ""M@@ TH@@ J@@ 9@@ X@@ 4@@ R@@ 16@@ XT@@ 9@@ 13@@ 35""}]",B-MIDDLENAME O O O O O O O O O O O O O O O O O O O B-VEHICLEVIN I-VEHICLEVIN I-VEHICLEVIN I-VEHICLEVIN I-VEHICLEVIN I-VEHICLEVIN I-VEHICLEVIN I-VEHICLEVIN I-VEHICLEVIN I-VEHICLEVIN I-VEHICLEVIN I-VEHICLEVIN O O O O O,B-FIRSTNAME O O O O O O O O O O O O O O O O O O O B-VEHICLEVIN I-VEHICLEVIN I-VEHICLEVIN I-VEHICLEVIN I-VEHICLEVIN I-VEHICLEVIN I-VEHICLEVIN I-VEHICLEVIN I-VEHICLEVIN I-VEHICLEVIN I-VEHICLEVIN I-VEHICLEVIN O O O O O,0.5,"[{""type"": ""MIDDLENAME"", ""start"": 0, ""end"": 1, ""text"": ""▁Văn""}, {""type"": ""VEHICLEVIN"", ""start"": 26, ""end"": 38, ""text"": ""▁M TH J 9 X 4 R 16 XT 9 13 35""}]","[{""type"": ""FIRSTNAME"", ""start"": 0, ""end"": 1, ""text"": ""▁Văn""}, {""type"": ""VEHICLEVIN"", ""start"": 26, ""end"": 38, ""text"": ""▁M TH J 9 X 4 R 16 XT 9 13 35""}]",B-MIDDLENAME O O O O O O O O O O O O O O O O O O O O O O O O O B-VEHICLEVIN I-VEHICLEVIN I-VEHICLEVIN I-VEHICLEVIN I-VEHICLEVIN I-VEHICLEVIN I-VEHICLEVIN I-VEHICLEVIN I-VEHICLEVIN I-VEHICLEVIN I-VEHICLEVIN I-VEHICLEVIN O O O O O O O,B-FIRSTNAME O O O O O O O O O O O O O O O O O O O O O O O O O B-VEHICLEVIN I-VEHICLEVIN I-VEHICLEVIN I-VEHICLEVIN I-VEHICLEVIN I-VEHICLEVIN I-VEHICLEVIN I-VEHICLEVIN I-VEHICLEVIN I-VEHICLEVIN I-VEHICLEVIN I-VEHICLEVIN O O O O O O O
2238,""" Xin chào Khải, Chúng tôi rất vui không thể không để bạn biết rằng bạn đã được chọn để tham gia chiến thuật vọng quốc. Chúng tôi sẽ liên hệ với bạn ngắn hạn qua 33-881707-644288-8. Tình cảm, Giảng viên từ Ngân Việt """,True,0.75,"[{""type"": ""FIRSTNAME"", ""start"": 3, ""end"": 4, ""text"": ""Khải""}, {""type"": ""PHONEIMEI"", ""start"": 31, ""end"": 39, ""text"": ""33-@@ 88@@ 170@@ 7-@@ 64@@ 4@@ 288 -8""}, {""type"": ""JOBTYPE"", ""start"": 42, ""end"": 43, ""text"": ""Giảng_viên""}, {""type"": ""COMPANYNAME"", ""start"": 44, ""end"": 46, ""text"": ""Ngân_@@ Việt""}]","[{""type"": ""FIRSTNAME"", ""start"": 3, ""end"": 4, ""text"": ""Khải""}, {""type"": ""PHONEIMEI"", ""start"": 31, ""end"": 39, ""text"": ""33-@@ 88@@ 170@@ 7-@@ 64@@ 4@@ 288 -8""}, {""type"": ""JOBTITLE"", ""start"": 42, ""end"": 43, ""text"": ""Giảng_viên""}, {""type"": ""COMPANYNAME"", ""start"": 44, ""end"": 46, ""text"": ""Ngân_@@ Việt""}]",O O O B-FIRSTNAME O O O O O O O O O O O O O O O O O O O O O O O O O O O B-PHONEIMEI I-PHONEIMEI I-PHONEIMEI I-PHONEIMEI I-PHONEIMEI I-PHONEIMEI I-PHONEIMEI I-PHONEIMEI O O O B-JOBTYPE O B-COMPANYNAME I-COMPANYNAME O,O O O B-FIRSTNAME O O O O O O O O O O O O O O O O O O O O O O O O O O O B-PHONEIMEI I-PHONEIMEI I-PHONEIMEI I-PHONEIMEI I-PHONEIMEI I-PHONEIMEI I-PHONEIMEI I-PHONEIMEI O O O B-JOBTITLE O B-COMPANYNAME I-COMPANYNAME O,0.75,"[{""type"": ""FIRSTNAME"", ""start"": 3, ""end"": 4, ""text"": ""Khải""}, {""type"": ""PHONEIMEI"", ""start"": 31, ""end"": 39, ""text"": ""33-@@ 88@@ 170@@ 7-@@ 64@@ 4@@ 288 -8""}, {""type"": ""JOBTYPE"", ""start"": 42, ""end"": 43, ""text"": ""Giảng_viên""}, {""type"": ""COMPANYNAME"", ""start"": 44, ""end"": 46, ""text"": ""Ngân_@@ Việt""}]","[{""type"": ""FIRSTNAME"", ""start"": 3, ""end"": 4, ""text"": ""Khải""}, {""type"": ""PHONEIMEI"", ""start"": 31, ""end"": 39, ""text"": ""33-@@ 88@@ 170@@ 7-@@ 64@@ 4@@ 288 -8""}, {""type"": ""JOBTITLE"", ""start"": 42, ""end"": 43, ""text"": ""Giảng_viên""}, {""type"": ""COMPANYNAME"", ""start"": 44, ""end"": 46, ""text"": ""Ngân_@@ Việt""}]",O O O B-FIRSTNAME O O O O O O O O O O O O O O O O O O O O O O O O O O O B-PHONEIMEI I-PHONEIMEI I-PHONEIMEI I-PHONEIMEI I-PHONEIMEI I-PHONEIMEI I-PHONEIMEI I-PHONEIMEI O O O B-JOBTYPE O B-COMPANYNAME I-COMPANYNAME O,O O O B-FIRSTNAME O O O O O O O O O O O O O O O O O O O O O O O O O O O B-PHONEIMEI I-PHONEIMEI I-PHONEIMEI I-PHONEIMEI I-PHONEIMEI I-PHONEIMEI I-PHONEIMEI I-PHONEIMEI O O O B-JOBTITLE O B-COMPANYNAME I-COMPANYNAME O,0.75,"[{""type"": ""FIRSTNAME"", ""start"": 3, ""end"": 4, ""text"": ""Khải""}, {""type"": ""PHONEIMEI"", ""start"": 31, ""end"": 39, ""text"": ""33-@@ 88@@ 170@@ 7-@@ 64@@ 4@@ 288 -8""}, {""type"": ""JOBTYPE"", ""start"": 42, ""end"": 43, ""text"": ""Giảng_viên""}, {""type"": ""COMPANYNAME"", ""start"": 44, ""end"": 46, ""text"": ""Ngân_@@ Việt""}]","[{""type"": ""FIRSTNAME"", ""start"": 3, ""end"": 4, ""text"": ""Khải""}, {""type"": ""PHONEIMEI"", ""start"": 31, ""end"": 39, ""text"": ""33-@@ 88@@ 170@@ 7-@@ 64@@ 4@@ 288 -8""}, {""type"": ""JOBTITLE"", ""start"": 42, ""end"": 43, ""text"": ""Giảng_viên""}, {""type"": ""COMPANYNAME"", ""start"": 44, ""end"": 46, ""text"": ""Ngân_@@ Việt""}]",O O O B-FIRSTNAME O O O O O O O O O O O O O O O O O O O O O O O O O O O B-PHONEIMEI I-PHONEIMEI I-PHONEIMEI I-PHONEIMEI I-PHONEIMEI I-PHONEIMEI I-PHONEIMEI I-PHONEIMEI O O O B-JOBTYPE O B-COMPANYNAME I-COMPANYNAME O,O O O B-FIRSTNAME O O O O O O O O O O O O O O O O O O O O O O O O O O O B-PHONEIMEI I-PHONEIMEI I-PHONEIMEI I-PHONEIMEI I-PHONEIMEI I-PHONEIMEI I-PHONEIMEI I-PHONEIMEI O O O B-JOBTITLE O B-COMPANYNAME I-COMPANYNAME O,0.75,"[{""type"": ""FIRSTNAME"", ""start"": 3, ""end"": 5, ""text"": ""▁Khả i""}, {""type"": ""PHONEIMEI"", ""start"": 39, ""end"": 47, ""text"": ""▁3 3-8 81 707 - 644 288 -8""}, {""type"": ""JOBTYPE"", ""start"": 51, ""end"": 54, ""text"": ""▁Giả ng ▁viên""}, {""type"": ""COMPANYNAME"", ""start"": 55, ""end"": 57, ""text"": ""▁Ngân ▁Việt""}]","[{""type"": ""FIRSTNAME"", ""start"": 3, ""end"": 5, ""text"": ""▁Khả i""}, {""type"": ""PHONEIMEI"", ""start"": 39, ""end"": 47, ""text"": ""▁3 3-8 81 707 - 644 288 -8""}, {""type"": ""JOBTITLE"", ""start"": 51, ""end"": 54, ""text"": ""▁Giả ng ▁viên""}, {""type"": ""COMPANYNAME"", ""start"": 55, ""end"": 57, ""text"": ""▁Ngân ▁Việt""}]",O O O B-FIRSTNAME I-FIRSTNAME O O O O O O O O O O O O O O O O O O O O O O O O O O O O O O O O O O B-PHONEIMEI I-PHONEIMEI I-PHONEIMEI I-PHONEIMEI I-PHONEIMEI I-PHONEIMEI I-PHONEIMEI I-PHONEIMEI O O O O B-JOBTYPE I-JOBTYPE I-JOBTYPE O B-COMPANYNAME I-COMPANYNAME O,O O O B-FIRSTNAME I-FIRSTNAME O O O O O O O O O O O O O O O O O O O O O O O O O O O O O O O O O O B-PHONEIMEI I-PHONEIMEI I-PHONEIMEI I-PHONEIMEI I-PHONEIMEI I-PHONEIMEI I-PHONEIMEI I-PHONEIMEI O O O O B-JOBTITLE I-JOBTITLE I-JOBTITLE O B-COMPANYNAME I-COMPANYNAME O
2281,"Một trường hợp nghi ngờ đạo văn được báo cáo vào ngày Ngày 7 tháng Bảy năm 2006 hiện đang được điều tra, nghi phạm là một Phó phòng.",True,0.0,"[{""type"": ""DOB"", ""start"": 9, ""end"": 15, ""text"": ""Ngày 7 tháng Bảy năm 2006""}, {""type"": ""JOBTYPE"", ""start"": 24, ""end"": 26, ""text"": ""Phó phòng""}]","[{""type"": ""DATE"", ""start"": 9, ""end"": 15, ""text"": ""Ngày 7 tháng Bảy năm 2006""}, {""type"": ""JOBTITLE"", ""start"": 24, ""end"": 26, ""text"": ""Phó phòng""}]",O O O O O O O O O B-DOB I-DOB I-DOB I-DOB I-DOB I-DOB O O O O O O O O O B-JOBTYPE I-JOBTYPE O,O O O O O O O O O B-DATE I-DATE I-DATE I-DATE I-DATE I-DATE O O O O O O O O O B-JOBTITLE I-JOBTITLE O,0.0,"[{""type"": ""DOB"", ""start"": 9, ""end"": 15, ""text"": ""Ngày 7 tháng Bảy năm 2006""}, {""type"": ""JOBTYPE"", ""start"": 24, ""end"": 26, ""text"": ""Phó phòng""}]","[{""type"": ""DATE"", ""start"": 9, ""end"": 15, ""text"": ""Ngày 7 tháng Bảy năm 2006""}, {""type"": ""JOBTITLE"", ""start"": 24, ""end"": 26, ""text"": ""Phó phòng""}]",O O O O O O O O O B-DOB I-DOB I-DOB I-DOB I-DOB I-DOB O O O O O O O O O B-JOBTYPE I-JOBTYPE O,O O O O O O O O O B-DATE I-DATE I-DATE I-DATE I-DATE I-DATE O O O O O O O O O B-JOBTITLE I-JOBTITLE O,0.5,"[{""type"": ""DOB"", ""start"": 9, ""end"": 15, ""text"": ""Ngày 7 tháng Bảy năm 2006""}, {""type"": ""JOBTYPE"", ""start"": 24, ""end"": 26, ""text"": ""Phó phòng""}]","[{""type"": ""DOB"", ""start"": 9, ""end"": 15, ""text"": ""Ngày 7 tháng Bảy năm 2006""}, {""type"": ""JOBTITLE"", ""start"": 24, ""end"": 26, ""text"": ""Phó phòng""}]",O O O O O O O O O B-DOB I-DOB I-DOB I-DOB I-DOB I-DOB O O O O O O O O O B-JOBTYPE I-JOBTYPE O,O O O O O O O O O B-DOB I-DOB I-DOB I-DOB I-DOB I-DOB O O O O O O O O O B-JOBTITLE I-JOBTITLE O,0.0,"[{""type"": ""DOB"", ""start"": 12, ""end"": 20, ""text"": ""▁Ngày ▁7 ▁tháng ▁B ả y ▁năm ▁2006""}, {""type"": ""JOBTYPE"", ""start"": 30, ""end"": 32, ""text"": ""▁Phó ▁phòng""}]","[{""type"": ""DATE"", ""start"": 12, ""end"": 20, ""text"": ""▁Ngày ▁7 ▁tháng ▁B ả y ▁năm ▁2006""}, {""type"": ""JOBTITLE"", ""start"": 30, ""end"": 32, ""text"": ""▁Phó ▁phòng""}]",O O O O O O O O O O O O B-DOB I-DOB I-DOB I-DOB I-DOB I-DOB I-DOB I-DOB O O O O O O O O O O B-JOBTYPE I-JOBTYPE O,O O O O O O O O O O O O B-DATE I-DATE I-DATE I-DATE I-DATE I-DATE I-DATE I-DATE O O O O O O O O O O B-JOBTITLE I-JOBTITLE O
2286,"Chúng ta đang định hướng thử thách ảnh sáng khám bệnh của bạn lúc ngày 19 tháng 5 năm 1974 giờ 21 giờ 30. Phí tổng sẽ là đ 378.38k, bạn vui lòng xác nhận với bạn Nhà phát triển.",True,0.7272727272727272,"[{""type"": ""DOB"", ""start"": 11, ""end"": 17, ""text"": ""ngày 19 tháng 5 năm 1974""}, {""type"": ""TIME"", ""start"": 18, ""end"": 21, ""text"": ""21 giờ 30""}, {""type"": ""CURRENCYSYMBOL"", ""start"": 26, ""end"": 27, ""text"": ""đ""}, {""type"": ""AMOUNT"", ""start"": 27, ""end"": 31, ""text"": ""37@@ 8.@@ 38 k""}, {""type"": ""JOBTITLE"", ""start"": 37, ""end"": 39, ""text"": ""Nhà_@@ phát_triển""}]","[{""type"": ""DATE"", ""start"": 11, ""end"": 17, ""text"": ""ngày 19 tháng 5 năm 1974""}, {""type"": ""TIME"", ""start"": 17, ""end"": 18, ""text"": ""giờ""}, {""type"": ""TIME"", ""start"": 18, ""end"": 21, ""text"": ""21 giờ 30""}, {""type"": ""CURRENCYSYMBOL"", ""start"": 26, ""end"": 27, ""text"": ""đ""}, {""type"": ""AMOUNT"", ""start"": 27, ""end"": 31, ""text"": ""37@@ 8.@@ 38 k""}, {""type"": ""JOBTITLE"", ""start"": 37, ""end"": 39, ""text"": ""Nhà_@@ phát_triển""}]",O O O O O O O O O O O B-DOB I-DOB I-DOB I-DOB I-DOB I-DOB O B-TIME I-TIME I-TIME O O O O O B-CURRENCYSYMBOL B-AMOUNT I-AMOUNT I-AMOUNT I-AMOUNT O O O O O O B-JOBTITLE I-JOBTITLE O,O O O O O O O O O O O B-DATE I-DATE I-DATE I-DATE I-DATE I-DATE I-TIME B-TIME I-TIME I-TIME O O O O O B-CURRENCYSYMBOL B-AMOUNT I-AMOUNT I-AMOUNT I-AMOUNT O O O O O O B-JOBTITLE I-JOBTITLE O,0.6,"[{""type"": ""DOB"", ""start"": 11, ""end"": 17, ""text"": ""ngày 19 tháng 5 năm 1974""}, {""type"": ""TIME"", ""start"": 18, ""end"": 21, ""text"": ""21 giờ 30""}, {""type"": ""CURRENCYSYMBOL"", ""start"": 26, ""end"": 27, ""text"": ""đ""}, {""type"": ""AMOUNT"", ""start"": 27, ""end"": 31, ""text"": ""37@@ 8.@@ 38 k""}, {""type"": ""JOBTITLE"", ""start"": 37, ""end"": 39, ""text"": ""Nhà_@@ phát_triển""}]","[{""type"": ""DATE"", ""start"": 11, ""end"": 16, ""text"": ""ngày 19 tháng 5 năm""}, {""type"": ""TIME"", ""start"": 16, ""end"": 21, ""text"": ""1974 giờ 21 giờ 30""}, {""type"": ""CURRENCYSYMBOL"", ""start"": 26, ""end"": 27, ""text"": ""đ""}, {""type"": ""AMOUNT"", ""start"": 27, ""end"": 31, ""text"": ""37@@ 8.@@ 38 k""}, {""type"": ""JOBTITLE"", ""start"": 37, ""end"": 39, ""text"": ""Nhà_@@ phát_triển""}]",O O O O O O O O O O O B-DOB I-DOB I-DOB I-DOB I-DOB I-DOB O B-TIME I-TIME I-TIME O O O O O B-CURRENCYSYMBOL B-AMOUNT I-AMOUNT I-AMOUNT I-AMOUNT O O O O O O B-JOBTITLE I-JOBTITLE O,O O O O O O O O O O O B-DATE I-DATE I-DATE I-DATE I-DATE B-TIME I-TIME I-TIME I-TIME I-TIME O O O O O B-CURRENCYSYMBOL B-AMOUNT I-AMOUNT I-AMOUNT I-AMOUNT O O O O O O B-JOBTITLE I-JOBTITLE O,0.8000000000000002,"[{""type"": ""DOB"", ""start"": 11, ""end"": 17, ""text"": ""ngày 19 tháng 5 năm 1974""}, {""type"": ""TIME"", ""start"": 18, ""end"": 21, ""text"": ""21 giờ 30""}, {""type"": ""CURRENCYSYMBOL"", ""start"": 26, ""end"": 27, ""text"": ""đ""}, {""type"": ""AMOUNT"", ""start"": 27, ""end"": 31, ""text"": ""37@@ 8.@@ 38 k""}, {""type"": ""JOBTITLE"", ""start"": 37, ""end"": 39, ""text"": ""Nhà_@@ phát_triển""}]","[{""type"": ""DATE"", ""start"": 11, ""end"": 17, ""text"": ""ngày 19 tháng 5 năm 1974""}, {""type"": ""TIME"", ""start"": 18, ""end"": 21, ""text"": ""21 giờ 30""}, {""type"": ""CURRENCYSYMBOL"", ""start"": 26, ""end"": 27, ""text"": ""đ""}, {""type"": ""AMOUNT"", ""start"": 27, ""end"": 31, ""text"": ""37@@ 8.@@ 38 k""}, {""type"": ""JOBTITLE"", ""start"": 37, ""end"": 39, ""text"": ""Nhà_@@ phát_triển""}]",O O O O O O O O O O O B-DOB I-DOB I-DOB I-DOB I-DOB I-DOB O B-TIME I-TIME I-TIME O O O O O B-CURRENCYSYMBOL B-AMOUNT I-AMOUNT I-AMOUNT I-AMOUNT O O O O O O B-JOBTITLE I-JOBTITLE O,O O O O O O O O O O O B-DATE I-DATE I-DATE I-DATE I-DATE I-DATE O B-TIME I-TIME I-TIME O O O O O B-CURRENCYSYMBOL B-AMOUNT I-AMOUNT I-AMOUNT I-AMOUNT O O O O O O B-JOBTITLE I-JOBTITLE O,0.8333333333333334,"[{""type"": ""DOB"", ""start"": 14, ""end"": 20, ""text"": ""▁ngày ▁19 ▁tháng ▁5 ▁năm ▁1974""}, {""type"": ""TIME"", ""start"": 21, ""end"": 24, ""text"": ""▁21 ▁giờ ▁30""}, {""type"": ""CURRENCYSYMBOL"", ""start"": 29, ""end"": 30, ""text"": ""▁đ""}, {""type"": ""AMOUNT"", ""start"": 30, ""end"": 31, ""text"": ""▁""}, {""type"": ""AMOUNT"", ""start"": 31, ""end"": 35, ""text"": ""378 . 38 k""}, {""type"": ""JOBTITLE"", ""start"": 43, ""end"": 46, ""text"": ""▁Nhà ▁phát ▁triển""}]","[{""type"": ""DATE"", ""start"": 14, ""end"": 20, ""text"": ""▁ngày ▁19 ▁tháng ▁5 ▁năm ▁1974""}, {""type"": ""TIME"", ""start"": 21, ""end"": 24, ""text"": ""▁21 ▁giờ ▁30""}, {""type"": ""CURRENCYSYMBOL"", ""start"": 29, ""end"": 30, ""text"": ""▁đ""}, {""type"": ""AMOUNT"", ""start"": 30, ""end"": 31, ""text"": ""▁""}, {""type"": ""AMOUNT"", ""start"": 31, ""end"": 35, ""text"": ""378 . 38 k""}, {""type"": ""JOBTITLE"", ""start"": 43, ""end"": 46, ""text"": ""▁Nhà ▁phát ▁triển""}]",O O O O O O O O O O O O O O B-DOB I-DOB I-DOB I-DOB I-DOB I-DOB O B-TIME I-TIME I-TIME O O O O O B-CURRENCYSYMBOL B-AMOUNT B-AMOUNT I-AMOUNT I-AMOUNT I-AMOUNT O O O O O O O O B-JOBTITLE I-JOBTITLE I-JOBTITLE O,O O O O O O O O O O O O O O B-DATE I-DATE I-DATE I-DATE I-DATE I-DATE O B-TIME I-TIME I-TIME O O O O O B-CURRENCYSYMBOL B-AMOUNT B-AMOUNT I-AMOUNT I-AMOUNT I-AMOUNT O O O O O O O O B-JOBTITLE I-JOBTITLE I-JOBTITLE O
2289,"Xin chào, tôi là Garrick13 từ phòng kiểm tra. Xác nhận lịch kiểm tra của bạn lần này trên 20-07-1995. Hãy sử dụng bảng điều khiển để theo dõi tiến độ.",True,0.5,"[{""type"": ""USERNAME"", ""start"": 5, ""end"": 9, ""text"": ""Gar@@ ri@@ ck@@ 13""}, {""type"": ""DOB"", ""start"": 21, ""end"": 25, ""text"": ""20-@@ 0@@ 7-@@ 1995""}]","[{""type"": ""USERNAME"", ""start"": 5, ""end"": 9, ""text"": ""Gar@@ ri@@ ck@@ 13""}, {""type"": ""DATE"", ""start"": 21, ""end"": 25, ""text"": ""20-@@ 0@@ 7-@@ 1995""}]",O O O O O B-USERNAME I-USERNAME I-USERNAME I-USERNAME O O O O O O O O O O O O B-DOB I-DOB I-DOB I-DOB O O O O O O O O O,O O O O O B-USERNAME I-USERNAME I-USERNAME I-USERNAME O O O O O O O O O O O O B-DATE I-DATE I-DATE I-DATE O O O O O O O O O,0.5,"[{""type"": ""USERNAME"", ""start"": 5, ""end"": 9, ""text"": ""Gar@@ ri@@ ck@@ 13""}, {""type"": ""DOB"", ""start"": 21, ""end"": 25, ""text"": ""20-@@ 0@@ 7-@@ 1995""}]","[{""type"": ""USERNAME"", ""start"": 5, ""end"": 9, ""text"": ""Gar@@ ri@@ ck@@ 13""}, {""type"": ""DATE"", ""start"": 21, ""end"": 25, ""text"": ""20-@@ 0@@ 7-@@ 1995""}]",O O O O O B-USERNAME I-USERNAME I-USERNAME I-USERNAME O O O O O O O O O O O O B-DOB I-DOB I-DOB I-DOB O O O O O O O O O,O O O O O B-USERNAME I-USERNAME I-USERNAME I-USERNAME O O O O O O O O O O O O B-DATE I-DATE I-DATE I-DATE O O O O O O O O O,0.5,"[{""type"": ""USERNAME"", ""start"": 5, ""end"": 9, ""text"": ""Gar@@ ri@@ ck@@ 13""}, {""type"": ""DOB"", ""start"": 21, ""end"": 25, ""text"": ""20-@@ 0@@ 7-@@ 1995""}]","[{""type"": ""USERNAME"", ""start"": 5, ""end"": 9, ""text"": ""Gar@@ ri@@ ck@@ 13""}, {""type"": ""DATE"", ""start"": 21, ""end"": 25, ""text"": ""20-@@ 0@@ 7-@@ 1995""}]",O O O O O B-USERNAME I-USERNAME I-USERNAME I-USERNAME O O O O O O O O O O O O B-DOB I-DOB I-DOB I-DOB O O O O O O O O O,O O O O O B-USERNAME I-USERNAME I-USERNAME I-USERNAME O O O O O O O O O O O O B-DATE I-DATE I-DATE I-DATE O O O O O O O O O,0.5,"[{""type"": ""USERNAME"", ""start"": 5, ""end"": 8, ""text"": ""▁Gar rick 13""}, {""type"": ""DOB"", ""start"": 24, ""end"": 27, ""text"": ""▁20 -07- 1995""}]","[{""type"": ""USERNAME"", ""start"": 5, ""end"": 8, ""text"": ""▁Gar rick 13""}, {""type"": ""DATE"", ""start"": 24, ""end"": 27, ""text"": ""▁20 -07- 1995""}]",O O O O O B-USERNAME I-USERNAME I-USERNAME O O O O O O O O O O O O O O O O B-DOB I-DOB I-DOB O O O O O O O O O O O O O,O O O O O B-USERNAME I-USERNAME I-USERNAME O O O O O O O O O O O O O O O O B-DATE I-DATE I-DATE O O O O O O O O O O O O O
2292,"Quyết, bạn học của bạn Nữ cần sự trợ giúp của bạn với bài đánh giá. Buổi họp nên diễn ra tại 295 Hẻm 752 Trần Hưng Đạo. Xin hãy giúp đỡ.",True,0.75,"[{""type"": ""FIRSTNAME"", ""start"": 0, ""end"": 1, ""text"": ""Quyết""}, {""type"": ""FIRSTNAME"", ""start"": 6, ""end"": 7, ""text"": ""Nữ""}, {""type"": ""BUILDINGNUMBER"", ""start"": 22, ""end"": 23, ""text"": ""295""}, {""type"": ""STREET"", ""start"": 23, ""end"": 26, ""text"": ""Hẻm 752 Trần_Hưng_Đạo""}]","[{""type"": ""FIRSTNAME"", ""start"": 0, ""end"": 1, ""text"": ""Quyết""}, {""type"": ""SEX"", ""start"": 6, ""end"": 7, ""text"": ""Nữ""}, {""type"": ""BUILDINGNUMBER"", ""start"": 22, ""end"": 23, ""text"": ""295""}, {""type"": ""STREET"", ""start"": 23, ""end"": 26, ""text"": ""Hẻm 752 Trần_Hưng_Đạo""}]",B-FIRSTNAME O O O O O B-FIRSTNAME O O O O O O O O O O O O O O O B-BUILDINGNUMBER B-STREET I-STREET I-STREET O O O O O,B-FIRSTNAME O O O O O B-SEX O O O O O O O O O O O O O O O B-BUILDINGNUMBER B-STREET I-STREET I-STREET O O O O O,0.75,"[{""type"": ""FIRSTNAME"", ""start"": 0, ""end"": 1, ""text"": ""Quyết""}, {""type"": ""FIRSTNAME"", ""start"": 6, ""end"": 7, ""text"": ""Nữ""}, {""type"": ""BUILDINGNUMBER"", ""start"": 22, ""end"": 23, ""text"": ""295""}, {""type"": ""STREET"", ""start"": 23, ""end"": 26, ""text"": ""Hẻm 752 Trần_Hưng_Đạo""}]","[{""type"": ""FIRSTNAME"", ""start"": 0, ""end"": 1, ""text"": ""Quyết""}, {""type"": ""SEX"", ""start"": 6, ""end"": 7, ""text"": ""Nữ""}, {""type"": ""BUILDINGNUMBER"", ""start"": 22, ""end"": 23, ""text"": ""295""}, {""type"": ""STREET"", ""start"": 23, ""end"": 26, ""text"": ""Hẻm 752 Trần_Hưng_Đạo""}]",B-FIRSTNAME O O O O O B-FIRSTNAME O O O O O O O O O O O O O O O B-BUILDINGNUMBER B-STREET I-STREET I-STREET O O O O O,B-FIRSTNAME O O O O O B-SEX O O O O O O O O O O O O O O O B-BUILDINGNUMBER B-STREET I-STREET I-STREET O O O O O,0.75,"[{""type"": ""FIRSTNAME"", ""start"": 0, ""end"": 1, ""text"": ""Quyết""}, {""type"": ""FIRSTNAME"", ""start"": 6, ""end"": 7, ""text"": ""Nữ""}, {""type"": ""BUILDINGNUMBER"", ""start"": 22, ""end"": 23, ""text"": ""295""}, {""type"": ""STREET"", ""start"": 23, ""end"": 26, ""text"": ""Hẻm 752 Trần_Hưng_Đạo""}]","[{""type"": ""FIRSTNAME"", ""start"": 0, ""end"": 1, ""text"": ""Quyết""}, {""type"": ""SEX"", ""start"": 6, ""end"": 7, ""text"": ""Nữ""}, {""type"": ""BUILDINGNUMBER"", ""start"": 22, ""end"": 23, ""text"": ""295""}, {""type"": ""STREET"", ""start"": 23, ""end"": 26, ""text"": ""Hẻm 752 Trần_Hưng_Đạo""}]",B-FIRSTNAME O O O O O B-FIRSTNAME O O O O O O O O O O O O O O O B-BUILDINGNUMBER B-STREET I-STREET I-STREET O O O O O,B-FIRSTNAME O O O O O B-SEX O O O O O O O O O O O O O O O B-BUILDINGNUMBER B-STREET I-STREET I-STREET O O O O O,0.75,"[{""type"": ""FIRSTNAME"", ""start"": 0, ""end"": 1, ""text"": ""▁Quyết""}, {""type"": ""FIRSTNAME"", ""start"": 6, ""end"": 7, ""text"": ""▁Nữ""}, {""type"": ""BUILDINGNUMBER"", ""start"": 25, ""end"": 27, ""text"": ""▁2 95""}, {""type"": ""STREET"", ""start"": 27, ""end"": 35, ""text"": ""▁H ẻ m ▁75 2 ▁Trần ▁Hưng ▁Đạo""}]","[{""type"": ""FIRSTNAME"", ""start"": 0, ""end"": 1, ""text"": ""▁Quyết""}, {""type"": ""SEX"", ""start"": 6, ""end"": 7, ""text"": ""▁Nữ""}, {""type"": ""BUILDINGNUMBER"", ""start"": 25, ""end"": 27, ""text"": ""▁2 95""}, {""type"": ""STREET"", ""start"": 27, ""end"": 35, ""text"": ""▁H ẻ m ▁75 2 ▁Trần ▁Hưng ▁Đạo""}]",B-FIRSTNAME O O O O O B-FIRSTNAME O O O O O O O O O O O O O O O O O O B-BUILDINGNUMBER I-BUILDINGNUMBER B-STREET I-STREET I-STREET I-STREET I-STREET I-STREET I-STREET I-STREET O O O O O O,B-FIRSTNAME O O O O O B-SEX O O O O O O O O O O O O O O O O O O B-BUILDINGNUMBER I-BUILDINGNUMBER B-STREET I-STREET I-STREET I-STREET I-STREET I-STREET I-STREET I-STREET O O O O O O
2315,"Trong ca trực khẩn cấp, chúng tôi đã điều trị cho một nạn nhân nam bị tai nạn ô tô. Số VIN của phương tiện là ZVSECFZAGNC650937. Vui lòng gọi cho viên chức Ngân để biết thêm chi tiết về sự cố.",True,0.8,"[{""type"": ""VEHICLEVIN"", ""start"": 22, ""end"": 32, ""text"": ""Z@@ V@@ SE@@ CF@@ Z@@ AG@@ NC 650@@ 9@@ 37""}, {""type"": ""FIRSTNAME"", ""start"": 38, ""end"": 39, ""text"": ""Ngân""}]","[{""type"": ""GENDER"", ""start"": 11, ""end"": 12, ""text"": ""nam""}, {""type"": ""VEHICLEVIN"", ""start"": 22, ""end"": 32, ""text"": ""Z@@ V@@ SE@@ CF@@ Z@@ AG@@ NC 650@@ 9@@ 37""}, {""type"": ""FIRSTNAME"", ""start"": 38, ""end"": 39, ""text"": ""Ngân""}]",O O O O O O O O O O O O O O O O O O O O O O B-VEHICLEVIN I-VEHICLEVIN I-VEHICLEVIN I-VEHICLEVIN I-VEHICLEVIN I-VEHICLEVIN I-VEHICLEVIN I-VEHICLEVIN I-VEHICLEVIN I-VEHICLEVIN O O O O O O B-FIRSTNAME O O O O O O O,O O O O O O O O O O O B-GENDER O O O O O O O O O O B-VEHICLEVIN I-VEHICLEVIN I-VEHICLEVIN I-VEHICLEVIN I-VEHICLEVIN I-VEHICLEVIN I-VEHICLEVIN I-VEHICLEVIN I-VEHICLEVIN I-VEHICLEVIN O O O O O O B-FIRSTNAME O O O O O O O,0.8,"[{""type"": ""VEHICLEVIN"", ""start"": 22, ""end"": 32, ""text"": ""Z@@ V@@ SE@@ CF@@ Z@@ AG@@ NC 650@@ 9@@ 37""}, {""type"": ""FIRSTNAME"", ""start"": 38, ""end"": 39, ""text"": ""Ngân""}]","[{""type"": ""GENDER"", ""start"": 11, ""end"": 12, ""text"": ""nam""}, {""type"": ""VEHICLEVIN"", ""start"": 22, ""end"": 32, ""text"": ""Z@@ V@@ SE@@ CF@@ Z@@ AG@@ NC 650@@ 9@@ 37""}, {""type"": ""FIRSTNAME"", ""start"": 38, ""end"": 39, ""text"": ""Ngân""}]",O O O O O O O O O O O O O O O O O O O O O O B-VEHICLEVIN I-VEHICLEVIN I-VEHICLEVIN I-VEHICLEVIN I-VEHICLEVIN I-VEHICLEVIN I-VEHICLEVIN I-VEHICLEVIN I-VEHICLEVIN I-VEHICLEVIN O O O O O O B-FIRSTNAME O O O O O O O,O O O O O O O O O O O B-GENDER O O O O O O O O O O B-VEHICLEVIN I-VEHICLEVIN I-VEHICLEVIN I-VEHICLEVIN I-VEHICLEVIN I-VEHICLEVIN I-VEHICLEVIN I-VEHICLEVIN I-VEHICLEVIN I-VEHICLEVIN O O O O O O B-FIRSTNAME O O O O O O O,0.8,"[{""type"": ""VEHICLEVIN"", ""start"": 22, ""end"": 32, ""text"": ""Z@@ V@@ SE@@ CF@@ Z@@ AG@@ NC 650@@ 9@@ 37""}, {""type"": ""FIRSTNAME"", ""start"": 38, ""end"": 39, ""text"": ""Ngân""}]","[{""type"": ""GENDER"", ""start"": 11, ""end"": 12, ""text"": ""nam""}, {""type"": ""VEHICLEVIN"", ""start"": 22, ""end"": 32, ""text"": ""Z@@ V@@ SE@@ CF@@ Z@@ AG@@ NC 650@@ 9@@ 37""}, {""type"": ""FIRSTNAME"", ""start"": 38, ""end"": 39, ""text"": ""Ngân""}]",O O O O O O O O O O O O O O O O O O O O O O B-VEHICLEVIN I-VEHICLEVIN I-VEHICLEVIN I-VEHICLEVIN I-VEHICLEVIN I-VEHICLEVIN I-VEHICLEVIN I-VEHICLEVIN I-VEHICLEVIN I-VEHICLEVIN O O O O O O B-FIRSTNAME O O O O O O O,O O O O O O O O O O O B-GENDER O O O O O O O O O O B-VEHICLEVIN I-VEHICLEVIN I-VEHICLEVIN I-VEHICLEVIN I-VEHICLEVIN I-VEHICLEVIN I-VEHICLEVIN I-VEHICLEVIN I-VEHICLEVIN I-VEHICLEVIN O O O O O O B-FIRSTNAME O O O O O O O,0.8,"[{""type"": ""VEHICLEVIN"", ""start"": 29, ""end"": 38, ""text"": ""▁Z VS EC FZ AG NC 65 09 37""}, {""type"": ""FIRSTNAME"", ""start"": 45, ""end"": 46, ""text"": ""▁Ngân""}]","[{""type"": ""GENDER"", ""start"": 15, ""end"": 16, ""text"": ""▁nam""}, {""type"": ""VEHICLEVIN"", ""start"": 29, ""end"": 38, ""text"": ""▁Z VS EC FZ AG NC 65 09 37""}, {""type"": ""FIRSTNAME"", ""start"": 45, ""end"": 46, ""text"": ""▁Ngân""}]",O O O O O O O O O O O O O O O O O O O O O O O O O O O O O B-VEHICLEVIN I-VEHICLEVIN I-VEHICLEVIN I-VEHICLEVIN I-VEHICLEVIN I-VEHICLEVIN I-VEHICLEVIN I-VEHICLEVIN I-VEHICLEVIN O O O O O O O B-FIRSTNAME O O O O O O O O O,O O O O O O O O O O O O O O O B-GENDER O O O O O O O O O O O O O B-VEHICLEVIN I-VEHICLEVIN I-VEHICLEVIN I-VEHICLEVIN I-VEHICLEVIN I-VEHICLEVIN I-VEHICLEVIN I-VEHICLEVIN I-VEHICLEVIN O O O O O O O B-FIRSTNAME O O O O O O O O O
2425,"Kỹ sư Hưng quý vị, chúng tôi cần ý kiến chuyên nghiệp của bạn về việc sửa đổi chính sách bảo hộ dược phẩm cho Bến Lức, để tạo ra một cuộc sống học hỏa hơn cho Quản đốc. Hãy đối tác với chúng tôi để xây dựng một tương lai học hỏa hơn.",True,0.75,"[{""type"": ""JOBTITLE"", ""start"": 0, ""end"": 1, ""text"": ""Kỹ_sư""}, {""type"": ""FIRSTNAME"", ""start"": 1, ""end"": 2, ""text"": ""Hưng""}, {""type"": ""COMPANYNAME"", ""start"": 17, ""end"": 18, ""text"": ""Bến_Lức""}, {""type"": ""JOBTYPE"", ""start"": 28, ""end"": 30, ""text"": ""Quản_@@ đốc""}]","[{""type"": ""PREFIX"", ""start"": 0, ""end"": 1, ""text"": ""Kỹ_sư""}, {""type"": ""FIRSTNAME"", ""start"": 1, ""end"": 2, ""text"": ""Hưng""}, {""type"": ""COMPANYNAME"", ""start"": 17, ""end"": 18, ""text"": ""Bến_Lức""}, {""type"": ""JOBTYPE"", ""start"": 28, ""end"": 30, ""text"": ""Quản_@@ đốc""}]",B-JOBTITLE B-FIRSTNAME O O O O O O O O O O O O O O O B-COMPANYNAME O O O O O O O O O O B-JOBTYPE I-JOBTYPE O O O O O O O O O O O O O O,B-PREFIX B-FIRSTNAME O O O O O O O O O O O O O O O B-COMPANYNAME O O O O O O O O O O B-JOBTYPE I-JOBTYPE O O O O O O O O O O O O O O,0.75,"[{""type"": ""JOBTITLE"", ""start"": 0, ""end"": 1, ""text"": ""Kỹ_sư""}, {""type"": ""FIRSTNAME"", ""start"": 1, ""end"": 2, ""text"": ""Hưng""}, {""type"": ""COMPANYNAME"", ""start"": 17, ""end"": 18, ""text"": ""Bến_Lức""}, {""type"": ""JOBTYPE"", ""start"": 28, ""end"": 30, ""text"": ""Quản_@@ đốc""}]","[{""type"": ""PREFIX"", ""start"": 0, ""end"": 1, ""text"": ""Kỹ_sư""}, {""type"": ""FIRSTNAME"", ""start"": 1, ""end"": 2, ""text"": ""Hưng""}, {""type"": ""COMPANYNAME"", ""start"": 17, ""end"": 18, ""text"": ""Bến_Lức""}, {""type"": ""JOBTYPE"", ""start"": 28, ""end"": 30, ""text"": ""Quản_@@ đốc""}]",B-JOBTITLE B-FIRSTNAME O O O O O O O O O O O O O O O B-COMPANYNAME O O O O O O O O O O B-JOBTYPE I-JOBTYPE O O O O O O O O O O O O O O,B-PREFIX B-FIRSTNAME O O O O O O O O O O O O O O O B-COMPANYNAME O O O O O O O O O O B-JOBTYPE I-JOBTYPE O O O O O O O O O O O O O O,0.75,"[{""type"": ""JOBTITLE"", ""start"": 0, ""end"": 1, ""text"": ""Kỹ_sư""}, {""type"": ""FIRSTNAME"", ""start"": 1, ""end"": 2, ""text"": ""Hưng""}, {""type"": ""COMPANYNAME"", ""start"": 17, ""end"": 18, ""text"": ""Bến_Lức""}, {""type"": ""JOBTYPE"", ""start"": 28, ""end"": 30, ""text"": ""Quản_@@ đốc""}]","[{""type"": ""PREFIX"", ""start"": 0, ""end"": 1, ""text"": ""Kỹ_sư""}, {""type"": ""FIRSTNAME"", ""start"": 1, ""end"": 2, ""text"": ""Hưng""}, {""type"": ""COMPANYNAME"", ""start"": 17, ""end"": 18, ""text"": ""Bến_Lức""}, {""type"": ""JOBTYPE"", ""start"": 28, ""end"": 30, ""text"": ""Quản_@@ đốc""}]",B-JOBTITLE B-FIRSTNAME O O O O O O O O O O O O O O O B-COMPANYNAME O O O O O O O O O O B-JOBTYPE I-JOBTYPE O O O O O O O O O O O O O O,B-PREFIX B-FIRSTNAME O O O O O O O O O O O O O O O B-COMPANYNAME O O O O O O O O O O B-JOBTYPE I-JOBTYPE O O O O O O O O O O O O O O,0.75,"[{""type"": ""JOBTITLE"", ""start"": 0, ""end"": 2, ""text"": ""▁Kỹ ▁sư""}, {""type"": ""FIRSTNAME"", ""start"": 2, ""end"": 3, ""text"": ""▁Hưng""}, {""type"": ""COMPANYNAME"", ""start"": 26, ""end"": 30, ""text"": ""▁B ến ▁L ức""}, {""type"": ""JOBTYPE"", ""start"": 41, ""end"": 43, ""text"": ""▁Quản ▁đốc""}]","[{""type"": ""PREFIX"", ""start"": 0, ""end"": 2, ""text"": ""▁Kỹ ▁sư""}, {""type"": ""FIRSTNAME"", ""start"": 2, ""end"": 3, ""text"": ""▁Hưng""}, {""type"": ""COMPANYNAME"", ""start"": 26, ""end"": 30, ""text"": ""▁B ến ▁L ức""}, {""type"": ""JOBTYPE"", ""start"": 41, ""end"": 43, ""text"": ""▁Quản ▁đốc""}]",B-JOBTITLE I-JOBTITLE B-FIRSTNAME O O O O O O O O O O O O O O O O O O O O O O O B-COMPANYNAME I-COMPANYNAME I-COMPANYNAME I-COMPANYNAME O O O O O O O O O O O B-JOBTYPE I-JOBTYPE O O O O O O O O O O O O O O O O O,B-PREFIX I-PREFIX B-FIRSTNAME O O O O O O O O O O O O O O O O O O O O O O O B-COMPANYNAME I-COMPANYNAME I-COMPANYNAME I-COMPANYNAME O O O O O O O O O O O B-JOBTYPE I-JOBTYPE O O O O O O O O O O O O O O O O O
2661,"Gía Re Nguyễn, cảm ơn bạn đã thanh toán số tiền đ Lookingforwardk cho chương trình đường học viên tư vấn của chúng tôi. Chúng tôi rất vui được giúp bạn.",True,0.6666666666666666,"[{""type"": ""LASTNAME"", ""start"": 4, ""end"": 5, ""text"": ""Nguyễn""}, {""type"": ""CURRENCYSYMBOL"", ""start"": 12, ""end"": 13, ""text"": ""đ""}, {""type"": ""AMOUNT"", ""start"": 13, ""end"": 18, ""text"": ""Loo@@ king@@ for@@ w@@ ard@@""}]","[{""type"": ""LASTNAME"", ""start"": 4, ""end"": 5, ""text"": ""Nguyễn""}, {""type"": ""CURRENCYSYMBOL"", ""start"": 12, ""end"": 13, ""text"": ""đ""}, {""type"": ""AMOUNT"", ""start"": 13, ""end"": 19, ""text"": ""Loo@@ king@@ for@@ w@@ ard@@ k""}]",O O O O B-LASTNAME O O O O O O O B-CURRENCYSYMBOL B-AMOUNT I-AMOUNT I-AMOUNT I-AMOUNT I-AMOUNT O O O O O O O O O O O O O O O O,O O O O B-LASTNAME O O O O O O O B-CURRENCYSYMBOL B-AMOUNT I-AMOUNT I-AMOUNT I-AMOUNT I-AMOUNT I-AMOUNT O O O O O O O O O O O O O O O,0.6666666666666666,"[{""type"": ""LASTNAME"", ""start"": 4, ""end"": 5, ""text"": ""Nguyễn""}, {""type"": ""CURRENCYSYMBOL"", ""start"": 12, ""end"": 13, ""text"": ""đ""}, {""type"": ""AMOUNT"", ""start"": 13, ""end"": 18, ""text"": ""Loo@@ king@@ for@@ w@@ ard@@""}]","[{""type"": ""LASTNAME"", ""start"": 4, ""end"": 5, ""text"": ""Nguyễn""}, {""type"": ""CURRENCYSYMBOL"", ""start"": 12, ""end"": 13, ""text"": ""đ""}, {""type"": ""AMOUNT"", ""start"": 13, ""end"": 19, ""text"": ""Loo@@ king@@ for@@ w@@ ard@@ k""}]",O O O O B-LASTNAME O O O O O O O B-CURRENCYSYMBOL B-AMOUNT I-AMOUNT I-AMOUNT I-AMOUNT I-AMOUNT O O O O O O O O O O O O O O O O,O O O O B-LASTNAME O O O O O O O B-CURRENCYSYMBOL B-AMOUNT I-AMOUNT I-AMOUNT I-AMOUNT I-AMOUNT I-AMOUNT O O O O O O O O O O O O O O O,0.5,"[{""type"": ""LASTNAME"", ""start"": 4, ""end"": 5, ""text"": ""Nguyễn""}, {""type"": ""CURRENCYSYMBOL"", ""start"": 12, ""end"": 13, ""text"": ""đ""}, {""type"": ""AMOUNT"", ""start"": 13, ""end"": 18, ""text"": ""Loo@@ king@@ for@@ w@@ ard@@""}]","[{""type"": ""FIRSTNAME"", ""start"": 1, ""end"": 2, ""text"": ""ía_@@""}, {""type"": ""FIRSTNAME"", ""start"": 3, ""end"": 4, ""text"": ""e_@@""}, {""type"": ""LASTNAME"", ""start"": 4, ""end"": 5, ""text"": ""Nguyễn""}, {""type"": ""CURRENCYSYMBOL"", ""start"": 12, ""end"": 13, ""text"": ""đ""}, {""type"": ""CURRENCY"", ""start"": 13, ""end"": 19, ""text"": ""Loo@@ king@@ for@@ w@@ ard@@ k""}]",O O O O B-LASTNAME O O O O O O O B-CURRENCYSYMBOL B-AMOUNT I-AMOUNT I-AMOUNT I-AMOUNT I-AMOUNT O O O O O O O O O O O O O O O O,O I-FIRSTNAME O I-FIRSTNAME B-LASTNAME O O O O O O O B-CURRENCYSYMBOL B-CURRENCY I-CURRENCY I-CURRENCY I-CURRENCY I-CURRENCY I-CURRENCY O O O O O O O O O O O O O O O,0.5714285714285715,"[{""type"": ""LASTNAME"", ""start"": 3, ""end"": 4, ""text"": ""▁Nguyễn""}, {""type"": ""CURRENCYSYMBOL"", ""start"": 13, ""end"": 14, ""text"": ""▁đ""}, {""type"": ""AMOUNT"", ""start"": 14, ""end"": 17, ""text"": ""▁Looking for ward""}]","[{""type"": ""LASTNAME"", ""start"": 3, ""end"": 4, ""text"": ""▁Nguyễn""}, {""type"": ""CURRENCYSYMBOL"", ""start"": 13, ""end"": 14, ""text"": ""▁đ""}, {""type"": ""CURRENCY"", ""start"": 14, ""end"": 15, ""text"": ""▁Looking""}, {""type"": ""AMOUNT"", ""start"": 15, ""end"": 18, ""text"": ""for ward k""}]",O O O B-LASTNAME O O O O O O O O O B-CURRENCYSYMBOL B-AMOUNT I-AMOUNT I-AMOUNT O O O O O O O O O O O O O O O O O O O O O,O O O B-LASTNAME O O O O O O O O O B-CURRENCYSYMBOL B-CURRENCY I-AMOUNT I-AMOUNT I-AMOUNT O O O O O O O O O O O O O O O O O O O O
2685,"Thân gửi Xuyên, các lớp học y học thay thế của chúng tôi tại Đồng Nai sẽ bắt đầu lại vào 21.06.1986. Rất mong được sự tham gia của bạn.",True,0.6666666666666666,"[{""type"": ""FIRSTNAME"", ""start"": 2, ""end"": 3, ""text"": ""Xuyên""}, {""type"": ""STATE"", ""start"": 11, ""end"": 12, ""text"": ""Đồng_Nai""}, {""type"": ""DOB"", ""start"": 16, ""end"": 20, ""text"": ""2@@ 1.0@@ 6.@@ 1986""}]","[{""type"": ""FIRSTNAME"", ""start"": 2, ""end"": 3, ""text"": ""Xuyên""}, {""type"": ""STATE"", ""start"": 11, ""end"": 12, ""text"": ""Đồng_Nai""}, {""type"": ""DATE"", ""start"": 16, ""end"": 20, ""text"": ""2@@ 1.0@@ 6.@@ 1986""}]",O O B-FIRSTNAME O O O O O O O O B-STATE O O O O B-DOB I-DOB I-DOB I-DOB O O O O O O O O O,O O B-FIRSTNAME O O O O O O O O B-STATE O O O O B-DATE I-DATE I-DATE I-DATE O O O O O O O O O,0.6666666666666666,"[{""type"": ""FIRSTNAME"", ""start"": 2, ""end"": 3, ""text"": ""Xuyên""}, {""type"": ""STATE"", ""start"": 11, ""end"": 12, ""text"": ""Đồng_Nai""}, {""type"": ""DOB"", ""start"": 16, ""end"": 20, ""text"": ""2@@ 1.0@@ 6.@@ 1986""}]","[{""type"": ""FIRSTNAME"", ""start"": 2, ""end"": 3, ""text"": ""Xuyên""}, {""type"": ""STATE"", ""start"": 11, ""end"": 12, ""text"": ""Đồng_Nai""}, {""type"": ""DATE"", ""start"": 16, ""end"": 20, ""text"": ""2@@ 1.0@@ 6.@@ 1986""}]",O O B-FIRSTNAME O O O O O O O O B-STATE O O O O B-DOB I-DOB I-DOB I-DOB O O O O O O O O O,O O B-FIRSTNAME O O O O O O O O B-STATE O O O O B-DATE I-DATE I-DATE I-DATE O O O O O O O O O,0.6666666666666666,"[{""type"": ""FIRSTNAME"", ""start"": 2, ""end"": 3, ""text"": ""Xuyên""}, {""type"": ""STATE"", ""start"": 11, ""end"": 12, ""text"": ""Đồng_Nai""}, {""type"": ""DOB"", ""start"": 16, ""end"": 20, ""text"": ""2@@ 1.0@@ 6.@@ 1986""}]","[{""type"": ""FIRSTNAME"", ""start"": 2, ""end"": 3, ""text"": ""Xuyên""}, {""type"": ""STATE"", ""start"": 11, ""end"": 12, ""text"": ""Đồng_Nai""}, {""type"": ""DATE"", ""start"": 16, ""end"": 20, ""text"": ""2@@ 1.0@@ 6.@@ 1986""}]",O O B-FIRSTNAME O O O O O O O O B-STATE O O O O B-DOB I-DOB I-DOB I-DOB O O O O O O O O O,O O B-FIRSTNAME O O O O O O O O B-STATE O O O O B-DATE I-DATE I-DATE I-DATE O O O O O O O O O,0.6666666666666666,"[{""type"": ""FIRSTNAME"", ""start"": 2, ""end"": 4, ""text"": ""▁Xu yên""}, {""type"": ""STATE"", ""start"": 16, ""end"": 19, ""text"": ""▁Đồng ▁Na i""}, {""type"": ""DOB"", ""start"": 24, ""end"": 27, ""text"": ""▁21. 06. 1986""}]","[{""type"": ""FIRSTNAME"", ""start"": 2, ""end"": 4, ""text"": ""▁Xu yên""}, {""type"": ""STATE"", ""start"": 16, ""end"": 19, ""text"": ""▁Đồng ▁Na i""}, {""type"": ""DATE"", ""start"": 24, ""end"": 27, ""text"": ""▁21. 06. 1986""}]",O O B-FIRSTNAME I-FIRSTNAME O O O O O O O O O O O O B-STATE I-STATE I-STATE O O O O O B-DOB I-DOB I-DOB O O O O O O O O O O O O,O O B-FIRSTNAME I-FIRSTNAME O O O O O O O O O O O O B-STATE I-STATE I-STATE O O O O O B-DATE I-DATE I-DATE O O O O O O O O O O O O
2687,"Chào Thiết kế thời trang, chúng tôi sẽ tổ chức một buổi hội thảo về 'Công nghệ Giảng dạy' vào ngày 21-06-1996. Bạn sẽ cần máy tính của mình (địa chỉ MAC: fd:85:49:04:d6:b4) và mật khẩu: w_ANEAMioxDI.",True,0.75,"[{""type"": ""JOBTYPE"", ""start"": 1, ""end"": 4, ""text"": ""Thiết kế thời_trang""}, {""type"": ""DOB"", ""start"": 19, ""end"": 23, ""text"": ""21-@@ 0@@ 6-@@ 1996""}, {""type"": ""MAC"", ""start"": 34, ""end"": 48, ""text"": ""f@@ d : 85@@ :@@ 49@@ :@@ 04 : d 6 : b 4""}, {""type"": ""PASSWORD"", ""start"": 52, ""end"": 59, ""text"": ""w _ AN@@ EA@@ Mi@@ ox@@ DI""}]","[{""type"": ""JOBTYPE"", ""start"": 1, ""end"": 4, ""text"": ""Thiết kế thời_trang""}, {""type"": ""DATE"", ""start"": 19, ""end"": 23, ""text"": ""21-@@ 0@@ 6-@@ 1996""}, {""type"": ""MAC"", ""start"": 34, ""end"": 48, ""text"": ""f@@ d : 85@@ :@@ 49@@ :@@ 04 : d 6 : b 4""}, {""type"": ""PASSWORD"", ""start"": 52, ""end"": 59, ""text"": ""w _ AN@@ EA@@ Mi@@ ox@@ DI""}]",O B-JOBTYPE I-JOBTYPE I-JOBTYPE O O O O O O O O O O O O O O O B-DOB I-DOB I-DOB I-DOB O O O O O O O O O O O B-MAC I-MAC I-MAC I-MAC I-MAC I-MAC I-MAC I-MAC I-MAC I-MAC I-MAC I-MAC I-MAC I-MAC O O O O B-PASSWORD I-PASSWORD I-PASSWORD I-PASSWORD I-PASSWORD I-PASSWORD I-PASSWORD O,O B-JOBTYPE I-JOBTYPE I-JOBTYPE O O O O O O O O O O O O O O O B-DATE I-DATE I-DATE I-DATE O O O O O O O O O O O B-MAC I-MAC I-MAC I-MAC I-MAC I-MAC I-MAC I-MAC I-MAC I-MAC I-MAC I-MAC I-MAC I-MAC O O O O B-PASSWORD I-PASSWORD I-PASSWORD I-PASSWORD I-PASSWORD I-PASSWORD I-PASSWORD O,0.75,"[{""type"": ""JOBTYPE"", ""start"": 1, ""end"": 4, ""text"": ""Thiết kế thời_trang""}, {""type"": ""DOB"", ""start"": 19, ""end"": 23, ""text"": ""21-@@ 0@@ 6-@@ 1996""}, {""type"": ""MAC"", ""start"": 34, ""end"": 48, ""text"": ""f@@ d : 85@@ :@@ 49@@ :@@ 04 : d 6 : b 4""}, {""type"": ""PASSWORD"", ""start"": 52, ""end"": 59, ""text"": ""w _ AN@@ EA@@ Mi@@ ox@@ DI""}]","[{""type"": ""JOBTYPE"", ""start"": 1, ""end"": 4, ""text"": ""Thiết kế thời_trang""}, {""type"": ""DATE"", ""start"": 19, ""end"": 23, ""text"": ""21-@@ 0@@ 6-@@ 1996""}, {""type"": ""MAC"", ""start"": 34, ""end"": 48, ""text"": ""f@@ d : 85@@ :@@ 49@@ :@@ 04 : d 6 : b 4""}, {""type"": ""PASSWORD"", ""start"": 52, ""end"": 59, ""text"": ""w _ AN@@ EA@@ Mi@@ ox@@ DI""}]",O B-JOBTYPE I-JOBTYPE I-JOBTYPE O O O O O O O O O O O O O O O B-DOB I-DOB I-DOB I-DOB O O O O O O O O O O O B-MAC I-MAC I-MAC I-MAC I-MAC I-MAC I-MAC I-MAC I-MAC I-MAC I-MAC I-MAC I-MAC I-MAC O O O O B-PASSWORD I-PASSWORD I-PASSWORD I-PASSWORD I-PASSWORD I-PASSWORD I-PASSWORD O,O B-JOBTYPE I-JOBTYPE I-JOBTYPE O O O O O O O O O O O O O O O B-DATE I-DATE I-DATE I-DATE O O O O O O O O O O O B-MAC I-MAC I-MAC I-MAC I-MAC I-MAC I-MAC I-MAC I-MAC I-MAC I-MAC I-MAC I-MAC I-MAC O O O O B-PASSWORD I-PASSWORD I-PASSWORD I-PASSWORD I-PASSWORD I-PASSWORD I-PASSWORD O,0.75,"[{""type"": ""JOBTYPE"", ""start"": 1, ""end"": 4, ""text"": ""Thiết kế thời_trang""}, {""type"": ""DOB"", ""start"": 19, ""end"": 23, ""text"": ""21-@@ 0@@ 6-@@ 1996""}, {""type"": ""MAC"", ""start"": 34, ""end"": 48, ""text"": ""f@@ d : 85@@ :@@ 49@@ :@@ 04 : d 6 : b 4""}, {""type"": ""PASSWORD"", ""start"": 52, ""end"": 59, ""text"": ""w _ AN@@ EA@@ Mi@@ ox@@ DI""}]","[{""type"": ""JOBTYPE"", ""start"": 1, ""end"": 4, ""text"": ""Thiết kế thời_trang""}, {""type"": ""DATE"", ""start"": 19, ""end"": 23, ""text"": ""21-@@ 0@@ 6-@@ 1996""}, {""type"": ""MAC"", ""start"": 34, ""end"": 48, ""text"": ""f@@ d : 85@@ :@@ 49@@ :@@ 04 : d 6 : b 4""}, {""type"": ""PASSWORD"", ""start"": 52, ""end"": 59, ""text"": ""w _ AN@@ EA@@ Mi@@ ox@@ DI""}]",O B-JOBTYPE I-JOBTYPE I-JOBTYPE O O O O O O O O O O O O O O O B-DOB I-DOB I-DOB I-DOB O O O O O O O O O O O B-MAC I-MAC I-MAC I-MAC I-MAC I-MAC I-MAC I-MAC I-MAC I-MAC I-MAC I-MAC I-MAC I-MAC O O O O B-PASSWORD I-PASSWORD I-PASSWORD I-PASSWORD I-PASSWORD I-PASSWORD I-PASSWORD O,O B-JOBTYPE I-JOBTYPE I-JOBTYPE O O O O O O O O O O O O O O O B-DATE I-DATE I-DATE I-DATE O O O O O O O O O O O B-MAC I-MAC I-MAC I-MAC I-MAC I-MAC I-MAC I-MAC I-MAC I-MAC I-MAC I-MAC I-MAC I-MAC O O O O B-PASSWORD I-PASSWORD I-PASSWORD I-PASSWORD I-PASSWORD I-PASSWORD I-PASSWORD O,0.75,"[{""type"": ""JOBTYPE"", ""start"": 1, ""end"": 5, ""text"": ""▁Thiết ▁kế ▁thời ▁trang""}, {""type"": ""DOB"", ""start"": 26, ""end"": 29, ""text"": ""▁21 -06- 1996""}, {""type"": ""MAC"", ""start"": 44, ""end"": 56, ""text"": ""▁f d : 85 :49 :04 : d 6 : b 4)""}, {""type"": ""PASSWORD"", ""start"": 60, ""end"": 67, ""text"": ""▁w _ ANE AM i ox DI""}]","[{""type"": ""JOBTYPE"", ""start"": 1, ""end"": 5, ""text"": ""▁Thiết ▁kế ▁thời ▁trang""}, {""type"": ""DATE"", ""start"": 26, ""end"": 29, ""text"": ""▁21 -06- 1996""}, {""type"": ""MAC"", ""start"": 44, ""end"": 56, ""text"": ""▁f d : 85 :49 :04 : d 6 : b 4)""}, {""type"": ""PASSWORD"", ""start"": 60, ""end"": 67, ""text"": ""▁w _ ANE AM i ox DI""}]",O B-JOBTYPE I-JOBTYPE I-JOBTYPE I-JOBTYPE O O O O O O O O O O O O O O O O O O O O O B-DOB I-DOB I-DOB O O O O O O O O O O O O O O O B-MAC I-MAC I-MAC I-MAC I-MAC I-MAC I-MAC I-MAC I-MAC I-MAC I-MAC I-MAC O O O O B-PASSWORD I-PASSWORD I-PASSWORD I-PASSWORD I-PASSWORD I-PASSWORD I-PASSWORD O,O B-JOBTYPE I-JOBTYPE I-JOBTYPE I-JOBTYPE O O O O O O O O O O O O O O O O O O O O O B-DATE I-DATE I-DATE O O O O O O O O O O O O O O O B-MAC I-MAC I-MAC I-MAC I-MAC I-MAC I-MAC I-MAC I-MAC I-MAC I-MAC I-MAC O O O O B-PASSWORD I-PASSWORD I-PASSWORD I-PASSWORD I-PASSWORD I-PASSWORD I-PASSWORD O
2699,"Đối với mọi thắc mắc liên quan đến tiến bộ của con bạn, vui lòng liên hệ với Chuyên viên quảng cáo của họ. Xin hãy giữ bí mật thông tin thẻ 3167069510541183.",True,0.5,"[{""type"": ""JOBTYPE"", ""start"": 13, ""end"": 15, ""text"": ""Chuyên_viên quảng_cáo""}, {""type"": ""MASKEDNUMBER"", ""start"": 24, ""end"": 33, ""text"": ""3@@ 16@@ 70@@ 6@@ 95@@ 10@@ 54@@ 1@@ 183""}]","[{""type"": ""JOBTYPE"", ""start"": 13, ""end"": 15, ""text"": ""Chuyên_viên quảng_cáo""}, {""type"": ""CREDITCARDNUMBER"", ""start"": 24, ""end"": 33, ""text"": ""3@@ 16@@ 70@@ 6@@ 95@@ 10@@ 54@@ 1@@ 183""}]",O O O O O O O O O O O O O B-JOBTYPE I-JOBTYPE O O O O O O O O O B-MASKEDNUMBER I-MASKEDNUMBER I-MASKEDNUMBER I-MASKEDNUMBER I-MASKEDNUMBER I-MASKEDNUMBER I-MASKEDNUMBER I-MASKEDNUMBER I-MASKEDNUMBER O,O O O O O O O O O O O O O B-JOBTYPE I-JOBTYPE O O O O O O O O O B-CREDITCARDNUMBER I-CREDITCARDNUMBER I-CREDITCARDNUMBER I-CREDITCARDNUMBER I-CREDITCARDNUMBER I-CREDITCARDNUMBER I-CREDITCARDNUMBER I-CREDITCARDNUMBER I-CREDITCARDNUMBER O,0.5,"[{""type"": ""JOBTYPE"", ""start"": 13, ""end"": 15, ""text"": ""Chuyên_viên quảng_cáo""}, {""type"": ""MASKEDNUMBER"", ""start"": 24, ""end"": 33, ""text"": ""3@@ 16@@ 70@@ 6@@ 95@@ 10@@ 54@@ 1@@ 183""}]","[{""type"": ""JOBTYPE"", ""start"": 13, ""end"": 15, ""text"": ""Chuyên_viên quảng_cáo""}, {""type"": ""CREDITCARDNUMBER"", ""start"": 24, ""end"": 33, ""text"": ""3@@ 16@@ 70@@ 6@@ 95@@ 10@@ 54@@ 1@@ 183""}]",O O O O O O O O O O O O O B-JOBTYPE I-JOBTYPE O O O O O O O O O B-MASKEDNUMBER I-MASKEDNUMBER I-MASKEDNUMBER I-MASKEDNUMBER I-MASKEDNUMBER I-MASKEDNUMBER I-MASKEDNUMBER I-MASKEDNUMBER I-MASKEDNUMBER O,O O O O O O O O O O O O O B-JOBTYPE I-JOBTYPE O O O O O O O O O B-CREDITCARDNUMBER I-CREDITCARDNUMBER I-CREDITCARDNUMBER I-CREDITCARDNUMBER I-CREDITCARDNUMBER I-CREDITCARDNUMBER I-CREDITCARDNUMBER I-CREDITCARDNUMBER I-CREDITCARDNUMBER O,0.5,"[{""type"": ""JOBTYPE"", ""start"": 13, ""end"": 15, ""text"": ""Chuyên_viên quảng_cáo""}, {""type"": ""MASKEDNUMBER"", ""start"": 24, ""end"": 33, ""text"": ""3@@ 16@@ 70@@ 6@@ 95@@ 10@@ 54@@ 1@@ 183""}]","[{""type"": ""JOBTYPE"", ""start"": 13, ""end"": 15, ""text"": ""Chuyên_viên quảng_cáo""}, {""type"": ""CREDITCARDNUMBER"", ""start"": 24, ""end"": 33, ""text"": ""3@@ 16@@ 70@@ 6@@ 95@@ 10@@ 54@@ 1@@ 183""}]",O O O O O O O O O O O O O B-JOBTYPE I-JOBTYPE O O O O O O O O O B-MASKEDNUMBER I-MASKEDNUMBER I-MASKEDNUMBER I-MASKEDNUMBER I-MASKEDNUMBER I-MASKEDNUMBER I-MASKEDNUMBER I-MASKEDNUMBER I-MASKEDNUMBER O,O O O O O O O O O O O O O B-JOBTYPE I-JOBTYPE O O O O O O O O O B-CREDITCARDNUMBER I-CREDITCARDNUMBER I-CREDITCARDNUMBER I-CREDITCARDNUMBER I-CREDITCARDNUMBER I-CREDITCARDNUMBER I-CREDITCARDNUMBER I-CREDITCARDNUMBER I-CREDITCARDNUMBER O,0.5,"[{""type"": ""JOBTYPE"", ""start"": 20, ""end"": 24, ""text"": ""▁Chuyên ▁viên ▁quảng ▁cáo""}, {""type"": ""MASKEDNUMBER"", ""start"": 35, ""end"": 42, ""text"": ""▁31 670 695 105 41 18 3""}]","[{""type"": ""JOBTYPE"", ""start"": 20, ""end"": 24, ""text"": ""▁Chuyên ▁viên ▁quảng ▁cáo""}, {""type"": ""CREDITCARDNUMBER"", ""start"": 35, ""end"": 42, ""text"": ""▁31 670 695 105 41 18 3""}]",O O O O O O O O O O O O O O O O O O O O B-JOBTYPE I-JOBTYPE I-JOBTYPE I-JOBTYPE O O O O O O O O O O O B-MASKEDNUMBER I-MASKEDNUMBER I-MASKEDNUMBER I-MASKEDNUMBER I-MASKEDNUMBER I-MASKEDNUMBER I-MASKEDNUMBER O,O O O O O O O O O O O O O O O O O O O O B-JOBTYPE I-JOBTYPE I-JOBTYPE I-JOBTYPE O O O O O O O O O O O B-CREDITCARDNUMBER I-CREDITCARDNUMBER I-CREDITCARDNUMBER I-CREDITCARDNUMBER I-CREDITCARDNUMBER I-CREDITCARDNUMBER I-CREDITCARDNUMBER O
2720,"Chào đội ngũ, đây là Đức. Nếu chúng ta cần thảo luận về bất kỳ thông tin nhạy cảm nào của bệnh nhân như ngày sinh, ví dụ: 04.09.98, vui lòng chỉ sử dụng trình duyệt web với userAgent Opera/14.60 (Macintosh; Intel Mac OS X 10.10.2 U; HE Presto/2.9.171 Version/12.00).",True,0.6666666666666666,"[{""type"": ""FIRSTNAME"", ""start"": 5, ""end"": 6, ""text"": ""Đức""}, {""type"": ""DOB"", ""start"": 23, ""end"": 27, ""text"": ""04@@ .0@@ 9.@@ 98""}, {""type"": ""USERAGENT"", ""start"": 38, ""end"": 67, ""text"": ""Opera / 14.@@ 60 ( Mac@@ in@@ tosh ; Intel Mac_OS_X 10.@@ 10.2 U ; H@@ E Pres@@ to / 2.@@ 9.@@ 171 Ver@@ sion / 12.@@ 00 )""}]","[{""type"": ""MIDDLENAME"", ""start"": 5, ""end"": 6, ""text"": ""Đức""}, {""type"": ""DOB"", ""start"": 23, ""end"": 27, ""text"": ""04@@ .0@@ 9.@@ 98""}, {""type"": ""USERAGENT"", ""start"": 38, ""end"": 67, ""text"": ""Opera / 14.@@ 60 ( Mac@@ in@@ tosh ; Intel Mac_OS_X 10.@@ 10.2 U ; H@@ E Pres@@ to / 2.@@ 9.@@ 171 Ver@@ sion / 12.@@ 00 )""}]",O O O O O B-FIRSTNAME O O O O O O O O O O O O O O O O O B-DOB I-DOB I-DOB I-DOB O O O O O O O O O O O B-USERAGENT I-USERAGENT I-USERAGENT I-USERAGENT I-USERAGENT I-USERAGENT I-USERAGENT I-USERAGENT I-USERAGENT I-USERAGENT I-USERAGENT I-USERAGENT I-USERAGENT I-USERAGENT I-USERAGENT I-USERAGENT I-USERAGENT I-USERAGENT I-USERAGENT I-USERAGENT I-USERAGENT I-USERAGENT I-USERAGENT I-USERAGENT I-USERAGENT I-USERAGENT I-USERAGENT I-USERAGENT I-USERAGENT O,O O O O O B-MIDDLENAME O O O O O O O O O O O O O O O O O B-DOB I-DOB I-DOB I-DOB O O O O O O O O O O O B-USERAGENT I-USERAGENT I-USERAGENT I-USERAGENT I-USERAGENT I-USERAGENT I-USERAGENT I-USERAGENT I-USERAGENT I-USERAGENT I-USERAGENT I-USERAGENT I-USERAGENT I-USERAGENT I-USERAGENT I-USERAGENT I-USERAGENT I-USERAGENT I-USERAGENT I-USERAGENT I-USERAGENT I-USERAGENT I-USERAGENT I-USERAGENT I-USERAGENT I-USERAGENT I-USERAGENT I-USERAGENT I-USERAGENT O,0.6666666666666666,"[{""type"": ""FIRSTNAME"", ""start"": 5, ""end"": 6, ""text"": ""Đức""}, {""type"": ""DOB"", ""start"": 23, ""end"": 27, ""text"": ""04@@ .0@@ 9.@@ 98""}, {""type"": ""USERAGENT"", ""start"": 38, ""end"": 67, ""text"": ""Opera / 14.@@ 60 ( Mac@@ in@@ tosh ; Intel Mac_OS_X 10.@@ 10.2 U ; H@@ E Pres@@ to / 2.@@ 9.@@ 171 Ver@@ sion / 12.@@ 00 )""}]","[{""type"": ""MIDDLENAME"", ""start"": 5, ""end"": 6, ""text"": ""Đức""}, {""type"": ""DOB"", ""start"": 23, ""end"": 27, ""text"": ""04@@ .0@@ 9.@@ 98""}, {""type"": ""USERAGENT"", ""start"": 38, ""end"": 67, ""text"": ""Opera / 14.@@ 60 ( Mac@@ in@@ tosh ; Intel Mac_OS_X 10.@@ 10.2 U ; H@@ E Pres@@ to / 2.@@ 9.@@ 171 Ver@@ sion / 12.@@ 00 )""}]",O O O O O B-FIRSTNAME O O O O O O O O O O O O O O O O O B-DOB I-DOB I-DOB I-DOB O O O O O O O O O O O B-USERAGENT I-USERAGENT I-USERAGENT I-USERAGENT I-USERAGENT I-USERAGENT I-USERAGENT I-USERAGENT I-USERAGENT I-USERAGENT I-USERAGENT I-USERAGENT I-USERAGENT I-USERAGENT I-USERAGENT I-USERAGENT I-USERAGENT I-USERAGENT I-USERAGENT I-USERAGENT I-USERAGENT I-USERAGENT I-USERAGENT I-USERAGENT I-USERAGENT I-USERAGENT I-USERAGENT I-USERAGENT I-USERAGENT O,O O O O O B-MIDDLENAME O O O O O O O O O O O O O O O O O B-DOB I-DOB I-DOB I-DOB O O O O O O O O O O O B-USERAGENT I-USERAGENT I-USERAGENT I-USERAGENT I-USERAGENT I-USERAGENT I-USERAGENT I-USERAGENT I-USERAGENT I-USERAGENT I-USERAGENT I-USERAGENT I-USERAGENT I-USERAGENT I-USERAGENT I-USERAGENT I-USERAGENT I-USERAGENT I-USERAGENT I-USERAGENT I-USERAGENT I-USERAGENT I-USERAGENT I-USERAGENT I-USERAGENT I-USERAGENT I-USERAGENT I-USERAGENT I-USERAGENT O,0.6666666666666666,"[{""type"": ""FIRSTNAME"", ""start"": 5, ""end"": 6, ""text"": ""Đức""}, {""type"": ""DOB"", ""start"": 23, ""end"": 27, ""text"": ""04@@ .0@@ 9.@@ 98""}, {""type"": ""USERAGENT"", ""start"": 38, ""end"": 67, ""text"": ""Opera / 14.@@ 60 ( Mac@@ in@@ tosh ; Intel Mac_OS_X 10.@@ 10.2 U ; H@@ E Pres@@ to / 2.@@ 9.@@ 171 Ver@@ sion / 12.@@ 00 )""}]","[{""type"": ""MIDDLENAME"", ""start"": 5, ""end"": 6, ""text"": ""Đức""}, {""type"": ""DOB"", ""start"": 23, ""end"": 27, ""text"": ""04@@ .0@@ 9.@@ 98""}, {""type"": ""USERAGENT"", ""start"": 38, ""end"": 67, ""text"": ""Opera / 14.@@ 60 ( Mac@@ in@@ tosh ; Intel Mac_OS_X 10.@@ 10.2 U ; H@@ E Pres@@ to / 2.@@ 9.@@ 171 Ver@@ sion / 12.@@ 00 )""}]",O O O O O B-FIRSTNAME O O O O O O O O O O O O O O O O O B-DOB I-DOB I-DOB I-DOB O O O O O O O O O O O B-USERAGENT I-USERAGENT I-USERAGENT I-USERAGENT I-USERAGENT I-USERAGENT I-USERAGENT I-USERAGENT I-USERAGENT I-USERAGENT I-USERAGENT I-USERAGENT I-USERAGENT I-USERAGENT I-USERAGENT I-USERAGENT I-USERAGENT I-USERAGENT I-USERAGENT I-USERAGENT I-USERAGENT I-USERAGENT I-USERAGENT I-USERAGENT I-USERAGENT I-USERAGENT I-USERAGENT I-USERAGENT I-USERAGENT O,O O O O O B-MIDDLENAME O O O O O O O O O O O O O O O O O B-DOB I-DOB I-DOB I-DOB O O O O O O O O O O O B-USERAGENT I-USERAGENT I-USERAGENT I-USERAGENT I-USERAGENT I-USERAGENT I-USERAGENT I-USERAGENT I-USERAGENT I-USERAGENT I-USERAGENT I-USERAGENT I-USERAGENT I-USERAGENT I-USERAGENT I-USERAGENT I-USERAGENT I-USERAGENT I-USERAGENT I-USERAGENT I-USERAGENT I-USERAGENT I-USERAGENT I-USERAGENT I-USERAGENT I-USERAGENT I-USERAGENT I-USERAGENT I-USERAGENT O,0.6666666666666666,"[{""type"": ""FIRSTNAME"", ""start"": 6, ""end"": 7, ""text"": ""▁Đức""}, {""type"": ""DOB"", ""start"": 32, ""end"": 35, ""text"": ""▁04. 09. 98""}, {""type"": ""USERAGENT"", ""start"": 48, ""end"": 75, ""text"": ""▁Opera /14 . 60 ▁( Mac into sh ; ▁Intel ▁Mac ▁OS ▁X ▁10.1 0.2 ▁U ; ▁HE ▁Pres to /2 .9. 171 ▁Version /1 2.00 ).""}]","[{""type"": ""MIDDLENAME"", ""start"": 6, ""end"": 7, ""text"": ""▁Đức""}, {""type"": ""DOB"", ""start"": 32, ""end"": 35, ""text"": ""▁04. 09. 98""}, {""type"": ""USERAGENT"", ""start"": 48, ""end"": 75, ""text"": ""▁Opera /14 . 60 ▁( Mac into sh ; ▁Intel ▁Mac ▁OS ▁X ▁10.1 0.2 ▁U ; ▁HE ▁Pres to /2 .9. 171 ▁Version /1 2.00 ).""}]",O O O O O O B-FIRSTNAME O O O O O O O O O O O O O O O O O O O O O O O O O B-DOB I-DOB I-DOB O O O O O O O O O O O O O B-USERAGENT I-USERAGENT I-USERAGENT I-USERAGENT I-USERAGENT I-USERAGENT I-USERAGENT I-USERAGENT I-USERAGENT I-USERAGENT I-USERAGENT I-USERAGENT I-USERAGENT I-USERAGENT I-USERAGENT I-USERAGENT I-USERAGENT I-USERAGENT I-USERAGENT I-USERAGENT I-USERAGENT I-USERAGENT I-USERAGENT I-USERAGENT I-USERAGENT I-USERAGENT I-USERAGENT,O O O O O O B-MIDDLENAME O O O O O O O O O O O O O O O O O O O O O O O O O B-DOB I-DOB I-DOB O O O O O O O O O O O O O B-USERAGENT I-USERAGENT I-USERAGENT I-USERAGENT I-USERAGENT I-USERAGENT I-USERAGENT I-USERAGENT I-USERAGENT I-USERAGENT I-USERAGENT I-USERAGENT I-USERAGENT I-USERAGENT I-USERAGENT I-USERAGENT I-USERAGENT I-USERAGENT I-USERAGENT I-USERAGENT I-USERAGENT I-USERAGENT I-USERAGENT I-USERAGENT I-USERAGENT I-USERAGENT I-USERAGENT
2752,Xin vui lòng gửi hóa đơn chi phí học pháp pháp luật tới tài khoản vay cá nhân của mình: 19613579135791 (Techcombank). Xin được biết chia sẻ chi tiết mỗi phí ra và đội ngũ chúng tôi sẽ tính toán tổng số tiền bằng Đô la Mỹ (VND).,True,0.6666666666666666,"[{""type"": ""ACCOUNTNUMBER"", ""start"": 15, ""end"": 25, ""text"": ""196@@ 13@@ 57@@ 9@@ 13@@ 57@@ 91 ( Techcombank )""}, {""type"": ""CURRENCYNAME"", ""start"": 42, ""end"": 44, ""text"": ""Đô_la Mỹ""}, {""type"": ""CURRENCYSYMBOL"", ""start"": 45, ""end"": 46, ""text"": ""VND""}]","[{""type"": ""ACCOUNTNUMBER"", ""start"": 15, ""end"": 25, ""text"": ""196@@ 13@@ 57@@ 9@@ 13@@ 57@@ 91 ( Techcombank )""}, {""type"": ""CURRENCYNAME"", ""start"": 42, ""end"": 44, ""text"": ""Đô_la Mỹ""}, {""type"": ""CURRENCYCODE"", ""start"": 45, ""end"": 46, ""text"": ""VND""}]",O O O O O O O O O O O O O O O B-ACCOUNTNUMBER I-ACCOUNTNUMBER I-ACCOUNTNUMBER I-ACCOUNTNUMBER I-ACCOUNTNUMBER I-ACCOUNTNUMBER I-ACCOUNTNUMBER I-ACCOUNTNUMBER I-ACCOUNTNUMBER I-ACCOUNTNUMBER O O O O O O O O O O O O O O O O O B-CURRENCYNAME I-CURRENCYNAME O B-CURRENCYSYMBOL O O,O O O O O O O O O O O O O O O B-ACCOUNTNUMBER I-ACCOUNTNUMBER I-ACCOUNTNUMBER I-ACCOUNTNUMBER I-ACCOUNTNUMBER I-ACCOUNTNUMBER I-ACCOUNTNUMBER I-ACCOUNTNUMBER I-ACCOUNTNUMBER I-ACCOUNTNUMBER O O O O O O O O O O O O O O O O O B-CURRENCYNAME I-CURRENCYNAME O B-CURRENCYCODE O O,0.6666666666666666,"[{""type"": ""ACCOUNTNUMBER"", ""start"": 15, ""end"": 25, ""text"": ""196@@ 13@@ 57@@ 9@@ 13@@ 57@@ 91 ( Techcombank )""}, {""type"": ""CURRENCYNAME"", ""start"": 42, ""end"": 44, ""text"": ""Đô_la Mỹ""}, {""type"": ""CURRENCYSYMBOL"", ""start"": 45, ""end"": 46, ""text"": ""VND""}]","[{""type"": ""ACCOUNTNUMBER"", ""start"": 15, ""end"": 25, ""text"": ""196@@ 13@@ 57@@ 9@@ 13@@ 57@@ 91 ( Techcombank )""}, {""type"": ""CURRENCYNAME"", ""start"": 42, ""end"": 44, ""text"": ""Đô_la Mỹ""}, {""type"": ""CURRENCYCODE"", ""start"": 45, ""end"": 46, ""text"": ""VND""}]",O O O O O O O O O O O O O O O B-ACCOUNTNUMBER I-ACCOUNTNUMBER I-ACCOUNTNUMBER I-ACCOUNTNUMBER I-ACCOUNTNUMBER I-ACCOUNTNUMBER I-ACCOUNTNUMBER I-ACCOUNTNUMBER I-ACCOUNTNUMBER I-ACCOUNTNUMBER O O O O O O O O O O O O O O O O O B-CURRENCYNAME I-CURRENCYNAME O B-CURRENCYSYMBOL O O,O O O O O O O O O O O O O O O B-ACCOUNTNUMBER I-ACCOUNTNUMBER I-ACCOUNTNUMBER I-ACCOUNTNUMBER I-ACCOUNTNUMBER I-ACCOUNTNUMBER I-ACCOUNTNUMBER I-ACCOUNTNUMBER I-ACCOUNTNUMBER I-ACCOUNTNUMBER O O O O O O O O O O O O O O O O O B-CURRENCYNAME I-CURRENCYNAME O B-CURRENCYCODE O O,0.6666666666666666,"[{""type"": ""ACCOUNTNUMBER"", ""start"": 15, ""end"": 25, ""text"": ""196@@ 13@@ 57@@ 9@@ 13@@ 57@@ 91 ( Techcombank )""}, {""type"": ""CURRENCYNAME"", ""start"": 42, ""end"": 44, ""text"": ""Đô_la Mỹ""}, {""type"": ""CURRENCYSYMBOL"", ""start"": 45, ""end"": 46, ""text"": ""VND""}]","[{""type"": ""ACCOUNTNUMBER"", ""start"": 15, ""end"": 25, ""text"": ""196@@ 13@@ 57@@ 9@@ 13@@ 57@@ 91 ( Techcombank )""}, {""type"": ""CURRENCYNAME"", ""start"": 42, ""end"": 44, ""text"": ""Đô_la Mỹ""}, {""type"": ""CURRENCYCODE"", ""start"": 45, ""end"": 46, ""text"": ""VND""}]",O O O O O O O O O O O O O O O B-ACCOUNTNUMBER I-ACCOUNTNUMBER I-ACCOUNTNUMBER I-ACCOUNTNUMBER I-ACCOUNTNUMBER I-ACCOUNTNUMBER I-ACCOUNTNUMBER I-ACCOUNTNUMBER I-ACCOUNTNUMBER I-ACCOUNTNUMBER O O O O O O O O O O O O O O O O O B-CURRENCYNAME I-CURRENCYNAME O B-CURRENCYSYMBOL O O,O O O O O O O O O O O O O O O B-ACCOUNTNUMBER I-ACCOUNTNUMBER I-ACCOUNTNUMBER I-ACCOUNTNUMBER I-ACCOUNTNUMBER I-ACCOUNTNUMBER I-ACCOUNTNUMBER I-ACCOUNTNUMBER I-ACCOUNTNUMBER I-ACCOUNTNUMBER O O O O O O O O O O O O O O O O O B-CURRENCYNAME I-CURRENCYNAME O B-CURRENCYCODE O O,0.6666666666666666,"[{""type"": ""ACCOUNTNUMBER"", ""start"": 21, ""end"": 31, ""text"": ""▁1961 357 91 357 91 ▁( Tech com bank ).""}, {""type"": ""CURRENCYNAME"", ""start"": 53, ""end"": 56, ""text"": ""▁Đô ▁la ▁Mỹ""}, {""type"": ""CURRENCYSYMBOL"", ""start"": 57, ""end"": 59, ""text"": ""VN D""}]","[{""type"": ""ACCOUNTNUMBER"", ""start"": 21, ""end"": 31, ""text"": ""▁1961 357 91 357 91 ▁( Tech com bank ).""}, {""type"": ""CURRENCYNAME"", ""start"": 53, ""end"": 56, ""text"": ""▁Đô ▁la ▁Mỹ""}, {""type"": ""CURRENCYCODE"", ""start"": 57, ""end"": 59, ""text"": ""VN D""}]",O O O O O O O O O O O O O O O O O O O O O B-ACCOUNTNUMBER I-ACCOUNTNUMBER I-ACCOUNTNUMBER I-ACCOUNTNUMBER I-ACCOUNTNUMBER I-ACCOUNTNUMBER I-ACCOUNTNUMBER I-ACCOUNTNUMBER I-ACCOUNTNUMBER I-ACCOUNTNUMBER O O O O O O O O O O O O O O O O O O O O O O B-CURRENCYNAME I-CURRENCYNAME I-CURRENCYNAME O B-CURRENCYSYMBOL I-CURRENCYSYMBOL O,O O O O O O O O O O O O O O O O O O O O O B-ACCOUNTNUMBER I-ACCOUNTNUMBER I-ACCOUNTNUMBER I-ACCOUNTNUMBER I-ACCOUNTNUMBER I-ACCOUNTNUMBER I-ACCOUNTNUMBER I-ACCOUNTNUMBER I-ACCOUNTNUMBER I-ACCOUNTNUMBER O O O O O O O O O O O O O O O O O O O O O O B-CURRENCYNAME I-CURRENCYNAME I-CURRENCYNAME O B-CURRENCYCODE I-CURRENCYCODE O
2837,"Kính gửi Điệp, chúng tôi xin nhắc bạn về buổi trị liệu nhận thức sắp tới vào ngày 23.04.1983 lúc 15h15p. Địa điểm tại 339 đường Hẻm 466 Lê Văn Lương, Xã Tà Xùa, Thanh Hóa 68903. Phí tương ứng là $815,998.96, nếu có bất kỳ câu hỏi nào, vui lòng gọi cho chúng tôi theo số 0935365462.",True,0.8181818181818182,"[{""type"": ""FIRSTNAME"", ""start"": 2, ""end"": 3, ""text"": ""Điệp""}, {""type"": ""DATE"", ""start"": 16, ""end"": 19, ""text"": ""23.0@@ 4.@@ 1983""}, {""type"": ""TIME"", ""start"": 20, ""end"": 24, ""text"": ""15@@ h@@ 15@@ p""}, {""type"": ""BUILDINGNUMBER"", ""start"": 27, ""end"": 28, ""text"": ""339""}, {""type"": ""STREET"", ""start"": 29, ""end"": 32, ""text"": ""Hẻm 466 Lê_Văn_Lương""}, {""type"": ""CITY"", ""start"": 33, ""end"": 36, ""text"": ""Xã Tà_@@ Xùa""}, {""type"": ""STATE"", ""start"": 37, ""end"": 38, ""text"": ""Thanh_Hoá""}, {""type"": ""ZIPCODE"", ""start"": 38, ""end"": 41, ""text"": ""68@@ 9@@ 03""}, {""type"": ""AMOUNT"", ""start"": 46, ""end"": 51, ""text"": ""8@@ 15,@@ 99@@ 8.@@ 96""}, {""type"": ""PHONENUMBER"", ""start"": 65, ""end"": 70, ""text"": ""09@@ 35@@ 36@@ 54@@ 62""}]","[{""type"": ""FIRSTNAME"", ""start"": 2, ""end"": 3, ""text"": ""Điệp""}, {""type"": ""DATE"", ""start"": 16, ""end"": 18, ""text"": ""23.0@@ 4.@@""}, {""type"": ""DOB"", ""start"": 18, ""end"": 19, ""text"": ""1983""}, {""type"": ""TIME"", ""start"": 20, ""end"": 24, ""text"": ""15@@ h@@ 15@@ p""}, {""type"": ""BUILDINGNUMBER"", ""start"": 27, ""end"": 28, ""text"": ""339""}, {""type"": ""STREET"", ""start"": 29, ""end"": 32, ""text"": ""Hẻm 466 Lê_Văn_Lương""}, {""type"": ""CITY"", ""start"": 33, ""end"": 36, ""text"": ""Xã Tà_@@ Xùa""}, {""type"": ""STATE"", ""start"": 37, ""end"": 38, ""text"": ""Thanh_Hoá""}, {""type"": ""ZIPCODE"", ""start"": 38, ""end"": 41, ""text"": ""68@@ 9@@ 03""}, {""type"": ""CURRENCYSYMBOL"", ""start"": 45, ""end"": 46, ""text"": ""$@@""}, {""type"": ""AMOUNT"", ""start"": 46, ""end"": 51, ""text"": ""8@@ 15,@@ 99@@ 8.@@ 96""}, {""type"": ""PHONENUMBER"", ""start"": 65, ""end"": 70, ""text"": ""09@@ 35@@ 36@@ 54@@ 62""}]",O O B-FIRSTNAME O O O O O O O O O O O O O B-DATE I-DATE I-DATE O B-TIME I-TIME I-TIME I-TIME O O O B-BUILDINGNUMBER O B-STREET I-STREET I-STREET O B-CITY I-CITY I-CITY O B-STATE B-ZIPCODE I-ZIPCODE I-ZIPCODE O O O O O B-AMOUNT I-AMOUNT I-AMOUNT I-AMOUNT I-AMOUNT O O O O O O O O O O O O O O B-PHONENUMBER I-PHONENUMBER I-PHONENUMBER I-PHONENUMBER I-PHONENUMBER O,O O B-FIRSTNAME O O O O O O O O O O O O O B-DATE I-DATE I-DOB O B-TIME I-TIME I-TIME I-TIME O O O B-BUILDINGNUMBER O B-STREET I-STREET I-STREET O B-CITY I-CITY I-CITY O B-STATE B-ZIPCODE I-ZIPCODE I-ZIPCODE O O O O B-CURRENCYSYMBOL B-AMOUNT I-AMOUNT I-AMOUNT I-AMOUNT I-AMOUNT O O O O O O O O O O O O O O B-PHONENUMBER I-PHONENUMBER I-PHONENUMBER I-PHONENUMBER I-PHONENUMBER O,0.9523809523809523,"[{""type"": ""FIRSTNAME"", ""start"": 2, ""end"": 3, ""text"": ""Điệp""}, {""type"": ""DATE"", ""start"": 16, ""end"": 19, ""text"": ""23.0@@ 4.@@ 1983""}, {""type"": ""TIME"", ""start"": 20, ""end"": 24, ""text"": ""15@@ h@@ 15@@ p""}, {""type"": ""BUILDINGNUMBER"", ""start"": 27, ""end"": 28, ""text"": ""339""}, {""type"": ""STREET"", ""start"": 29, ""end"": 32, ""text"": ""Hẻm 466 Lê_Văn_Lương""}, {""type"": ""CITY"", ""start"": 33, ""end"": 36, ""text"": ""Xã Tà_@@ Xùa""}, {""type"": ""STATE"", ""start"": 37, ""end"": 38, ""text"": ""Thanh_Hoá""}, {""type"": ""ZIPCODE"", ""start"": 38, ""end"": 41, ""text"": ""68@@ 9@@ 03""}, {""type"": ""AMOUNT"", ""start"": 46, ""end"": 51, ""text"": ""8@@ 15,@@ 99@@ 8.@@ 96""}, {""type"": ""PHONENUMBER"", ""start"": 65, ""end"": 70, ""text"": ""09@@ 35@@ 36@@ 54@@ 62""}]","[{""type"": ""FIRSTNAME"", ""start"": 2, ""end"": 3, ""text"": ""Điệp""}, {""type"": ""DATE"", ""start"": 16, ""end"": 19, ""text"": ""23.0@@ 4.@@ 1983""}, {""type"": ""TIME"", ""start"": 20, ""end"": 24, ""text"": ""15@@ h@@ 15@@ p""}, {""type"": ""BUILDINGNUMBER"", ""start"": 27, ""end"": 28, ""text"": ""339""}, {""type"": ""STREET"", ""start"": 29, ""end"": 32, ""text"": ""Hẻm 466 Lê_Văn_Lương""}, {""type"": ""CITY"", ""start"": 33, ""end"": 36, ""text"": ""Xã Tà_@@ Xùa""}, {""type"": ""STATE"", ""start"": 37, ""end"": 38, ""text"": ""Thanh_Hoá""}, {""type"": ""ZIPCODE"", ""start"": 38, ""end"": 41, ""text"": ""68@@ 9@@ 03""}, {""type"": ""CURRENCYSYMBOL"", ""start"": 45, ""end"": 46, ""text"": ""$@@""}, {""type"": ""AMOUNT"", ""start"": 46, ""end"": 51, ""text"": ""8@@ 15,@@ 99@@ 8.@@ 96""}, {""type"": ""PHONENUMBER"", ""start"": 65, ""end"": 70, ""text"": ""09@@ 35@@ 36@@ 54@@ 62""}]",O O B-FIRSTNAME O O O O O O O O O O O O O B-DATE I-DATE I-DATE O B-TIME I-TIME I-TIME I-TIME O O O B-BUILDINGNUMBER O B-STREET I-STREET I-STREET O B-CITY I-CITY I-CITY O B-STATE B-ZIPCODE I-ZIPCODE I-ZIPCODE O O O O O B-AMOUNT I-AMOUNT I-AMOUNT I-AMOUNT I-AMOUNT O O O O O O O O O O O O O O B-PHONENUMBER I-PHONENUMBER I-PHONENUMBER I-PHONENUMBER I-PHONENUMBER O,O O B-FIRSTNAME O O O O O O O O O O O O O B-DATE I-DATE I-DATE O B-TIME I-TIME I-TIME I-TIME O O O B-BUILDINGNUMBER O B-STREET I-STREET I-STREET O B-CITY I-CITY I-CITY O B-STATE B-ZIPCODE I-ZIPCODE I-ZIPCODE O O O O B-CURRENCYSYMBOL B-AMOUNT I-AMOUNT I-AMOUNT I-AMOUNT I-AMOUNT O O O O O O O O O O O O O O B-PHONENUMBER I-PHONENUMBER I-PHONENUMBER I-PHONENUMBER I-PHONENUMBER O,0.9523809523809523,"[{""type"": ""FIRSTNAME"", ""start"": 2, ""end"": 3, ""text"": ""Điệp""}, {""type"": ""DATE"", ""start"": 16, ""end"": 19, ""text"": ""23.0@@ 4.@@ 1983""}, {""type"": ""TIME"", ""start"": 20, ""end"": 24, ""text"": ""15@@ h@@ 15@@ p""}, {""type"": ""BUILDINGNUMBER"", ""start"": 27, ""end"": 28, ""text"": ""339""}, {""type"": ""STREET"", ""start"": 29, ""end"": 32, ""text"": ""Hẻm 466 Lê_Văn_Lương""}, {""type"": ""CITY"", ""start"": 33, ""end"": 36, ""text"": ""Xã Tà_@@ Xùa""}, {""type"": ""STATE"", ""start"": 37, ""end"": 38, ""text"": ""Thanh_Hoá""}, {""type"": ""ZIPCODE"", ""start"": 38, ""end"": 41, ""text"": ""68@@ 9@@ 03""}, {""type"": ""AMOUNT"", ""start"": 46, ""end"": 51, ""text"": ""8@@ 15,@@ 99@@ 8.@@ 96""}, {""type"": ""PHONENUMBER"", ""start"": 65, ""end"": 70, ""text"": ""09@@ 35@@ 36@@ 54@@ 62""}]","[{""type"": ""FIRSTNAME"", ""start"": 2, ""end"": 3, ""text"": ""Điệp""}, {""type"": ""DATE"", ""start"": 16, ""end"": 19, ""text"": ""23.0@@ 4.@@ 1983""}, {""type"": ""TIME"", ""start"": 20, ""end"": 24, ""text"": ""15@@ h@@ 15@@ p""}, {""type"": ""BUILDINGNUMBER"", ""start"": 27, ""end"": 28, ""text"": ""339""}, {""type"": ""STREET"", ""start"": 29, ""end"": 32, ""text"": ""Hẻm 466 Lê_Văn_Lương""}, {""type"": ""CITY"", ""start"": 33, ""end"": 36, ""text"": ""Xã Tà_@@ Xùa""}, {""type"": ""STATE"", ""start"": 37, ""end"": 38, ""text"": ""Thanh_Hoá""}, {""type"": ""ZIPCODE"", ""start"": 38, ""end"": 41, ""text"": ""68@@ 9@@ 03""}, {""type"": ""CURRENCYSYMBOL"", ""start"": 45, ""end"": 46, ""text"": ""$@@""}, {""type"": ""AMOUNT"", ""start"": 46, ""end"": 51, ""text"": ""8@@ 15,@@ 99@@ 8.@@ 96""}, {""type"": ""PHONENUMBER"", ""start"": 65, ""end"": 70, ""text"": ""09@@ 35@@ 36@@ 54@@ 62""}]",O O B-FIRSTNAME O O O O O O O O O O O O O B-DATE I-DATE I-DATE O B-TIME I-TIME I-TIME I-TIME O O O B-BUILDINGNUMBER O B-STREET I-STREET I-STREET O B-CITY I-CITY I-CITY O B-STATE B-ZIPCODE I-ZIPCODE I-ZIPCODE O O O O O B-AMOUNT I-AMOUNT I-AMOUNT I-AMOUNT I-AMOUNT O O O O O O O O O O O O O O B-PHONENUMBER I-PHONENUMBER I-PHONENUMBER I-PHONENUMBER I-PHONENUMBER O,O O B-FIRSTNAME O O O O O O O O O O O O O B-DATE I-DATE I-DATE O B-TIME I-TIME I-TIME I-TIME O O O B-BUILDINGNUMBER O B-STREET I-STREET I-STREET O B-CITY I-CITY I-CITY O B-STATE B-ZIPCODE I-ZIPCODE I-ZIPCODE O O O O B-CURRENCYSYMBOL B-AMOUNT I-AMOUNT I-AMOUNT I-AMOUNT I-AMOUNT O O O O O O O O O O O O O O B-PHONENUMBER I-PHONENUMBER I-PHONENUMBER I-PHONENUMBER I-PHONENUMBER O,0.9600000000000001,"[{""type"": ""FIRSTNAME"", ""start"": 4, ""end"": 7, ""text"": ""▁Đi ệ p""}, {""type"": ""DATE"", ""start"": 23, ""end"": 26, ""text"": ""▁23. 04. 1983""}, {""type"": ""TIME"", ""start"": 27, ""end"": 31, ""text"": ""▁15 h 15 p""}, {""type"": ""BUILDINGNUMBER"", ""start"": 35, ""end"": 36, ""text"": ""▁""}, {""type"": ""BUILDINGNUMBER"", ""start"": 36, ""end"": 37, ""text"": ""339""}, {""type"": ""STREET"", ""start"": 38, ""end"": 46, ""text"": ""▁H ẻ m ▁ 466 ▁Lê ▁Văn ▁Lương""}, {""type"": ""CITY"", ""start"": 47, ""end"": 53, ""text"": ""▁Xã ▁T à ▁X ù a""}, {""type"": ""STATE"", ""start"": 54, ""end"": 56, ""text"": ""▁Thanh ▁Hóa""}, {""type"": ""ZIPCODE"", ""start"": 56, ""end"": 57, ""text"": ""▁""}, {""type"": ""ZIPCODE"", ""start"": 57, ""end"": 59, ""text"": ""689 03.""}, {""type"": ""AMOUNT"", ""start"": 64, ""end"": 70, ""text"": ""8 15 , 998 . 96""}, {""type"": ""PHONENUMBER"", ""start"": 87, ""end"": 91, ""text"": ""▁09 35 365 462""}]","[{""type"": ""FIRSTNAME"", ""start"": 4, ""end"": 7, ""text"": ""▁Đi ệ p""}, {""type"": ""DATE"", ""start"": 23, ""end"": 26, ""text"": ""▁23. 04. 1983""}, {""type"": ""TIME"", ""start"": 27, ""end"": 31, ""text"": ""▁15 h 15 p""}, {""type"": ""BUILDINGNUMBER"", ""start"": 35, ""end"": 36, ""text"": ""▁""}, {""type"": ""BUILDINGNUMBER"", ""start"": 36, ""end"": 37, ""text"": ""339""}, {""type"": ""STREET"", ""start"": 38, ""end"": 46, ""text"": ""▁H ẻ m ▁ 466 ▁Lê ▁Văn ▁Lương""}, {""type"": ""CITY"", ""start"": 47, ""end"": 53, ""text"": ""▁Xã ▁T à ▁X ù a""}, {""type"": ""STATE"", ""start"": 54, ""end"": 56, ""text"": ""▁Thanh ▁Hóa""}, {""type"": ""ZIPCODE"", ""start"": 56, ""end"": 57, ""text"": ""▁""}, {""type"": ""ZIPCODE"", ""start"": 57, ""end"": 59, ""text"": ""689 03.""}, {""type"": ""CURRENCYSYMBOL"", ""start"": 63, ""end"": 64, ""text"": ""▁$""}, {""type"": ""AMOUNT"", ""start"": 64, ""end"": 70, ""text"": ""8 15 , 998 . 96""}, {""type"": ""PHONENUMBER"", ""start"": 87, ""end"": 91, ""text"": ""▁09 35 365 462""}]",O O O O B-FIRSTNAME I-FIRSTNAME I-FIRSTNAME O O O O O O O O O O O O O O O O B-DATE I-DATE I-DATE O B-TIME I-TIME I-TIME I-TIME O O O O B-BUILDINGNUMBER B-BUILDINGNUMBER O B-STREET I-STREET I-STREET I-STREET I-STREET I-STREET I-STREET I-STREET O B-CITY I-CITY I-CITY I-CITY I-CITY I-CITY O B-STATE I-STATE B-ZIPCODE B-ZIPCODE I-ZIPCODE O O O O O B-AMOUNT I-AMOUNT I-AMOUNT I-AMOUNT I-AMOUNT I-AMOUNT O O O O O O O O O O O O O O O O O B-PHONENUMBER I-PHONENUMBER I-PHONENUMBER I-PHONENUMBER O,O O O O B-FIRSTNAME I-FIRSTNAME I-FIRSTNAME O O O O O O O O O O O O O O O O B-DATE I-DATE I-DATE O B-TIME I-TIME I-TIME I-TIME O O O O B-BUILDINGNUMBER B-BUILDINGNUMBER O B-STREET I-STREET I-STREET I-STREET I-STREET I-STREET I-STREET I-STREET O B-CITY I-CITY I-CITY I-CITY I-CITY I-CITY O B-STATE I-STATE B-ZIPCODE B-ZIPCODE I-ZIPCODE O O O O B-CURRENCYSYMBOL B-AMOUNT I-AMOUNT I-AMOUNT I-AMOUNT I-AMOUNT I-AMOUNT O O O O O O O O O O O O O O O O O B-PHONENUMBER I-PHONENUMBER I-PHONENUMBER I-PHONENUMBER O
2902,"Ngọc, trong khuôn khổ những nỗ lực liên tục của chúng tôi để duy trì sự đa dạng, chúng tôi muốn bạn tham dự một hội thảo dành cho các nhà tâm lý học lâm sàng nữ. Vui lòng đặt vé của bạn bằng thẻ tín dụng union pay và theo dõi chi phí.",True,0.8,"[{""type"": ""FIRSTNAME"", ""start"": 0, ""end"": 1, ""text"": ""Ngọc""}, {""type"": ""CREDITCARDISSUER"", ""start"": 36, ""end"": 38, ""text"": ""union pay""}]","[{""type"": ""FIRSTNAME"", ""start"": 0, ""end"": 1, ""text"": ""Ngọc""}, {""type"": ""GENDER"", ""start"": 26, ""end"": 27, ""text"": ""nữ""}, {""type"": ""CREDITCARDISSUER"", ""start"": 36, ""end"": 38, ""text"": ""union pay""}]",B-FIRSTNAME O O O O O O O O O O O O O O O O O O O O O O O O O O O O O O O O O O O B-CREDITCARDISSUER I-CREDITCARDISSUER O O O O,B-FIRSTNAME O O O O O O O O O O O O O O O O O O O O O O O O O B-GENDER O O O O O O O O O B-CREDITCARDISSUER I-CREDITCARDISSUER O O O O,0.8,"[{""type"": ""FIRSTNAME"", ""start"": 0, ""end"": 1, ""text"": ""Ngọc""}, {""type"": ""CREDITCARDISSUER"", ""start"": 36, ""end"": 38, ""text"": ""union pay""}]","[{""type"": ""FIRSTNAME"", ""start"": 0, ""end"": 1, ""text"": ""Ngọc""}, {""type"": ""GENDER"", ""start"": 26, ""end"": 27, ""text"": ""nữ""}, {""type"": ""CREDITCARDISSUER"", ""start"": 36, ""end"": 38, ""text"": ""union pay""}]",B-FIRSTNAME O O O O O O O O O O O O O O O O O O O O O O O O O O O O O O O O O O O B-CREDITCARDISSUER I-CREDITCARDISSUER O O O O,B-FIRSTNAME O O O O O O O O O O O O O O O O O O O O O O O O O B-GENDER O O O O O O O O O B-CREDITCARDISSUER I-CREDITCARDISSUER O O O O,0.4,"[{""type"": ""FIRSTNAME"", ""start"": 0, ""end"": 1, ""text"": ""Ngọc""}, {""type"": ""CREDITCARDISSUER"", ""start"": 36, ""end"": 38, ""text"": ""union pay""}]","[{""type"": ""MIDDLENAME"", ""start"": 0, ""end"": 1, ""text"": ""Ngọc""}, {""type"": ""GENDER"", ""start"": 26, ""end"": 27, ""text"": ""nữ""}, {""type"": ""CREDITCARDISSUER"", ""start"": 36, ""end"": 38, ""text"": ""union pay""}]",B-FIRSTNAME O O O O O O O O O O O O O O O O O O O O O O O O O O O O O O O O O O O B-CREDITCARDISSUER I-CREDITCARDISSUER O O O O,B-MIDDLENAME O O O O O O O O O O O O O O O O O O O O O O O O O B-GENDER O O O O O O O O O B-CREDITCARDISSUER I-CREDITCARDISSUER O O O O,0.8,"[{""type"": ""FIRSTNAME"", ""start"": 0, ""end"": 1, ""text"": ""▁Ngọc""}, {""type"": ""CREDITCARDISSUER"", ""start"": 50, ""end"": 52, ""text"": ""▁union ▁pay""}]","[{""type"": ""FIRSTNAME"", ""start"": 0, ""end"": 1, ""text"": ""▁Ngọc""}, {""type"": ""GENDER"", ""start"": 38, ""end"": 39, ""text"": ""▁nữ""}, {""type"": ""CREDITCARDISSUER"", ""start"": 50, ""end"": 52, ""text"": ""▁union ▁pay""}]",B-FIRSTNAME O O O O O O O O O O O O O O O O O O O O O O O O O O O O O O O O O O O O O O O O O O O O O O O O O B-CREDITCARDISSUER I-CREDITCARDISSUER O O O O O O,B-FIRSTNAME O O O O O O O O O O O O O O O O O O O O O O O O O O O O O O O O O O O O O B-GENDER O O O O O O O O O O O B-CREDITCARDISSUER I-CREDITCARDISSUER O O O O O O
2919,"Chào, đây là lời nhắc nhẹ nhàng về cuộc hẹn tiếp theo vào 07/06/81 liên quan đến chăm sóc răng miệng. Hóa đơn có thể được thanh toán qua ví tiền điện tử 1pAoch9qLLiRpyo6kmZMxesALn3 hoặc litecoin 3f9vqZm65SyQ3aLCzFBjZKVebw8Vr. Trân trọng, Vissan",True,0.5,"[{""type"": ""DOB"", ""start"": 12, ""end"": 15, ""text"": ""07/@@ 06/@@ 81""}, {""type"": ""BITCOINADDRESS"", ""start"": 29, ""end"": 49, ""text"": ""1@@ p@@ A@@ och@@ 9@@ q@@ L@@ Li@@ R@@ p@@ yo@@ 6@@ km@@ Z@@ M@@ x@@ es@@ AL@@ n@@ 3""}, {""type"": ""LITECOINADDRESS"", ""start"": 53, ""end"": 77, ""text"": ""3@@ f@@ 9@@ v@@ q@@ Z@@ m@@ 65@@ Sy@@ Q@@ 3@@ a@@ L@@ C@@ z@@ FB@@ j@@ Z@@ KV@@ eb@@ w@@ 8@@ V@@ r""}, {""type"": ""COMPANYNAME"", ""start"": 80, ""end"": 81, ""text"": ""Vissan""}]","[{""type"": ""DATE"", ""start"": 12, ""end"": 15, ""text"": ""07/@@ 06/@@ 81""}, {""type"": ""BITCOINADDRESS"", ""start"": 29, ""end"": 49, ""text"": ""1@@ p@@ A@@ och@@ 9@@ q@@ L@@ Li@@ R@@ p@@ yo@@ 6@@ km@@ Z@@ M@@ x@@ es@@ AL@@ n@@ 3""}, {""type"": ""LITECOINADDRESS"", ""start"": 53, ""end"": 77, ""text"": ""3@@ f@@ 9@@ v@@ q@@ Z@@ m@@ 65@@ Sy@@ Q@@ 3@@ a@@ L@@ C@@ z@@ FB@@ j@@ Z@@ KV@@ eb@@ w@@ 8@@ V@@ r""}, {""type"": ""FIRSTNAME"", ""start"": 80, ""end"": 81, ""text"": ""Vissan""}]",O O O O O O O O O O O O B-DOB I-DOB I-DOB O O O O O O O O O O O O O O B-BITCOINADDRESS I-BITCOINADDRESS I-BITCOINADDRESS I-BITCOINADDRESS I-BITCOINADDRESS I-BITCOINADDRESS I-BITCOINADDRESS I-BITCOINADDRESS I-BITCOINADDRESS I-BITCOINADDRESS I-BITCOINADDRESS I-BITCOINADDRESS I-BITCOINADDRESS I-BITCOINADDRESS I-BITCOINADDRESS I-BITCOINADDRESS I-BITCOINADDRESS I-BITCOINADDRESS I-BITCOINADDRESS I-BITCOINADDRESS O O O O B-LITECOINADDRESS I-LITECOINADDRESS I-LITECOINADDRESS I-LITECOINADDRESS I-LITECOINADDRESS I-LITECOINADDRESS I-LITECOINADDRESS I-LITECOINADDRESS I-LITECOINADDRESS I-LITECOINADDRESS I-LITECOINADDRESS I-LITECOINADDRESS I-LITECOINADDRESS I-LITECOINADDRESS I-LITECOINADDRESS I-LITECOINADDRESS I-LITECOINADDRESS I-LITECOINADDRESS I-LITECOINADDRESS I-LITECOINADDRESS I-LITECOINADDRESS I-LITECOINADDRESS I-LITECOINADDRESS I-LITECOINADDRESS O O O B-COMPANYNAME,O O O O O O O O O O O O B-DATE I-DATE I-DATE O O O O O O O O O O O O O O B-BITCOINADDRESS I-BITCOINADDRESS I-BITCOINADDRESS I-BITCOINADDRESS I-BITCOINADDRESS I-BITCOINADDRESS I-BITCOINADDRESS I-BITCOINADDRESS I-BITCOINADDRESS I-BITCOINADDRESS I-BITCOINADDRESS I-BITCOINADDRESS I-BITCOINADDRESS I-BITCOINADDRESS I-BITCOINADDRESS I-BITCOINADDRESS I-BITCOINADDRESS I-BITCOINADDRESS I-BITCOINADDRESS I-BITCOINADDRESS O O O O B-LITECOINADDRESS I-LITECOINADDRESS I-LITECOINADDRESS I-LITECOINADDRESS I-LITECOINADDRESS I-LITECOINADDRESS I-LITECOINADDRESS I-LITECOINADDRESS I-LITECOINADDRESS I-LITECOINADDRESS I-LITECOINADDRESS I-LITECOINADDRESS I-LITECOINADDRESS I-LITECOINADDRESS I-LITECOINADDRESS I-LITECOINADDRESS I-LITECOINADDRESS I-LITECOINADDRESS I-LITECOINADDRESS I-LITECOINADDRESS I-LITECOINADDRESS I-LITECOINADDRESS I-LITECOINADDRESS I-LITECOINADDRESS O O O B-FIRSTNAME,0.75,"[{""type"": ""DOB"", ""start"": 12, ""end"": 15, ""text"": ""07/@@ 06/@@ 81""}, {""type"": ""BITCOINADDRESS"", ""start"": 29, ""end"": 49, ""text"": ""1@@ p@@ A@@ och@@ 9@@ q@@ L@@ Li@@ R@@ p@@ yo@@ 6@@ km@@ Z@@ M@@ x@@ es@@ AL@@ n@@ 3""}, {""type"": ""LITECOINADDRESS"", ""start"": 53, ""end"": 77, ""text"": ""3@@ f@@ 9@@ v@@ q@@ Z@@ m@@ 65@@ Sy@@ Q@@ 3@@ a@@ L@@ C@@ z@@ FB@@ j@@ Z@@ KV@@ eb@@ w@@ 8@@ V@@ r""}, {""type"": ""COMPANYNAME"", ""start"": 80, ""end"": 81, ""text"": ""Vissan""}]","[{""type"": ""DATE"", ""start"": 12, ""end"": 15, ""text"": ""07/@@ 06/@@ 81""}, {""type"": ""BITCOINADDRESS"", ""start"": 29, ""end"": 49, ""text"": ""1@@ p@@ A@@ och@@ 9@@ q@@ L@@ Li@@ R@@ p@@ yo@@ 6@@ km@@ Z@@ M@@ x@@ es@@ AL@@ n@@ 3""}, {""type"": ""LITECOINADDRESS"", ""start"": 53, ""end"": 77, ""text"": ""3@@ f@@ 9@@ v@@ q@@ Z@@ m@@ 65@@ Sy@@ Q@@ 3@@ a@@ L@@ C@@ z@@ FB@@ j@@ Z@@ KV@@ eb@@ w@@ 8@@ V@@ r""}, {""type"": ""COMPANYNAME"", ""start"": 80, ""end"": 81, ""text"": ""Vissan""}]",O O O O O O O O O O O O B-DOB I-DOB I-DOB O O O O O O O O O O O O O O B-BITCOINADDRESS I-BITCOINADDRESS I-BITCOINADDRESS I-BITCOINADDRESS I-BITCOINADDRESS I-BITCOINADDRESS I-BITCOINADDRESS I-BITCOINADDRESS I-BITCOINADDRESS I-BITCOINADDRESS I-BITCOINADDRESS I-BITCOINADDRESS I-BITCOINADDRESS I-BITCOINADDRESS I-BITCOINADDRESS I-BITCOINADDRESS I-BITCOINADDRESS I-BITCOINADDRESS I-BITCOINADDRESS I-BITCOINADDRESS O O O O B-LITECOINADDRESS I-LITECOINADDRESS I-LITECOINADDRESS I-LITECOINADDRESS I-LITECOINADDRESS I-LITECOINADDRESS I-LITECOINADDRESS I-LITECOINADDRESS I-LITECOINADDRESS I-LITECOINADDRESS I-LITECOINADDRESS I-LITECOINADDRESS I-LITECOINADDRESS I-LITECOINADDRESS I-LITECOINADDRESS I-LITECOINADDRESS I-LITECOINADDRESS I-LITECOINADDRESS I-LITECOINADDRESS I-LITECOINADDRESS I-LITECOINADDRESS I-LITECOINADDRESS I-LITECOINADDRESS I-LITECOINADDRESS O O O B-COMPANYNAME,O O O O O O O O O O O O B-DATE I-DATE I-DATE O O O O O O O O O O O O O O B-BITCOINADDRESS I-BITCOINADDRESS I-BITCOINADDRESS I-BITCOINADDRESS I-BITCOINADDRESS I-BITCOINADDRESS I-BITCOINADDRESS I-BITCOINADDRESS I-BITCOINADDRESS I-BITCOINADDRESS I-BITCOINADDRESS I-BITCOINADDRESS I-BITCOINADDRESS I-BITCOINADDRESS I-BITCOINADDRESS I-BITCOINADDRESS I-BITCOINADDRESS I-BITCOINADDRESS I-BITCOINADDRESS I-BITCOINADDRESS O O O O B-LITECOINADDRESS I-LITECOINADDRESS I-LITECOINADDRESS I-LITECOINADDRESS I-LITECOINADDRESS I-LITECOINADDRESS I-LITECOINADDRESS I-LITECOINADDRESS I-LITECOINADDRESS I-LITECOINADDRESS I-LITECOINADDRESS I-LITECOINADDRESS I-LITECOINADDRESS I-LITECOINADDRESS I-LITECOINADDRESS I-LITECOINADDRESS I-LITECOINADDRESS I-LITECOINADDRESS I-LITECOINADDRESS I-LITECOINADDRESS I-LITECOINADDRESS I-LITECOINADDRESS I-LITECOINADDRESS I-LITECOINADDRESS O O O B-COMPANYNAME,0.75,"[{""type"": ""DOB"", ""start"": 12, ""end"": 15, ""text"": ""07/@@ 06/@@ 81""}, {""type"": ""BITCOINADDRESS"", ""start"": 29, ""end"": 49, ""text"": ""1@@ p@@ A@@ och@@ 9@@ q@@ L@@ Li@@ R@@ p@@ yo@@ 6@@ km@@ Z@@ M@@ x@@ es@@ AL@@ n@@ 3""}, {""type"": ""LITECOINADDRESS"", ""start"": 53, ""end"": 77, ""text"": ""3@@ f@@ 9@@ v@@ q@@ Z@@ m@@ 65@@ Sy@@ Q@@ 3@@ a@@ L@@ C@@ z@@ FB@@ j@@ Z@@ KV@@ eb@@ w@@ 8@@ V@@ r""}, {""type"": ""COMPANYNAME"", ""start"": 80, ""end"": 81, ""text"": ""Vissan""}]","[{""type"": ""DATE"", ""start"": 12, ""end"": 15, ""text"": ""07/@@ 06/@@ 81""}, {""type"": ""BITCOINADDRESS"", ""start"": 29, ""end"": 49, ""text"": ""1@@ p@@ A@@ och@@ 9@@ q@@ L@@ Li@@ R@@ p@@ yo@@ 6@@ km@@ Z@@ M@@ x@@ es@@ AL@@ n@@ 3""}, {""type"": ""LITECOINADDRESS"", ""start"": 53, ""end"": 77, ""text"": ""3@@ f@@ 9@@ v@@ q@@ Z@@ m@@ 65@@ Sy@@ Q@@ 3@@ a@@ L@@ C@@ z@@ FB@@ j@@ Z@@ KV@@ eb@@ w@@ 8@@ V@@ r""}, {""type"": ""COMPANYNAME"", ""start"": 80, ""end"": 81, ""text"": ""Vissan""}]",O O O O O O O O O O O O B-DOB I-DOB I-DOB O O O O O O O O O O O O O O B-BITCOINADDRESS I-BITCOINADDRESS I-BITCOINADDRESS I-BITCOINADDRESS I-BITCOINADDRESS I-BITCOINADDRESS I-BITCOINADDRESS I-BITCOINADDRESS I-BITCOINADDRESS I-BITCOINADDRESS I-BITCOINADDRESS I-BITCOINADDRESS I-BITCOINADDRESS I-BITCOINADDRESS I-BITCOINADDRESS I-BITCOINADDRESS I-BITCOINADDRESS I-BITCOINADDRESS I-BITCOINADDRESS I-BITCOINADDRESS O O O O B-LITECOINADDRESS I-LITECOINADDRESS I-LITECOINADDRESS I-LITECOINADDRESS I-LITECOINADDRESS I-LITECOINADDRESS I-LITECOINADDRESS I-LITECOINADDRESS I-LITECOINADDRESS I-LITECOINADDRESS I-LITECOINADDRESS I-LITECOINADDRESS I-LITECOINADDRESS I-LITECOINADDRESS I-LITECOINADDRESS I-LITECOINADDRESS I-LITECOINADDRESS I-LITECOINADDRESS I-LITECOINADDRESS I-LITECOINADDRESS I-LITECOINADDRESS I-LITECOINADDRESS I-LITECOINADDRESS I-LITECOINADDRESS O O O B-COMPANYNAME,O O O O O O O O O O O O B-DATE I-DATE I-DATE O O O O O O O O O O O O O O B-BITCOINADDRESS I-BITCOINADDRESS I-BITCOINADDRESS I-BITCOINADDRESS I-BITCOINADDRESS I-BITCOINADDRESS I-BITCOINADDRESS I-BITCOINADDRESS I-BITCOINADDRESS I-BITCOINADDRESS I-BITCOINADDRESS I-BITCOINADDRESS I-BITCOINADDRESS I-BITCOINADDRESS I-BITCOINADDRESS I-BITCOINADDRESS I-BITCOINADDRESS I-BITCOINADDRESS I-BITCOINADDRESS I-BITCOINADDRESS O O O O B-LITECOINADDRESS I-LITECOINADDRESS I-LITECOINADDRESS I-LITECOINADDRESS I-LITECOINADDRESS I-LITECOINADDRESS I-LITECOINADDRESS I-LITECOINADDRESS I-LITECOINADDRESS I-LITECOINADDRESS I-LITECOINADDRESS I-LITECOINADDRESS I-LITECOINADDRESS I-LITECOINADDRESS I-LITECOINADDRESS I-LITECOINADDRESS I-LITECOINADDRESS I-LITECOINADDRESS I-LITECOINADDRESS I-LITECOINADDRESS I-LITECOINADDRESS I-LITECOINADDRESS I-LITECOINADDRESS I-LITECOINADDRESS O O O B-COMPANYNAME,0.75,"[{""type"": ""DOB"", ""start"": 14, ""end"": 18, ""text"": ""▁07 /06 / 81""}, {""type"": ""BITCOINADDRESS"", ""start"": 38, ""end"": 57, ""text"": ""▁1 p A och 9 q LL i R py o 6 km Z M xes AL n 3""}, {""type"": ""LITECOINADDRESS"", ""start"": 61, ""end"": 83, ""text"": ""▁3 f 9 v q Z m 65 Sy Q 3 a LC z FB j ZK Ve bw 8 V r""}, {""type"": ""COMPANYNAME"", ""start"": 88, ""end"": 90, ""text"": ""▁Viss an""}]","[{""type"": ""DATE"", ""start"": 14, ""end"": 18, ""text"": ""▁07 /06 / 81""}, {""type"": ""BITCOINADDRESS"", ""start"": 38, ""end"": 57, ""text"": ""▁1 p A och 9 q LL i R py o 6 km Z M xes AL n 3""}, {""type"": ""LITECOINADDRESS"", ""start"": 61, ""end"": 83, ""text"": ""▁3 f 9 v q Z m 65 Sy Q 3 a LC z FB j ZK Ve bw 8 V r""}, {""type"": ""COMPANYNAME"", ""start"": 88, ""end"": 90, ""text"": ""▁Viss an""}]",O O O O O O O O O O O O O O B-DOB I-DOB I-DOB I-DOB O O O O O O O O O O O O O O O O O O O O B-BITCOINADDRESS I-BITCOINADDRESS I-BITCOINADDRESS I-BITCOINADDRESS I-BITCOINADDRESS I-BITCOINADDRESS I-BITCOINADDRESS I-BITCOINADDRESS I-BITCOINADDRESS I-BITCOINADDRESS I-BITCOINADDRESS I-BITCOINADDRESS I-BITCOINADDRESS I-BITCOINADDRESS I-BITCOINADDRESS I-BITCOINADDRESS I-BITCOINADDRESS I-BITCOINADDRESS I-BITCOINADDRESS O O O O B-LITECOINADDRESS I-LITECOINADDRESS I-LITECOINADDRESS I-LITECOINADDRESS I-LITECOINADDRESS I-LITECOINADDRESS I-LITECOINADDRESS I-LITECOINADDRESS I-LITECOINADDRESS I-LITECOINADDRESS I-LITECOINADDRESS I-LITECOINADDRESS I-LITECOINADDRESS I-LITECOINADDRESS I-LITECOINADDRESS I-LITECOINADDRESS I-LITECOINADDRESS I-LITECOINADDRESS I-LITECOINADDRESS I-LITECOINADDRESS I-LITECOINADDRESS I-LITECOINADDRESS O O O O O B-COMPANYNAME I-COMPANYNAME,O O O O O O O O O O O O O O B-DATE I-DATE I-DATE I-DATE O O O O O O O O O O O O O O O O O O O O B-BITCOINADDRESS I-BITCOINADDRESS I-BITCOINADDRESS I-BITCOINADDRESS I-BITCOINADDRESS I-BITCOINADDRESS I-BITCOINADDRESS I-BITCOINADDRESS I-BITCOINADDRESS I-BITCOINADDRESS I-BITCOINADDRESS I-BITCOINADDRESS I-BITCOINADDRESS I-BITCOINADDRESS I-BITCOINADDRESS I-BITCOINADDRESS I-BITCOINADDRESS I-BITCOINADDRESS I-BITCOINADDRESS O O O O B-LITECOINADDRESS I-LITECOINADDRESS I-LITECOINADDRESS I-LITECOINADDRESS I-LITECOINADDRESS I-LITECOINADDRESS I-LITECOINADDRESS I-LITECOINADDRESS I-LITECOINADDRESS I-LITECOINADDRESS I-LITECOINADDRESS I-LITECOINADDRESS I-LITECOINADDRESS I-LITECOINADDRESS I-LITECOINADDRESS I-LITECOINADDRESS I-LITECOINADDRESS I-LITECOINADDRESS I-LITECOINADDRESS I-LITECOINADDRESS I-LITECOINADDRESS I-LITECOINADDRESS O O O O O B-COMPANYNAME I-COMPANYNAME
2928,Mục tiêu cho quý này: Tăng cường hỗ trợ cho học sinh có Khuyết tật Học tập tại Ngày 07-07-1991 ở khu vực Phường Hai Bà Trưng. Các hành động sẽ được thực hiện bởi Quân.,True,0.5,"[{""type"": ""DOB"", ""start"": 14, ""end"": 20, ""text"": ""Ngày 0@@ 7-@@ 0@@ 7-@@ 1991""}, {""type"": ""CITY"", ""start"": 22, ""end"": 24, ""text"": ""Phường Hai_Bà_Trưng""}, {""type"": ""FIRSTNAME"", ""start"": 31, ""end"": 32, ""text"": ""Quân""}]","[{""type"": ""DATE"", ""start"": 14, ""end"": 15, ""text"": ""Ngày""}, {""type"": ""DOB"", ""start"": 15, ""end"": 19, ""text"": ""0@@ 7-@@ 0@@ 7-@@""}, {""type"": ""DATE"", ""start"": 19, ""end"": 20, ""text"": ""1991""}, {""type"": ""CITY"", ""start"": 22, ""end"": 24, ""text"": ""Phường Hai_Bà_Trưng""}, {""type"": ""FIRSTNAME"", ""start"": 31, ""end"": 32, ""text"": ""Quân""}]",O O O O O O O O O O O O O O B-DOB I-DOB I-DOB I-DOB I-DOB I-DOB O O B-CITY I-CITY O O O O O O O B-FIRSTNAME O,O O O O O O O O O O O O O O B-DATE I-DOB I-DOB I-DOB I-DOB I-DATE O O B-CITY I-CITY O O O O O O O B-FIRSTNAME O,0.6666666666666666,"[{""type"": ""DOB"", ""start"": 14, ""end"": 20, ""text"": ""Ngày 0@@ 7-@@ 0@@ 7-@@ 1991""}, {""type"": ""CITY"", ""start"": 22, ""end"": 24, ""text"": ""Phường Hai_Bà_Trưng""}, {""type"": ""FIRSTNAME"", ""start"": 31, ""end"": 32, ""text"": ""Quân""}]","[{""type"": ""DATE"", ""start"": 14, ""end"": 20, ""text"": ""Ngày 0@@ 7-@@ 0@@ 7-@@ 1991""}, {""type"": ""CITY"", ""start"": 22, ""end"": 24, ""text"": ""Phường Hai_Bà_Trưng""}, {""type"": ""FIRSTNAME"", ""start"": 31, ""end"": 32, ""text"": ""Quân""}]",O O O O O O O O O O O O O O B-DOB I-DOB I-DOB I-DOB I-DOB I-DOB O O B-CITY I-CITY O O O O O O O B-FIRSTNAME O,O O O O O O O O O O O O O O B-DATE I-DATE I-DATE I-DATE I-DATE I-DATE O O B-CITY I-CITY O O O O O O O B-FIRSTNAME O,0.6666666666666666,"[{""type"": ""DOB"", ""start"": 14, ""end"": 20, ""text"": ""Ngày 0@@ 7-@@ 0@@ 7-@@ 1991""}, {""type"": ""CITY"", ""start"": 22, ""end"": 24, ""text"": ""Phường Hai_Bà_Trưng""}, {""type"": ""FIRSTNAME"", ""start"": 31, ""end"": 32, ""text"": ""Quân""}]","[{""type"": ""DATE"", ""start"": 14, ""end"": 20, ""text"": ""Ngày 0@@ 7-@@ 0@@ 7-@@ 1991""}, {""type"": ""CITY"", ""start"": 22, ""end"": 24, ""text"": ""Phường Hai_Bà_Trưng""}, {""type"": ""FIRSTNAME"", ""start"": 31, ""end"": 32, ""text"": ""Quân""}]",O O O O O O O O O O O O O O B-DOB I-DOB I-DOB I-DOB I-DOB I-DOB O O B-CITY I-CITY O O O O O O O B-FIRSTNAME O,O O O O O O O O O O O O O O B-DATE I-DATE I-DATE I-DATE I-DATE I-DATE O O B-CITY I-CITY O O O O O O O B-FIRSTNAME O,0.6666666666666666,"[{""type"": ""DOB"", ""start"": 21, ""end"": 25, ""text"": ""▁Ngày ▁07 -07- 1991""}, {""type"": ""CITY"", ""start"": 28, ""end"": 32, ""text"": ""▁Phường ▁Hai ▁Bà ▁Trưng""}, {""type"": ""FIRSTNAME"", ""start"": 41, ""end"": 42, ""text"": ""▁Quân""}]","[{""type"": ""DATE"", ""start"": 21, ""end"": 25, ""text"": ""▁Ngày ▁07 -07- 1991""}, {""type"": ""CITY"", ""start"": 28, ""end"": 32, ""text"": ""▁Phường ▁Hai ▁Bà ▁Trưng""}, {""type"": ""FIRSTNAME"", ""start"": 41, ""end"": 42, ""text"": ""▁Quân""}]",O O O O O O O O O O O O O O O O O O O O O B-DOB I-DOB I-DOB I-DOB O O O B-CITY I-CITY I-CITY I-CITY O O O O O O O O O B-FIRSTNAME O,O O O O O O O O O O O O O O O O O O O O O B-DATE I-DATE I-DATE I-DATE O O O B-CITY I-CITY I-CITY I-CITY O O O O O O O O O B-FIRSTNAME O
2936,"Chúng tôi đã sắp xếp một buổi hội thảo đặc biệt về 'Dậy thì, Thanh thiếu niên và hơn thế nữa' vào ngày ngày 16/07/1995. Để buổi hội thảo trở nên tương tác, chúng tôi sẽ gửi các bài tập để các em và phụ huynh hoàn thành. Nếu bạn chưa nhận được, vui lòng gửi email cho chúng tôi từ địa chỉ giaomai763@vnpt.vn đã đăng ký của phụ huynh.",True,0.5,"[{""type"": ""DOB"", ""start"": 21, ""end"": 24, ""text"": ""16/@@ 07/@@ 1995""}, {""type"": ""EMAIL"", ""start"": 56, ""end"": 64, ""text"": ""giao@@ mai@@ 76@@ 3@@ @@@ vn@@ pt@@ .vn""}]","[{""type"": ""DATE"", ""start"": 21, ""end"": 24, ""text"": ""16/@@ 07/@@ 1995""}, {""type"": ""EMAIL"", ""start"": 56, ""end"": 64, ""text"": ""giao@@ mai@@ 76@@ 3@@ @@@ vn@@ pt@@ .vn""}]",O O O O O O O O O O O O O O O O O O O O O I-DOB I-DOB I-DOB O O O O O O O O O O O O O O O O O O O O O O O O O O O O O O O O B-EMAIL I-EMAIL I-EMAIL I-EMAIL I-EMAIL I-EMAIL I-EMAIL I-EMAIL O O O O O,O O O O O O O O O O O O O O O O O O O O O I-DATE I-DATE I-DATE O O O O O O O O O O O O O O O O O O O O O O O O O O O O O O O O B-EMAIL I-EMAIL I-EMAIL I-EMAIL I-EMAIL I-EMAIL I-EMAIL I-EMAIL O O O O O,0.5,"[{""type"": ""DOB"", ""start"": 21, ""end"": 24, ""text"": ""16/@@ 07/@@ 1995""}, {""type"": ""EMAIL"", ""start"": 56, ""end"": 64, ""text"": ""giao@@ mai@@ 76@@ 3@@ @@@ vn@@ pt@@ .vn""}]","[{""type"": ""DATE"", ""start"": 21, ""end"": 24, ""text"": ""16/@@ 07/@@ 1995""}, {""type"": ""EMAIL"", ""start"": 56, ""end"": 64, ""text"": ""giao@@ mai@@ 76@@ 3@@ @@@ vn@@ pt@@ .vn""}]",O O O O O O O O O O O O O O O O O O O O O I-DOB I-DOB I-DOB O O O O O O O O O O O O O O O O O O O O O O O O O O O O O O O O B-EMAIL I-EMAIL I-EMAIL I-EMAIL I-EMAIL I-EMAIL I-EMAIL I-EMAIL O O O O O,O O O O O O O O O O O O O O O O O O O O O I-DATE I-DATE I-DATE O O O O O O O O O O O O O O O O O O O O O O O O O O O O O O O O B-EMAIL I-EMAIL I-EMAIL I-EMAIL I-EMAIL I-EMAIL I-EMAIL I-EMAIL O O O O O,0.5,"[{""type"": ""DOB"", ""start"": 21, ""end"": 24, ""text"": ""16/@@ 07/@@ 1995""}, {""type"": ""EMAIL"", ""start"": 56, ""end"": 64, ""text"": ""giao@@ mai@@ 76@@ 3@@ @@@ vn@@ pt@@ .vn""}]","[{""type"": ""DATE"", ""start"": 21, ""end"": 24, ""text"": ""16/@@ 07/@@ 1995""}, {""type"": ""EMAIL"", ""start"": 56, ""end"": 64, ""text"": ""giao@@ mai@@ 76@@ 3@@ @@@ vn@@ pt@@ .vn""}]",O O O O O O O O O O O O O O O O O O O O O I-DOB I-DOB I-DOB O O O O O O O O O O O O O O O O O O O O O O O O O O O O O O O O B-EMAIL I-EMAIL I-EMAIL I-EMAIL I-EMAIL I-EMAIL I-EMAIL I-EMAIL O O O O O,O O O O O O O O O O O O O O O O O O O O O I-DATE I-DATE I-DATE O O O O O O O O O O O O O O O O O O O O O O O O O O O O O O O O B-EMAIL I-EMAIL I-EMAIL I-EMAIL I-EMAIL I-EMAIL I-EMAIL I-EMAIL O O O O O,0.5,"[{""type"": ""DOB"", ""start"": 27, ""end"": 31, ""text"": ""▁ngày ▁16 /07/ 1995""}, {""type"": ""EMAIL"", ""start"": 73, ""end"": 82, ""text"": ""▁giao mai 76 3 @ vn pt . vn""}]","[{""type"": ""DATE"", ""start"": 27, ""end"": 31, ""text"": ""▁ngày ▁16 /07/ 1995""}, {""type"": ""EMAIL"", ""start"": 73, ""end"": 82, ""text"": ""▁giao mai 76 3 @ vn pt . vn""}]",O O O O O O O O O O O O O O O O O O O O O O O O O O O B-DOB I-DOB I-DOB I-DOB O O O O O O O O O O O O O O O O O O O O O O O O O O O O O O O O O O O O O O O O O O B-EMAIL I-EMAIL I-EMAIL I-EMAIL I-EMAIL I-EMAIL I-EMAIL I-EMAIL I-EMAIL O O O O O O O,O O O O O O O O O O O O O O O O O O O O O O O O O O O B-DATE I-DATE I-DATE I-DATE O O O O O O O O O O O O O O O O O O O O O O O O O O O O O O O O O O O O O O O O O O B-EMAIL I-EMAIL I-EMAIL I-EMAIL I-EMAIL I-EMAIL I-EMAIL I-EMAIL I-EMAIL O O O O O O O
2989,Xin quý khách tham gia chương trình sức khỏe của chúng tôi cho những người trong tuổi 44 qua trang web của chúng tôi :https://lavish-dinner.net.,True,0.5,"[{""type"": ""AGE"", ""start"": 12, ""end"": 13, ""text"": ""44""}, {""type"": ""URL"", ""start"": 17, ""end"": 27, ""text"": "":@@ htt@@ ps@@ ://@@ lav@@ ish@@ -@@ din@@ ner@@ .net.""}]","[{""type"": ""AGE"", ""start"": 12, ""end"": 13, ""text"": ""44""}, {""type"": ""URL"", ""start"": 18, ""end"": 27, ""text"": ""htt@@ ps@@ ://@@ lav@@ ish@@ -@@ din@@ ner@@ .net.""}]",O O O O O O O O O O O O B-AGE O O O O B-URL I-URL I-URL I-URL I-URL I-URL I-URL I-URL I-URL I-URL,O O O O O O O O O O O O B-AGE O O O O O B-URL I-URL I-URL I-URL I-URL I-URL I-URL I-URL I-URL,0.5,"[{""type"": ""AGE"", ""start"": 12, ""end"": 13, ""text"": ""44""}, {""type"": ""URL"", ""start"": 17, ""end"": 27, ""text"": "":@@ htt@@ ps@@ ://@@ lav@@ ish@@ -@@ din@@ ner@@ .net.""}]","[{""type"": ""AGE"", ""start"": 12, ""end"": 13, ""text"": ""44""}, {""type"": ""URL"", ""start"": 18, ""end"": 27, ""text"": ""htt@@ ps@@ ://@@ lav@@ ish@@ -@@ din@@ ner@@ .net.""}]",O O O O O O O O O O O O B-AGE O O O O B-URL I-URL I-URL I-URL I-URL I-URL I-URL I-URL I-URL I-URL,O O O O O O O O O O O O B-AGE O O O O O B-URL I-URL I-URL I-URL I-URL I-URL I-URL I-URL I-URL,0.5,"[{""type"": ""AGE"", ""start"": 12, ""end"": 13, ""text"": ""44""}, {""type"": ""URL"", ""start"": 17, ""end"": 27, ""text"": "":@@ htt@@ ps@@ ://@@ lav@@ ish@@ -@@ din@@ ner@@ .net.""}]","[{""type"": ""AGE"", ""start"": 12, ""end"": 13, ""text"": ""44""}, {""type"": ""URL"", ""start"": 18, ""end"": 27, ""text"": ""htt@@ ps@@ ://@@ lav@@ ish@@ -@@ din@@ ner@@ .net.""}]",O O O O O O O O O O O O B-AGE O O O O B-URL I-URL I-URL I-URL I-URL I-URL I-URL I-URL I-URL I-URL,O O O O O O O O O O O O B-AGE O O O O O B-URL I-URL I-URL I-URL I-URL I-URL I-URL I-URL I-URL,0.5,"[{""type"": ""AGE"", ""start"": 17, ""end"": 18, ""text"": ""▁44""}, {""type"": ""URL"", ""start"": 24, ""end"": 34, ""text"": ""▁: https :// lav ish - di nner . net""}]","[{""type"": ""AGE"", ""start"": 17, ""end"": 18, ""text"": ""▁44""}, {""type"": ""URL"", ""start"": 25, ""end"": 34, ""text"": ""https :// lav ish - di nner . net""}]",O O O O O O O O O O O O O O O O O B-AGE O O O O O O B-URL I-URL I-URL I-URL I-URL I-URL I-URL I-URL I-URL I-URL O,O O O O O O O O O O O O O O O O O B-AGE O O O O O O O B-URL I-URL I-URL I-URL I-URL I-URL I-URL I-URL I-URL O
2996,Chúng tôi nghi ngờ về một số hoạt động gian lận liên quan đến thẻ tín dụng có số 7819906195430558 và CVV 787. Bạn có thể xác nhận các giao dịch cho chúng tôi không?,True,0.3333333333333333,"[{""type"": ""MASKEDNUMBER"", ""start"": 11, ""end"": 18, ""text"": ""78@@ 199@@ 06@@ 195@@ 4@@ 30@@ 558""}, {""type"": ""CREDITCARDCVV"", ""start"": 21, ""end"": 22, ""text"": ""787""}]","[{""type"": ""MASKEDNUMBER"", ""start"": 11, ""end"": 12, ""text"": ""78@@""}, {""type"": ""CREDITCARDNUMBER"", ""start"": 12, ""end"": 13, ""text"": ""199@@""}, {""type"": ""MASKEDNUMBER"", ""start"": 13, ""end"": 18, ""text"": ""06@@ 195@@ 4@@ 30@@ 558""}, {""type"": ""CREDITCARDCVV"", ""start"": 21, ""end"": 22, ""text"": ""787""}]",O O O O O O O O O O O B-MASKEDNUMBER I-MASKEDNUMBER I-MASKEDNUMBER I-MASKEDNUMBER I-MASKEDNUMBER I-MASKEDNUMBER I-MASKEDNUMBER O O O B-CREDITCARDCVV O O O O O O O O O O,O O O O O O O O O O O B-MASKEDNUMBER I-CREDITCARDNUMBER I-MASKEDNUMBER I-MASKEDNUMBER I-MASKEDNUMBER I-MASKEDNUMBER I-MASKEDNUMBER O O O B-CREDITCARDCVV O O O O O O O O O O,0.5,"[{""type"": ""MASKEDNUMBER"", ""start"": 11, ""end"": 18, ""text"": ""78@@ 199@@ 06@@ 195@@ 4@@ 30@@ 558""}, {""type"": ""CREDITCARDCVV"", ""start"": 21, ""end"": 22, ""text"": ""787""}]","[{""type"": ""CREDITCARDNUMBER"", ""start"": 11, ""end"": 18, ""text"": ""78@@ 199@@ 06@@ 195@@ 4@@ 30@@ 558""}, {""type"": ""CREDITCARDCVV"", ""start"": 21, ""end"": 22, ""text"": ""787""}]",O O O O O O O O O O O B-MASKEDNUMBER I-MASKEDNUMBER I-MASKEDNUMBER I-MASKEDNUMBER I-MASKEDNUMBER I-MASKEDNUMBER I-MASKEDNUMBER O O O B-CREDITCARDCVV O O O O O O O O O O,O O O O O O O O O O O B-CREDITCARDNUMBER I-CREDITCARDNUMBER I-CREDITCARDNUMBER I-CREDITCARDNUMBER I-CREDITCARDNUMBER I-CREDITCARDNUMBER I-CREDITCARDNUMBER O O O B-CREDITCARDCVV O O O O O O O O O O,0.5,"[{""type"": ""MASKEDNUMBER"", ""start"": 11, ""end"": 18, ""text"": ""78@@ 199@@ 06@@ 195@@ 4@@ 30@@ 558""}, {""type"": ""CREDITCARDCVV"", ""start"": 21, ""end"": 22, ""text"": ""787""}]","[{""type"": ""CREDITCARDNUMBER"", ""start"": 11, ""end"": 18, ""text"": ""78@@ 199@@ 06@@ 195@@ 4@@ 30@@ 558""}, {""type"": ""CREDITCARDCVV"", ""start"": 21, ""end"": 22, ""text"": ""787""}]",O O O O O O O O O O O B-MASKEDNUMBER I-MASKEDNUMBER I-MASKEDNUMBER I-MASKEDNUMBER I-MASKEDNUMBER I-MASKEDNUMBER I-MASKEDNUMBER O O O B-CREDITCARDCVV O O O O O O O O O O,O O O O O O O O O O O B-CREDITCARDNUMBER I-CREDITCARDNUMBER I-CREDITCARDNUMBER I-CREDITCARDNUMBER I-CREDITCARDNUMBER I-CREDITCARDNUMBER I-CREDITCARDNUMBER O O O B-CREDITCARDCVV O O O O O O O O O O,0.6666666666666666,"[{""type"": ""MASKEDNUMBER"", ""start"": 20, ""end"": 26, ""text"": ""▁78 1990 6 1954 30 558""}, {""type"": ""CREDITCARDCVV"", ""start"": 29, ""end"": 30, ""text"": ""▁""}, {""type"": ""CREDITCARDCVV"", ""start"": 30, ""end"": 31, ""text"": ""787""}]","[{""type"": ""CREDITCARDNUMBER"", ""start"": 20, ""end"": 26, ""text"": ""▁78 1990 6 1954 30 558""}, {""type"": ""CREDITCARDCVV"", ""start"": 29, ""end"": 30, ""text"": ""▁""}, {""type"": ""CREDITCARDCVV"", ""start"": 30, ""end"": 31, ""text"": ""787""}]",O O O O O O O O O O O O O O O O O O O O B-MASKEDNUMBER I-MASKEDNUMBER I-MASKEDNUMBER I-MASKEDNUMBER I-MASKEDNUMBER I-MASKEDNUMBER O O O B-CREDITCARDCVV B-CREDITCARDCVV O O O O O O O O O O O O O O,O O O O O O O O O O O O O O O O O O O O B-CREDITCARDNUMBER I-CREDITCARDNUMBER I-CREDITCARDNUMBER I-CREDITCARDNUMBER I-CREDITCARDNUMBER I-CREDITCARDNUMBER O O O B-CREDITCARDCVV B-CREDITCARDCVV O O O O O O O O O O O O O O
3032,Chúng tôi đã nhận được thanh toán cho các buổi điều trị của Tân từ MasterCard World kết thúc bằng 2508465373853611.,True,0.4,"[{""type"": ""FIRSTNAME"", ""start"": 10, ""end"": 11, ""text"": ""Tân_t@@""}, {""type"": ""CREDITCARDISSUER"", ""start"": 12, ""end"": 14, ""text"": ""MasterCard World""}, {""type"": ""CREDITCARDNUMBER"", ""start"": 16, ""end"": 25, ""text"": ""25@@ 08@@ 46@@ 5@@ 37@@ 38@@ 5@@ 36@@ 11""}]","[{""type"": ""CREDITCARDISSUER"", ""start"": 12, ""end"": 14, ""text"": ""MasterCard World""}, {""type"": ""MASKEDNUMBER"", ""start"": 16, ""end"": 25, ""text"": ""25@@ 08@@ 46@@ 5@@ 37@@ 38@@ 5@@ 36@@ 11""}]",O O O O O O O O O O B-FIRSTNAME O B-CREDITCARDISSUER I-CREDITCARDISSUER O O B-CREDITCARDNUMBER I-CREDITCARDNUMBER I-CREDITCARDNUMBER I-CREDITCARDNUMBER I-CREDITCARDNUMBER I-CREDITCARDNUMBER I-CREDITCARDNUMBER I-CREDITCARDNUMBER I-CREDITCARDNUMBER O,O O O O O O O O O O O O B-CREDITCARDISSUER I-CREDITCARDISSUER O O B-MASKEDNUMBER I-MASKEDNUMBER I-MASKEDNUMBER I-MASKEDNUMBER I-MASKEDNUMBER I-MASKEDNUMBER I-MASKEDNUMBER I-MASKEDNUMBER I-MASKEDNUMBER O,0.3333333333333333,"[{""type"": ""FIRSTNAME"", ""start"": 10, ""end"": 11, ""text"": ""Tân_t@@""}, {""type"": ""CREDITCARDISSUER"", ""start"": 12, ""end"": 14, ""text"": ""MasterCard World""}, {""type"": ""CREDITCARDNUMBER"", ""start"": 16, ""end"": 25, ""text"": ""25@@ 08@@ 46@@ 5@@ 37@@ 38@@ 5@@ 36@@ 11""}]","[{""type"": ""AGE"", ""start"": 10, ""end"": 11, ""text"": ""Tân_t@@""}, {""type"": ""CREDITCARDISSUER"", ""start"": 12, ""end"": 14, ""text"": ""MasterCard World""}, {""type"": ""MASKEDNUMBER"", ""start"": 16, ""end"": 25, ""text"": ""25@@ 08@@ 46@@ 5@@ 37@@ 38@@ 5@@ 36@@ 11""}]",O O O O O O O O O O B-FIRSTNAME O B-CREDITCARDISSUER I-CREDITCARDISSUER O O B-CREDITCARDNUMBER I-CREDITCARDNUMBER I-CREDITCARDNUMBER I-CREDITCARDNUMBER I-CREDITCARDNUMBER I-CREDITCARDNUMBER I-CREDITCARDNUMBER I-CREDITCARDNUMBER I-CREDITCARDNUMBER O,O O O O O O O O O O B-AGE O B-CREDITCARDISSUER I-CREDITCARDISSUER O O B-MASKEDNUMBER I-MASKEDNUMBER I-MASKEDNUMBER I-MASKEDNUMBER I-MASKEDNUMBER I-MASKEDNUMBER I-MASKEDNUMBER I-MASKEDNUMBER I-MASKEDNUMBER O,0.6666666666666666,"[{""type"": ""FIRSTNAME"", ""start"": 10, ""end"": 11, ""text"": ""Tân_t@@""}, {""type"": ""CREDITCARDISSUER"", ""start"": 12, ""end"": 14, ""text"": ""MasterCard World""}, {""type"": ""CREDITCARDNUMBER"", ""start"": 16, ""end"": 25, ""text"": ""25@@ 08@@ 46@@ 5@@ 37@@ 38@@ 5@@ 36@@ 11""}]","[{""type"": ""FIRSTNAME"", ""start"": 10, ""end"": 11, ""text"": ""Tân_t@@""}, {""type"": ""CREDITCARDISSUER"", ""start"": 12, ""end"": 14, ""text"": ""MasterCard World""}, {""type"": ""MASKEDNUMBER"", ""start"": 16, ""end"": 25, ""text"": ""25@@ 08@@ 46@@ 5@@ 37@@ 38@@ 5@@ 36@@ 11""}]",O O O O O O O O O O B-FIRSTNAME O B-CREDITCARDISSUER I-CREDITCARDISSUER O O B-CREDITCARDNUMBER I-CREDITCARDNUMBER I-CREDITCARDNUMBER I-CREDITCARDNUMBER I-CREDITCARDNUMBER I-CREDITCARDNUMBER I-CREDITCARDNUMBER I-CREDITCARDNUMBER I-CREDITCARDNUMBER O,O O O O O O O O O O B-FIRSTNAME O B-CREDITCARDISSUER I-CREDITCARDISSUER O O B-MASKEDNUMBER I-MASKEDNUMBER I-MASKEDNUMBER I-MASKEDNUMBER I-MASKEDNUMBER I-MASKEDNUMBER I-MASKEDNUMBER I-MASKEDNUMBER I-MASKEDNUMBER O,0.6666666666666666,"[{""type"": ""FIRSTNAME"", ""start"": 13, ""end"": 14, ""text"": ""▁Tân""}, {""type"": ""CREDITCARDISSUER"", ""start"": 15, ""end"": 17, ""text"": ""▁MasterCard ▁World""}, {""type"": ""CREDITCARDNUMBER"", ""start"": 20, ""end"": 26, ""text"": ""▁250 84 653 738 536 11""}]","[{""type"": ""FIRSTNAME"", ""start"": 13, ""end"": 14, ""text"": ""▁Tân""}, {""type"": ""CREDITCARDISSUER"", ""start"": 15, ""end"": 17, ""text"": ""▁MasterCard ▁World""}, {""type"": ""MASKEDNUMBER"", ""start"": 20, ""end"": 26, ""text"": ""▁250 84 653 738 536 11""}]",O O O O O O O O O O O O O B-FIRSTNAME O B-CREDITCARDISSUER I-CREDITCARDISSUER O O O B-CREDITCARDNUMBER I-CREDITCARDNUMBER I-CREDITCARDNUMBER I-CREDITCARDNUMBER I-CREDITCARDNUMBER I-CREDITCARDNUMBER O,O O O O O O O O O O O O O B-FIRSTNAME O B-CREDITCARDISSUER I-CREDITCARDISSUER O O O B-MASKEDNUMBER I-MASKEDNUMBER I-MASKEDNUMBER I-MASKEDNUMBER I-MASKEDNUMBER I-MASKEDNUMBER O
3051,"Theo như cuộc trò chuyện của chúng ta, bạn có thể trình bày về những thay đổi trong Luật Thương mại liên quan đến thanh toán điện tử trong cuộc họp nhóm tiếp theo không? Cụ thể, các luật liên quan đến 5631001380300626 dưới vietinbank napas và các hệ quả pháp lý của các phương thức thanh toán ẩn danh có liên quan đến 9139106002253561.",True,0.6666666666666666,"[{""type"": ""CREDITCARDNUMBER"", ""start"": 33, ""end"": 40, ""text"": ""56@@ 3@@ 100@@ 13@@ 80@@ 300@@ 626""}, {""type"": ""CREDITCARDISSUER"", ""start"": 41, ""end"": 46, ""text"": ""viet@@ in@@ bank nap@@ as""}, {""type"": ""MASKEDNUMBER"", ""start"": 58, ""end"": 67, ""text"": ""9@@ 13@@ 9@@ 10@@ 600@@ 2@@ 25@@ 35@@ 61""}]","[{""type"": ""CREDITCARDNUMBER"", ""start"": 33, ""end"": 40, ""text"": ""56@@ 3@@ 100@@ 13@@ 80@@ 300@@ 626""}, {""type"": ""CREDITCARDISSUER"", ""start"": 41, ""end"": 46, ""text"": ""viet@@ in@@ bank nap@@ as""}, {""type"": ""CREDITCARDNUMBER"", ""start"": 58, ""end"": 67, ""text"": ""9@@ 13@@ 9@@ 10@@ 600@@ 2@@ 25@@ 35@@ 61""}]",O O O O O O O O O O O O O O O O O O O O O O O O O O O O O O O O O B-CREDITCARDNUMBER I-CREDITCARDNUMBER I-CREDITCARDNUMBER I-CREDITCARDNUMBER I-CREDITCARDNUMBER I-CREDITCARDNUMBER I-CREDITCARDNUMBER O B-CREDITCARDISSUER I-CREDITCARDISSUER I-CREDITCARDISSUER I-CREDITCARDISSUER I-CREDITCARDISSUER O O O O O O O O O O O O B-MASKEDNUMBER I-MASKEDNUMBER I-MASKEDNUMBER I-MASKEDNUMBER I-MASKEDNUMBER I-MASKEDNUMBER I-MASKEDNUMBER I-MASKEDNUMBER I-MASKEDNUMBER O,O O O O O O O O O O O O O O O O O O O O O O O O O O O O O O O O O B-CREDITCARDNUMBER I-CREDITCARDNUMBER I-CREDITCARDNUMBER I-CREDITCARDNUMBER I-CREDITCARDNUMBER I-CREDITCARDNUMBER I-CREDITCARDNUMBER O B-CREDITCARDISSUER I-CREDITCARDISSUER I-CREDITCARDISSUER I-CREDITCARDISSUER I-CREDITCARDISSUER O O O O O O O O O O O O B-CREDITCARDNUMBER I-CREDITCARDNUMBER I-CREDITCARDNUMBER I-CREDITCARDNUMBER I-CREDITCARDNUMBER I-CREDITCARDNUMBER I-CREDITCARDNUMBER I-CREDITCARDNUMBER I-CREDITCARDNUMBER O,0.6666666666666666,"[{""type"": ""CREDITCARDNUMBER"", ""start"": 33, ""end"": 40, ""text"": ""56@@ 3@@ 100@@ 13@@ 80@@ 300@@ 626""}, {""type"": ""CREDITCARDISSUER"", ""start"": 41, ""end"": 46, ""text"": ""viet@@ in@@ bank nap@@ as""}, {""type"": ""MASKEDNUMBER"", ""start"": 58, ""end"": 67, ""text"": ""9@@ 13@@ 9@@ 10@@ 600@@ 2@@ 25@@ 35@@ 61""}]","[{""type"": ""CREDITCARDNUMBER"", ""start"": 33, ""end"": 40, ""text"": ""56@@ 3@@ 100@@ 13@@ 80@@ 300@@ 626""}, {""type"": ""CREDITCARDISSUER"", ""start"": 41, ""end"": 46, ""text"": ""viet@@ in@@ bank nap@@ as""}, {""type"": ""CREDITCARDNUMBER"", ""start"": 58, ""end"": 67, ""text"": ""9@@ 13@@ 9@@ 10@@ 600@@ 2@@ 25@@ 35@@ 61""}]",O O O O O O O O O O O O O O O O O O O O O O O O O O O O O O O O O B-CREDITCARDNUMBER I-CREDITCARDNUMBER I-CREDITCARDNUMBER I-CREDITCARDNUMBER I-CREDITCARDNUMBER I-CREDITCARDNUMBER I-CREDITCARDNUMBER O B-CREDITCARDISSUER I-CREDITCARDISSUER I-CREDITCARDISSUER I-CREDITCARDISSUER I-CREDITCARDISSUER O O O O O O O O O O O O B-MASKEDNUMBER I-MASKEDNUMBER I-MASKEDNUMBER I-MASKEDNUMBER I-MASKEDNUMBER I-MASKEDNUMBER I-MASKEDNUMBER I-MASKEDNUMBER I-MASKEDNUMBER O,O O O O O O O O O O O O O O O O O O O O O O O O O O O O O O O O O B-CREDITCARDNUMBER I-CREDITCARDNUMBER I-CREDITCARDNUMBER I-CREDITCARDNUMBER I-CREDITCARDNUMBER I-CREDITCARDNUMBER I-CREDITCARDNUMBER O B-CREDITCARDISSUER I-CREDITCARDISSUER I-CREDITCARDISSUER I-CREDITCARDISSUER I-CREDITCARDISSUER O O O O O O O O O O O O B-CREDITCARDNUMBER I-CREDITCARDNUMBER I-CREDITCARDNUMBER I-CREDITCARDNUMBER I-CREDITCARDNUMBER I-CREDITCARDNUMBER I-CREDITCARDNUMBER I-CREDITCARDNUMBER I-CREDITCARDNUMBER O,0.6666666666666666,"[{""type"": ""CREDITCARDNUMBER"", ""start"": 33, ""end"": 40, ""text"": ""56@@ 3@@ 100@@ 13@@ 80@@ 300@@ 626""}, {""type"": ""CREDITCARDISSUER"", ""start"": 41, ""end"": 46, ""text"": ""viet@@ in@@ bank nap@@ as""}, {""type"": ""MASKEDNUMBER"", ""start"": 58, ""end"": 67, ""text"": ""9@@ 13@@ 9@@ 10@@ 600@@ 2@@ 25@@ 35@@ 61""}]","[{""type"": ""CREDITCARDNUMBER"", ""start"": 33, ""end"": 40, ""text"": ""56@@ 3@@ 100@@ 13@@ 80@@ 300@@ 626""}, {""type"": ""CREDITCARDISSUER"", ""start"": 41, ""end"": 46, ""text"": ""viet@@ in@@ bank nap@@ as""}, {""type"": ""CREDITCARDNUMBER"", ""start"": 58, ""end"": 67, ""text"": ""9@@ 13@@ 9@@ 10@@ 600@@ 2@@ 25@@ 35@@ 61""}]",O O O O O O O O O O O O O O O O O O O O O O O O O O O O O O O O O B-CREDITCARDNUMBER I-CREDITCARDNUMBER I-CREDITCARDNUMBER I-CREDITCARDNUMBER I-CREDITCARDNUMBER I-CREDITCARDNUMBER I-CREDITCARDNUMBER O B-CREDITCARDISSUER I-CREDITCARDISSUER I-CREDITCARDISSUER I-CREDITCARDISSUER I-CREDITCARDISSUER O O O O O O O O O O O O B-MASKEDNUMBER I-MASKEDNUMBER I-MASKEDNUMBER I-MASKEDNUMBER I-MASKEDNUMBER I-MASKEDNUMBER I-MASKEDNUMBER I-MASKEDNUMBER I-MASKEDNUMBER O,O O O O O O O O O O O O O O O O O O O O O O O O O O O O O O O O O B-CREDITCARDNUMBER I-CREDITCARDNUMBER I-CREDITCARDNUMBER I-CREDITCARDNUMBER I-CREDITCARDNUMBER I-CREDITCARDNUMBER I-CREDITCARDNUMBER O B-CREDITCARDISSUER I-CREDITCARDISSUER I-CREDITCARDISSUER I-CREDITCARDISSUER I-CREDITCARDISSUER O O O O O O O O O O O O B-CREDITCARDNUMBER I-CREDITCARDNUMBER I-CREDITCARDNUMBER I-CREDITCARDNUMBER I-CREDITCARDNUMBER I-CREDITCARDNUMBER I-CREDITCARDNUMBER I-CREDITCARDNUMBER I-CREDITCARDNUMBER O,0.6666666666666666,"[{""type"": ""CREDITCARDNUMBER"", ""start"": 46, ""end"": 53, ""text"": ""▁56 31 001 380 300 6 26""}, {""type"": ""CREDITCARDISSUER"", ""start"": 54, ""end"": 59, ""text"": ""▁viet in bank ▁na pas""}, {""type"": ""MASKEDNUMBER"", ""start"": 79, ""end"": 86, ""text"": ""▁9 139 10 600 225 356 1""}]","[{""type"": ""CREDITCARDNUMBER"", ""start"": 46, ""end"": 53, ""text"": ""▁56 31 001 380 300 6 26""}, {""type"": ""CREDITCARDISSUER"", ""start"": 54, ""end"": 59, ""text"": ""▁viet in bank ▁na pas""}, {""type"": ""CREDITCARDNUMBER"", ""start"": 79, ""end"": 86, ""text"": ""▁9 139 10 600 225 356 1""}]",O O O O O O O O O O O O O O O O O O O O O O O O O O O O O O O O O O O O O O O O O O O O O O B-CREDITCARDNUMBER I-CREDITCARDNUMBER I-CREDITCARDNUMBER I-CREDITCARDNUMBER I-CREDITCARDNUMBER I-CREDITCARDNUMBER I-CREDITCARDNUMBER O B-CREDITCARDISSUER I-CREDITCARDISSUER I-CREDITCARDISSUER I-CREDITCARDISSUER I-CREDITCARDISSUER O O O O O O O O O O O O O O O O O O O O B-MASKEDNUMBER I-MASKEDNUMBER I-MASKEDNUMBER I-MASKEDNUMBER I-MASKEDNUMBER I-MASKEDNUMBER I-MASKEDNUMBER O,O O O O O O O O O O O O O O O O O O O O O O O O O O O O O O O O O O O O O O O O O O O O O O B-CREDITCARDNUMBER I-CREDITCARDNUMBER I-CREDITCARDNUMBER I-CREDITCARDNUMBER I-CREDITCARDNUMBER I-CREDITCARDNUMBER I-CREDITCARDNUMBER O B-CREDITCARDISSUER I-CREDITCARDISSUER I-CREDITCARDISSUER I-CREDITCARDISSUER I-CREDITCARDISSUER O O O O O O O O O O O O O O O O O O O O B-CREDITCARDNUMBER I-CREDITCARDNUMBER I-CREDITCARDNUMBER I-CREDITCARDNUMBER I-CREDITCARDNUMBER I-CREDITCARDNUMBER I-CREDITCARDNUMBER O
3079,"Xin vui lòng xác nhận lịch hẹn tại trung tâm sức khỏe của chúng tôi tại số 529 [DOUTHIT], địa chỉ Đại lộ Phạm Văn Chiêu, đã được đặt lên ngày 2009-10-10 vào giờ 11h.",True,0.75,"[{""type"": ""BUILDINGNUMBER"", ""start"": 12, ""end"": 13, ""text"": ""529""}, {""type"": ""STREET"", ""start"": 21, ""end"": 24, ""text"": ""Đại_lộ Phạm_Văn_@@ Chiêu""}, {""type"": ""DOB"", ""start"": 30, ""end"": 32, ""text"": ""2009-@@ 10-10""}, {""type"": ""TIME"", ""start"": 34, ""end"": 35, ""text"": ""11h""}]","[{""type"": ""BUILDINGNUMBER"", ""start"": 12, ""end"": 13, ""text"": ""529""}, {""type"": ""STREET"", ""start"": 21, ""end"": 24, ""text"": ""Đại_lộ Phạm_Văn_@@ Chiêu""}, {""type"": ""DATE"", ""start"": 30, ""end"": 32, ""text"": ""2009-@@ 10-10""}, {""type"": ""TIME"", ""start"": 34, ""end"": 35, ""text"": ""11h""}]",O O O O O O O O O O O O B-BUILDINGNUMBER O O O O O O O O B-STREET I-STREET I-STREET O O O O O O B-DOB I-DOB O O B-TIME O,O O O O O O O O O O O O B-BUILDINGNUMBER O O O O O O O O B-STREET I-STREET I-STREET O O O O O O B-DATE I-DATE O O B-TIME O,0.75,"[{""type"": ""BUILDINGNUMBER"", ""start"": 12, ""end"": 13, ""text"": ""529""}, {""type"": ""STREET"", ""start"": 21, ""end"": 24, ""text"": ""Đại_lộ Phạm_Văn_@@ Chiêu""}, {""type"": ""DOB"", ""start"": 30, ""end"": 32, ""text"": ""2009-@@ 10-10""}, {""type"": ""TIME"", ""start"": 34, ""end"": 35, ""text"": ""11h""}]","[{""type"": ""BUILDINGNUMBER"", ""start"": 12, ""end"": 13, ""text"": ""529""}, {""type"": ""STREET"", ""start"": 21, ""end"": 24, ""text"": ""Đại_lộ Phạm_Văn_@@ Chiêu""}, {""type"": ""DATE"", ""start"": 30, ""end"": 32, ""text"": ""2009-@@ 10-10""}, {""type"": ""TIME"", ""start"": 34, ""end"": 35, ""text"": ""11h""}]",O O O O O O O O O O O O B-BUILDINGNUMBER O O O O O O O O B-STREET I-STREET I-STREET O O O O O O B-DOB I-DOB O O B-TIME O,O O O O O O O O O O O O B-BUILDINGNUMBER O O O O O O O O B-STREET I-STREET I-STREET O O O O O O B-DATE I-DATE O O B-TIME O,0.75,"[{""type"": ""BUILDINGNUMBER"", ""start"": 12, ""end"": 13, ""text"": ""529""}, {""type"": ""STREET"", ""start"": 21, ""end"": 24, ""text"": ""Đại_lộ Phạm_Văn_@@ Chiêu""}, {""type"": ""DOB"", ""start"": 30, ""end"": 32, ""text"": ""2009-@@ 10-10""}, {""type"": ""TIME"", ""start"": 34, ""end"": 35, ""text"": ""11h""}]","[{""type"": ""BUILDINGNUMBER"", ""start"": 12, ""end"": 13, ""text"": ""529""}, {""type"": ""STREET"", ""start"": 21, ""end"": 24, ""text"": ""Đại_lộ Phạm_Văn_@@ Chiêu""}, {""type"": ""DATE"", ""start"": 30, ""end"": 32, ""text"": ""2009-@@ 10-10""}, {""type"": ""TIME"", ""start"": 34, ""end"": 35, ""text"": ""11h""}]",O O O O O O O O O O O O B-BUILDINGNUMBER O O O O O O O O B-STREET I-STREET I-STREET O O O O O O B-DOB I-DOB O O B-TIME O,O O O O O O O O O O O O B-BUILDINGNUMBER O O O O O O O O B-STREET I-STREET I-STREET O O O O O O B-DATE I-DATE O O B-TIME O,0.75,"[{""type"": ""BUILDINGNUMBER"", ""start"": 17, ""end"": 19, ""text"": ""▁5 29""}, {""type"": ""STREET"", ""start"": 27, ""end"": 33, ""text"": ""▁Đại ▁lộ ▁Phạm ▁Văn ▁Ch iêu""}, {""type"": ""DOB"", ""start"": 39, ""end"": 42, ""text"": ""▁2009 -10- 10""}, {""type"": ""TIME"", ""start"": 44, ""end"": 46, ""text"": ""▁11 h""}]","[{""type"": ""BUILDINGNUMBER"", ""start"": 17, ""end"": 19, ""text"": ""▁5 29""}, {""type"": ""STREET"", ""start"": 27, ""end"": 33, ""text"": ""▁Đại ▁lộ ▁Phạm ▁Văn ▁Ch iêu""}, {""type"": ""DATE"", ""start"": 39, ""end"": 42, ""text"": ""▁2009 -10- 10""}, {""type"": ""TIME"", ""start"": 44, ""end"": 46, ""text"": ""▁11 h""}]",O O O O O O O O O O O O O O O O O B-BUILDINGNUMBER I-BUILDINGNUMBER O O O O O O O O B-STREET I-STREET I-STREET I-STREET I-STREET I-STREET O O O O O O B-DOB I-DOB I-DOB O O B-TIME I-TIME O,O O O O O O O O O O O O O O O O O B-BUILDINGNUMBER I-BUILDINGNUMBER O O O O O O O O B-STREET I-STREET I-STREET I-STREET I-STREET I-STREET O O O O O O B-DATE I-DATE I-DATE O O B-TIME I-TIME O
3094,"hoang.quang, Nhân viên văn phòng của chúng tôi, sẽ tổ chức một buổi hội thảo về cách sử dụng hiệu quả các tài nguyên số của thư viện.",True,0.5,"[{""type"": ""USERNAME"", ""start"": 0, ""end"": 4, ""text"": ""ho@@ ang@@ .@@ quang""}, {""type"": ""JOBTYPE"", ""start"": 5, ""end"": 7, ""text"": ""Nhân_viên văn_phòng""}]","[{""type"": ""USERNAME"", ""start"": 0, ""end"": 4, ""text"": ""ho@@ ang@@ .@@ quang""}, {""type"": ""JOBTITLE"", ""start"": 5, ""end"": 7, ""text"": ""Nhân_viên văn_phòng""}]",B-USERNAME I-USERNAME I-USERNAME I-USERNAME O B-JOBTYPE I-JOBTYPE O O O O O O O O O O O O O O O O O O,B-USERNAME I-USERNAME I-USERNAME I-USERNAME O B-JOBTITLE I-JOBTITLE O O O O O O O O O O O O O O O O O O,0.5,"[{""type"": ""USERNAME"", ""start"": 0, ""end"": 4, ""text"": ""ho@@ ang@@ .@@ quang""}, {""type"": ""JOBTYPE"", ""start"": 5, ""end"": 7, ""text"": ""Nhân_viên văn_phòng""}]","[{""type"": ""USERNAME"", ""start"": 0, ""end"": 4, ""text"": ""ho@@ ang@@ .@@ quang""}, {""type"": ""JOBTITLE"", ""start"": 5, ""end"": 7, ""text"": ""Nhân_viên văn_phòng""}]",B-USERNAME I-USERNAME I-USERNAME I-USERNAME O B-JOBTYPE I-JOBTYPE O O O O O O O O O O O O O O O O O O,B-USERNAME I-USERNAME I-USERNAME I-USERNAME O B-JOBTITLE I-JOBTITLE O O O O O O O O O O O O O O O O O O,0.5,"[{""type"": ""USERNAME"", ""start"": 0, ""end"": 4, ""text"": ""ho@@ ang@@ .@@ quang""}, {""type"": ""JOBTYPE"", ""start"": 5, ""end"": 7, ""text"": ""Nhân_viên văn_phòng""}]","[{""type"": ""USERNAME"", ""start"": 0, ""end"": 4, ""text"": ""ho@@ ang@@ .@@ quang""}, {""type"": ""JOBTITLE"", ""start"": 5, ""end"": 7, ""text"": ""Nhân_viên văn_phòng""}]",B-USERNAME I-USERNAME I-USERNAME I-USERNAME O B-JOBTYPE I-JOBTYPE O O O O O O O O O O O O O O O O O O,B-USERNAME I-USERNAME I-USERNAME I-USERNAME O B-JOBTITLE I-JOBTITLE O O O O O O O O O O O O O O O O O O,0.5,"[{""type"": ""USERNAME"", ""start"": 0, ""end"": 4, ""text"": ""▁hoang . qua ng""}, {""type"": ""JOBTYPE"", ""start"": 5, ""end"": 9, ""text"": ""▁Nhân ▁viên ▁văn ▁phòng""}]","[{""type"": ""USERNAME"", ""start"": 0, ""end"": 4, ""text"": ""▁hoang . qua ng""}, {""type"": ""JOBTITLE"", ""start"": 5, ""end"": 9, ""text"": ""▁Nhân ▁viên ▁văn ▁phòng""}]",B-USERNAME I-USERNAME I-USERNAME I-USERNAME O B-JOBTYPE I-JOBTYPE I-JOBTYPE I-JOBTYPE O O O O O O O O O O O O O O O O O O O O O O O O O,B-USERNAME I-USERNAME I-USERNAME I-USERNAME O B-JOBTITLE I-JOBTITLE I-JOBTITLE I-JOBTITLE O O O O O O O O O O O O O O O O O O O O O O O O O
3097,"Người tham gia giáo dục tâm lý Minh, khóa đào tạo của bạn được lên lịch tại Đắk Lắk trong thời gian 1 tháng bắt đầu từ ngày 7 tháng 7 năm 1986. Bạn sẽ cần VNPayQRCode để đánh giá.",True,0.5,"[{""type"": ""MIDDLENAME"", ""start"": 4, ""end"": 5, ""text"": ""Minh""}, {""type"": ""STATE"", ""start"": 14, ""end"": 15, ""text"": ""Đắk_Lắk""}, {""type"": ""DOB"", ""start"": 21, ""end"": 27, ""text"": ""ngày 7 tháng 7 năm 1986""}, {""type"": ""PASSWORD"", ""start"": 31, ""end"": 36, ""text"": ""VN@@ Pay@@ Q@@ R@@ Code""}]","[{""type"": ""MIDDLENAME"", ""start"": 4, ""end"": 5, ""text"": ""Minh""}, {""type"": ""STATE"", ""start"": 14, ""end"": 15, ""text"": ""Đắk_Lắk""}, {""type"": ""DATE"", ""start"": 21, ""end"": 27, ""text"": ""ngày 7 tháng 7 năm 1986""}, {""type"": ""VEHICLEVRM"", ""start"": 31, ""end"": 36, ""text"": ""VN@@ Pay@@ Q@@ R@@ Code""}]",O O O O B-MIDDLENAME O O O O O O O O O B-STATE O O O O O O B-DOB I-DOB I-DOB I-DOB I-DOB I-DOB O O O O B-PASSWORD I-PASSWORD I-PASSWORD I-PASSWORD I-PASSWORD O O O,O O O O B-MIDDLENAME O O O O O O O O O B-STATE O O O O O O B-DATE I-DATE I-DATE I-DATE I-DATE I-DATE O O O O B-VEHICLEVRM I-VEHICLEVRM I-VEHICLEVRM I-VEHICLEVRM I-VEHICLEVRM O O O,0.5,"[{""type"": ""MIDDLENAME"", ""start"": 4, ""end"": 5, ""text"": ""Minh""}, {""type"": ""STATE"", ""start"": 14, ""end"": 15, ""text"": ""Đắk_Lắk""}, {""type"": ""DOB"", ""start"": 21, ""end"": 27, ""text"": ""ngày 7 tháng 7 năm 1986""}, {""type"": ""PASSWORD"", ""start"": 31, ""end"": 36, ""text"": ""VN@@ Pay@@ Q@@ R@@ Code""}]","[{""type"": ""MIDDLENAME"", ""start"": 4, ""end"": 5, ""text"": ""Minh""}, {""type"": ""STATE"", ""start"": 14, ""end"": 15, ""text"": ""Đắk_Lắk""}, {""type"": ""DATE"", ""start"": 21, ""end"": 27, ""text"": ""ngày 7 tháng 7 năm 1986""}, {""type"": ""BIC"", ""start"": 31, ""end"": 36, ""text"": ""VN@@ Pay@@ Q@@ R@@ Code""}]",O O O O B-MIDDLENAME O O O O O O O O O B-STATE O O O O O O B-DOB I-DOB I-DOB I-DOB I-DOB I-DOB O O O O B-PASSWORD I-PASSWORD I-PASSWORD I-PASSWORD I-PASSWORD O O O,O O O O B-MIDDLENAME O O O O O O O O O B-STATE O O O O O O B-DATE I-DATE I-DATE I-DATE I-DATE I-DATE O O O O B-BIC I-BIC I-BIC I-BIC I-BIC O O O,0.75,"[{""type"": ""MIDDLENAME"", ""start"": 4, ""end"": 5, ""text"": ""Minh""}, {""type"": ""STATE"", ""start"": 14, ""end"": 15, ""text"": ""Đắk_Lắk""}, {""type"": ""DOB"", ""start"": 21, ""end"": 27, ""text"": ""ngày 7 tháng 7 năm 1986""}, {""type"": ""PASSWORD"", ""start"": 31, ""end"": 36, ""text"": ""VN@@ Pay@@ Q@@ R@@ Code""}]","[{""type"": ""MIDDLENAME"", ""start"": 4, ""end"": 5, ""text"": ""Minh""}, {""type"": ""STATE"", ""start"": 14, ""end"": 15, ""text"": ""Đắk_Lắk""}, {""type"": ""DATE"", ""start"": 21, ""end"": 27, ""text"": ""ngày 7 tháng 7 năm 1986""}, {""type"": ""PASSWORD"", ""start"": 31, ""end"": 36, ""text"": ""VN@@ Pay@@ Q@@ R@@ Code""}]",O O O O B-MIDDLENAME O O O O O O O O O B-STATE O O O O O O B-DOB I-DOB I-DOB I-DOB I-DOB I-DOB O O O O B-PASSWORD I-PASSWORD I-PASSWORD I-PASSWORD I-PASSWORD O O O,O O O O B-MIDDLENAME O O O O O O O O O B-STATE O O O O O O B-DATE I-DATE I-DATE I-DATE I-DATE I-DATE O O O O B-PASSWORD I-PASSWORD I-PASSWORD I-PASSWORD I-PASSWORD O O O,0.75,"[{""type"": ""MIDDLENAME"", ""start"": 7, ""end"": 8, ""text"": ""▁Minh""}, {""type"": ""STATE"", ""start"": 18, ""end"": 24, ""text"": ""▁Đ ắ k ▁L ắ k""}, {""type"": ""DOB"", ""start"": 32, ""end"": 38, ""text"": ""▁ngày ▁7 ▁tháng ▁7 ▁năm ▁1986""}, {""type"": ""PASSWORD"", ""start"": 42, ""end"": 47, ""text"": ""▁VN Pay Q R Code""}]","[{""type"": ""MIDDLENAME"", ""start"": 7, ""end"": 8, ""text"": ""▁Minh""}, {""type"": ""STATE"", ""start"": 18, ""end"": 24, ""text"": ""▁Đ ắ k ▁L ắ k""}, {""type"": ""DATE"", ""start"": 32, ""end"": 38, ""text"": ""▁ngày ▁7 ▁tháng ▁7 ▁năm ▁1986""}, {""type"": ""PASSWORD"", ""start"": 42, ""end"": 47, ""text"": ""▁VN Pay Q R Code""}]",O O O O O O O B-MIDDLENAME O O O O O O O O O O B-STATE I-STATE I-STATE I-STATE I-STATE I-STATE O O O O O O O O B-DOB I-DOB I-DOB I-DOB I-DOB I-DOB O O O O B-PASSWORD I-PASSWORD I-PASSWORD I-PASSWORD I-PASSWORD O O O O,O O O O O O O B-MIDDLENAME O O O O O O O O O O B-STATE I-STATE I-STATE I-STATE I-STATE I-STATE O O O O O O O O B-DATE I-DATE I-DATE I-DATE I-DATE I-DATE O O O O B-PASSWORD I-PASSWORD I-PASSWORD I-PASSWORD I-PASSWORD O O O O
3118,Cần chú ý ngay lập tức! Bệnh nhân Anh Nguyễn cần phẫu thuật khẩn cấp. Vui lòng sắp xếp một cuộc hẹn phẫu thuật vào sáng sớm ngày 05/05/1994.,True,0.6666666666666666,"[{""type"": ""FIRSTNAME"", ""start"": 5, ""end"": 6, ""text"": ""Anh""}, {""type"": ""LASTNAME"", ""start"": 6, ""end"": 7, ""text"": ""Nguyễn""}, {""type"": ""DATE"", ""start"": 22, ""end"": 25, ""text"": ""05/@@ 05/@@ 1994""}]","[{""type"": ""PREFIX"", ""start"": 5, ""end"": 6, ""text"": ""Anh""}, {""type"": ""LASTNAME"", ""start"": 6, ""end"": 7, ""text"": ""Nguyễn""}, {""type"": ""DATE"", ""start"": 22, ""end"": 25, ""text"": ""05/@@ 05/@@ 1994""}]",O O O O O B-FIRSTNAME B-LASTNAME O O O O O O O O O O O O O O O B-DATE I-DATE I-DATE O,O O O O O B-PREFIX B-LASTNAME O O O O O O O O O O O O O O O B-DATE I-DATE I-DATE O,0.6666666666666666,"[{""type"": ""FIRSTNAME"", ""start"": 5, ""end"": 6, ""text"": ""Anh""}, {""type"": ""LASTNAME"", ""start"": 6, ""end"": 7, ""text"": ""Nguyễn""}, {""type"": ""DATE"", ""start"": 22, ""end"": 25, ""text"": ""05/@@ 05/@@ 1994""}]","[{""type"": ""PREFIX"", ""start"": 5, ""end"": 6, ""text"": ""Anh""}, {""type"": ""LASTNAME"", ""start"": 6, ""end"": 7, ""text"": ""Nguyễn""}, {""type"": ""DATE"", ""start"": 22, ""end"": 25, ""text"": ""05/@@ 05/@@ 1994""}]",O O O O O B-FIRSTNAME B-LASTNAME O O O O O O O O O O O O O O O B-DATE I-DATE I-DATE O,O O O O O B-PREFIX B-LASTNAME O O O O O O O O O O O O O O O B-DATE I-DATE I-DATE O,0.6666666666666666,"[{""type"": ""FIRSTNAME"", ""start"": 5, ""end"": 6, ""text"": ""Anh""}, {""type"": ""LASTNAME"", ""start"": 6, ""end"": 7, ""text"": ""Nguyễn""}, {""type"": ""DATE"", ""start"": 22, ""end"": 25, ""text"": ""05/@@ 05/@@ 1994""}]","[{""type"": ""PREFIX"", ""start"": 5, ""end"": 6, ""text"": ""Anh""}, {""type"": ""LASTNAME"", ""start"": 6, ""end"": 7, ""text"": ""Nguyễn""}, {""type"": ""DATE"", ""start"": 22, ""end"": 25, ""text"": ""05/@@ 05/@@ 1994""}]",O O O O O B-FIRSTNAME B-LASTNAME O O O O O O O O O O O O O O O B-DATE I-DATE I-DATE O,O O O O O B-PREFIX B-LASTNAME O O O O O O O O O O O O O O O B-DATE I-DATE I-DATE O,0.6666666666666666,"[{""type"": ""FIRSTNAME"", ""start"": 9, ""end"": 10, ""text"": ""▁Anh""}, {""type"": ""LASTNAME"", ""start"": 10, ""end"": 11, ""text"": ""▁Nguyễn""}, {""type"": ""DATE"", ""start"": 30, ""end"": 34, ""text"": ""▁05 /05 / 1994""}]","[{""type"": ""PREFIX"", ""start"": 9, ""end"": 10, ""text"": ""▁Anh""}, {""type"": ""LASTNAME"", ""start"": 10, ""end"": 11, ""text"": ""▁Nguyễn""}, {""type"": ""DATE"", ""start"": 30, ""end"": 34, ""text"": ""▁05 /05 / 1994""}]",O O O O O O O O O B-FIRSTNAME B-LASTNAME O O O O O O O O O O O O O O O O O O O B-DATE I-DATE I-DATE I-DATE O,O O O O O O O O O B-PREFIX B-LASTNAME O O O O O O O O O O O O O O O O O O O B-DATE I-DATE I-DATE I-DATE O
3179,"Chào, đây là Biên. Vui lòng lưu ý rằng cuộc hẹn của bạn vào ngày 04.04.2003. Hãy nhớ mã 0907 của bạn cho máy kiểm tra.",True,0.6666666666666666,"[{""type"": ""FIRSTNAME"", ""start"": 4, ""end"": 5, ""text"": ""Biên""}, {""type"": ""DOB"", ""start"": 16, ""end"": 20, ""text"": ""04@@ .0@@ 4.@@ 2003""}, {""type"": ""PIN"", ""start"": 24, ""end"": 26, ""text"": ""09@@ 07""}]","[{""type"": ""FIRSTNAME"", ""start"": 4, ""end"": 5, ""text"": ""Biên""}, {""type"": ""DATE"", ""start"": 16, ""end"": 20, ""text"": ""04@@ .0@@ 4.@@ 2003""}, {""type"": ""PIN"", ""start"": 24, ""end"": 26, ""text"": ""09@@ 07""}]",O O O O B-FIRSTNAME O O O O O O O O O O O B-DOB I-DOB I-DOB I-DOB O O O O B-PIN I-PIN O O O O O O,O O O O B-FIRSTNAME O O O O O O O O O O O B-DATE I-DATE I-DATE I-DATE O O O O B-PIN I-PIN O O O O O O,0.6666666666666666,"[{""type"": ""FIRSTNAME"", ""start"": 4, ""end"": 5, ""text"": ""Biên""}, {""type"": ""DOB"", ""start"": 16, ""end"": 20, ""text"": ""04@@ .0@@ 4.@@ 2003""}, {""type"": ""PIN"", ""start"": 24, ""end"": 26, ""text"": ""09@@ 07""}]","[{""type"": ""FIRSTNAME"", ""start"": 4, ""end"": 5, ""text"": ""Biên""}, {""type"": ""DATE"", ""start"": 16, ""end"": 20, ""text"": ""04@@ .0@@ 4.@@ 2003""}, {""type"": ""PIN"", ""start"": 24, ""end"": 26, ""text"": ""09@@ 07""}]",O O O O B-FIRSTNAME O O O O O O O O O O O B-DOB I-DOB I-DOB I-DOB O O O O B-PIN I-PIN O O O O O O,O O O O B-FIRSTNAME O O O O O O O O O O O B-DATE I-DATE I-DATE I-DATE O O O O B-PIN I-PIN O O O O O O,0.6666666666666666,"[{""type"": ""FIRSTNAME"", ""start"": 4, ""end"": 5, ""text"": ""Biên""}, {""type"": ""DOB"", ""start"": 16, ""end"": 20, ""text"": ""04@@ .0@@ 4.@@ 2003""}, {""type"": ""PIN"", ""start"": 24, ""end"": 26, ""text"": ""09@@ 07""}]","[{""type"": ""FIRSTNAME"", ""start"": 4, ""end"": 5, ""text"": ""Biên""}, {""type"": ""DATE"", ""start"": 16, ""end"": 20, ""text"": ""04@@ .0@@ 4.@@ 2003""}, {""type"": ""PIN"", ""start"": 24, ""end"": 26, ""text"": ""09@@ 07""}]",O O O O B-FIRSTNAME O O O O O O O O O O O B-DOB I-DOB I-DOB I-DOB O O O O B-PIN I-PIN O O O O O O,O O O O B-FIRSTNAME O O O O O O O O O O O B-DATE I-DATE I-DATE I-DATE O O O O B-PIN I-PIN O O O O O O,0.6666666666666666,"[{""type"": ""FIRSTNAME"", ""start"": 4, ""end"": 5, ""text"": ""▁Biên""}, {""type"": ""DOB"", ""start"": 17, ""end"": 20, ""text"": ""▁04 .04.20 03.""}, {""type"": ""PIN"", ""start"": 23, ""end"": 25, ""text"": ""▁09 07""}]","[{""type"": ""FIRSTNAME"", ""start"": 4, ""end"": 5, ""text"": ""▁Biên""}, {""type"": ""DATE"", ""start"": 17, ""end"": 20, ""text"": ""▁04 .04.20 03.""}, {""type"": ""PIN"", ""start"": 23, ""end"": 25, ""text"": ""▁09 07""}]",O O O O B-FIRSTNAME O O O O O O O O O O O O B-DOB I-DOB I-DOB O O O B-PIN I-PIN O O O O O O O,O O O O B-FIRSTNAME O O O O O O O O O O O O B-DATE I-DATE I-DATE O O O B-PIN I-PIN O O O O O O O
3221,"Dạn, các hàng hóa an  ninh trong số nhà số 187 cần được nhập lại. Sử dụng 2068993384.Wereceived để thanh toán cho chúng.",True,0.0,"[{""type"": ""BUILDINGNUMBER"", ""start"": 12, ""end"": 13, ""text"": ""được""}, {""type"": ""MASKEDNUMBER"", ""start"": 22, ""end"": 29, ""text"": "". Wer@@ ec@@ ei@@ ved để thanh_toán""}]","[{""type"": ""BUILDINGNUMBER"", ""start"": 10, ""end"": 11, ""text"": ""187""}, {""type"": ""CREDITCARDNUMBER"", ""start"": 17, ""end"": 25, ""text"": ""20@@ 68@@ 99@@ 3@@ 384 . Wer@@ ec@@""}, {""type"": ""MASKEDNUMBER"", ""start"": 25, ""end"": 27, ""text"": ""ei@@ ved""}]",O O O O O O O O O O O O I-BUILDINGNUMBER O O O O O O O O O B-MASKEDNUMBER I-MASKEDNUMBER I-MASKEDNUMBER I-MASKEDNUMBER I-MASKEDNUMBER I-MASKEDNUMBER I-MASKEDNUMBER O O O,O O O O O O O O O O B-BUILDINGNUMBER O O O O O O B-CREDITCARDNUMBER I-CREDITCARDNUMBER I-CREDITCARDNUMBER I-CREDITCARDNUMBER I-CREDITCARDNUMBER I-CREDITCARDNUMBER I-CREDITCARDNUMBER I-CREDITCARDNUMBER I-MASKEDNUMBER I-MASKEDNUMBER O O O O O,0.0,"[{""type"": ""BUILDINGNUMBER"", ""start"": 12, ""end"": 13, ""text"": ""được""}, {""type"": ""MASKEDNUMBER"", ""start"": 22, ""end"": 29, ""text"": "". Wer@@ ec@@ ei@@ ved để thanh_toán""}]","[{""type"": ""BUILDINGNUMBER"", ""start"": 10, ""end"": 11, ""text"": ""187""}, {""type"": ""MASKEDNUMBER"", ""start"": 17, ""end"": 27, ""text"": ""20@@ 68@@ 99@@ 3@@ 384 . Wer@@ ec@@ ei@@ ved""}]",O O O O O O O O O O O O I-BUILDINGNUMBER O O O O O O O O O B-MASKEDNUMBER I-MASKEDNUMBER I-MASKEDNUMBER I-MASKEDNUMBER I-MASKEDNUMBER I-MASKEDNUMBER I-MASKEDNUMBER O O O,O O O O O O O O O O B-BUILDINGNUMBER O O O O O O B-MASKEDNUMBER I-MASKEDNUMBER I-MASKEDNUMBER I-MASKEDNUMBER I-MASKEDNUMBER I-MASKEDNUMBER I-MASKEDNUMBER I-MASKEDNUMBER I-MASKEDNUMBER I-MASKEDNUMBER O O O O O,0.0,"[{""type"": ""BUILDINGNUMBER"", ""start"": 12, ""end"": 13, ""text"": ""được""}, {""type"": ""MASKEDNUMBER"", ""start"": 22, ""end"": 29, ""text"": "". Wer@@ ec@@ ei@@ ved để thanh_toán""}]","[{""type"": ""BUILDINGNUMBER"", ""start"": 10, ""end"": 11, ""text"": ""187""}, {""type"": ""CREDITCARDNUMBER"", ""start"": 17, ""end"": 27, ""text"": ""20@@ 68@@ 99@@ 3@@ 384 . Wer@@ ec@@ ei@@ ved""}]",O O O O O O O O O O O O I-BUILDINGNUMBER O O O O O O O O O B-MASKEDNUMBER I-MASKEDNUMBER I-MASKEDNUMBER I-MASKEDNUMBER I-MASKEDNUMBER I-MASKEDNUMBER I-MASKEDNUMBER O O O,O O O O O O O O O O B-BUILDINGNUMBER O O O O O O B-CREDITCARDNUMBER I-CREDITCARDNUMBER I-CREDITCARDNUMBER I-CREDITCARDNUMBER I-CREDITCARDNUMBER I-CREDITCARDNUMBER I-CREDITCARDNUMBER I-CREDITCARDNUMBER I-CREDITCARDNUMBER I-CREDITCARDNUMBER O O O O O,0.4,"[{""type"": ""BUILDINGNUMBER"", ""start"": 12, ""end"": 13, ""text"": ""▁187""}, {""type"": ""MASKEDNUMBER"", ""start"": 20, ""end"": 29, ""text"": ""▁20 689 93 384 . We rece i ved""}]","[{""type"": ""BUILDINGNUMBER"", ""start"": 12, ""end"": 13, ""text"": ""▁187""}, {""type"": ""CREDITCARDNUMBER"", ""start"": 20, ""end"": 25, ""text"": ""▁20 689 93 384 .""}, {""type"": ""IBAN"", ""start"": 25, ""end"": 29, ""text"": ""We rece i ved""}]",O O O O O O O O O O O O B-BUILDINGNUMBER O O O O O O O B-MASKEDNUMBER I-MASKEDNUMBER I-MASKEDNUMBER I-MASKEDNUMBER I-MASKEDNUMBER I-MASKEDNUMBER I-MASKEDNUMBER I-MASKEDNUMBER I-MASKEDNUMBER O O O O O O,O O O O O O O O O O O O B-BUILDINGNUMBER O O O O O O O B-CREDITCARDNUMBER I-CREDITCARDNUMBER I-CREDITCARDNUMBER I-CREDITCARDNUMBER I-CREDITCARDNUMBER I-IBAN I-IBAN I-IBAN I-IBAN O O O O O O
3294,"Bệnh nhân Nữ sinh ngày ngày 22-08-1987 cần tư vấn dinh dưỡng, trợ lý Thư ký đã được phân công.",True,0.4,"[{""type"": ""SEX"", ""start"": 1, ""end"": 2, ""text"": ""Nữ_sinh""}, {""type"": ""DOB"", ""start"": 3, ""end"": 7, ""text"": ""22-@@ 0@@ 8-@@ 1987""}, {""type"": ""JOBTITLE"", ""start"": 12, ""end"": 13, ""text"": ""Thư_ký""}]","[{""type"": ""DOB"", ""start"": 3, ""end"": 7, ""text"": ""22-@@ 0@@ 8-@@ 1987""}, {""type"": ""JOBAREA"", ""start"": 12, ""end"": 13, ""text"": ""Thư_ký""}]",O B-SEX O I-DOB I-DOB I-DOB I-DOB O O O O O B-JOBTITLE O O O O,O O O I-DOB I-DOB I-DOB I-DOB O O O O O B-JOBAREA O O O O,0.3333333333333333,"[{""type"": ""SEX"", ""start"": 1, ""end"": 2, ""text"": ""Nữ_sinh""}, {""type"": ""DOB"", ""start"": 3, ""end"": 7, ""text"": ""22-@@ 0@@ 8-@@ 1987""}, {""type"": ""JOBTITLE"", ""start"": 12, ""end"": 13, ""text"": ""Thư_ký""}]","[{""type"": ""FIRSTNAME"", ""start"": 1, ""end"": 2, ""text"": ""Nữ_sinh""}, {""type"": ""DOB"", ""start"": 3, ""end"": 7, ""text"": ""22-@@ 0@@ 8-@@ 1987""}, {""type"": ""JOBAREA"", ""start"": 12, ""end"": 13, ""text"": ""Thư_ký""}]",O B-SEX O I-DOB I-DOB I-DOB I-DOB O O O O O B-JOBTITLE O O O O,O B-FIRSTNAME O I-DOB I-DOB I-DOB I-DOB O O O O O B-JOBAREA O O O O,0.6666666666666666,"[{""type"": ""SEX"", ""start"": 1, ""end"": 2, ""text"": ""Nữ_sinh""}, {""type"": ""DOB"", ""start"": 3, ""end"": 7, ""text"": ""22-@@ 0@@ 8-@@ 1987""}, {""type"": ""JOBTITLE"", ""start"": 12, ""end"": 13, ""text"": ""Thư_ký""}]","[{""type"": ""SEX"", ""start"": 1, ""end"": 2, ""text"": ""Nữ_sinh""}, {""type"": ""DOB"", ""start"": 3, ""end"": 7, ""text"": ""22-@@ 0@@ 8-@@ 1987""}, {""type"": ""JOBAREA"", ""start"": 12, ""end"": 13, ""text"": ""Thư_ký""}]",O B-SEX O I-DOB I-DOB I-DOB I-DOB O O O O O B-JOBTITLE O O O O,O B-SEX O I-DOB I-DOB I-DOB I-DOB O O O O O B-JOBAREA O O O O,0.5714285714285715,"[{""type"": ""SEX"", ""start"": 2, ""end"": 3, ""text"": ""▁Nữ""}, {""type"": ""DOB"", ""start"": 5, ""end"": 9, ""text"": ""▁ngày ▁22 -08- 1987""}, {""type"": ""JOBTITLE"", ""start"": 17, ""end"": 19, ""text"": ""▁Thư ▁ký""}]","[{""type"": ""SEX"", ""start"": 2, ""end"": 3, ""text"": ""▁Nữ""}, {""type"": ""DOB"", ""start"": 5, ""end"": 9, ""text"": ""▁ngày ▁22 -08- 1987""}, {""type"": ""JOBTITLE"", ""start"": 17, ""end"": 18, ""text"": ""▁Thư""}, {""type"": ""JOBTYPE"", ""start"": 18, ""end"": 19, ""text"": ""▁ký""}]",O O B-SEX O O B-DOB I-DOB I-DOB I-DOB O O O O O O O O B-JOBTITLE I-JOBTITLE O O O O O,O O B-SEX O O B-DOB I-DOB I-DOB I-DOB O O O O O O O O B-JOBTITLE I-JOBTYPE O O O O O
3312,"Chào ngày mới, tôi nhận thấy có một câu hỏi liên quan đến tài khoản Tài khoản ký quỹ, số tài khoản 098878978978 (VietinBank). Tôi, với tư cách là Trưởng nhóm của quận Quận Cẩm Lệ, cần thảo luận về các vấn đề tài sản với ngân hàng. Xin hãy gọi cho tôi theo số 0991662888 vào bất kỳ ngày nào lúc 10:01.",True,0.8333333333333334,"[{""type"": ""ACCOUNTNAME"", ""start"": 14, ""end"": 16, ""text"": ""Tài_khoản ký_quỹ""}, {""type"": ""ACCOUNTNUMBER"", ""start"": 19, ""end"": 28, ""text"": ""09@@ 88@@ 78@@ 97@@ 89@@ 78 ( VietinBank )""}, {""type"": ""JOBTYPE"", ""start"": 34, ""end"": 36, ""text"": ""Trưởng nhóm""}, {""type"": ""COUNTY"", ""start"": 38, ""end"": 40, ""text"": ""Quận Cẩm_Lệ""}, {""type"": ""PHONENUMBER"", ""start"": 57, ""end"": 63, ""text"": ""09@@ 9@@ 16@@ 6@@ 28@@ 88""}, {""type"": ""TIME"", ""start"": 68, ""end"": 70, ""text"": ""10:@@ 01""}]","[{""type"": ""ACCOUNTNAME"", ""start"": 14, ""end"": 16, ""text"": ""Tài_khoản ký_quỹ""}, {""type"": ""ACCOUNTNUMBER"", ""start"": 19, ""end"": 28, ""text"": ""09@@ 88@@ 78@@ 97@@ 89@@ 78 ( VietinBank )""}, {""type"": ""JOBTITLE"", ""start"": 34, ""end"": 36, ""text"": ""Trưởng nhóm""}, {""type"": ""COUNTY"", ""start"": 38, ""end"": 40, ""text"": ""Quận Cẩm_Lệ""}, {""type"": ""PHONENUMBER"", ""start"": 57, ""end"": 63, ""text"": ""09@@ 9@@ 16@@ 6@@ 28@@ 88""}, {""type"": ""TIME"", ""start"": 68, ""end"": 70, ""text"": ""10:@@ 01""}]",O O O O O O O O O O O O O O B-ACCOUNTNAME I-ACCOUNTNAME O O O B-ACCOUNTNUMBER I-ACCOUNTNUMBER I-ACCOUNTNUMBER I-ACCOUNTNUMBER I-ACCOUNTNUMBER I-ACCOUNTNUMBER I-ACCOUNTNUMBER I-ACCOUNTNUMBER I-ACCOUNTNUMBER O O O O O O B-JOBTYPE I-JOBTYPE O O B-COUNTY I-COUNTY O O O O O O O O O O O O O O O O O B-PHONENUMBER I-PHONENUMBER I-PHONENUMBER I-PHONENUMBER I-PHONENUMBER I-PHONENUMBER O O O O O B-TIME I-TIME O,O O O O O O O O O O O O O O B-ACCOUNTNAME I-ACCOUNTNAME O O O B-ACCOUNTNUMBER I-ACCOUNTNUMBER I-ACCOUNTNUMBER I-ACCOUNTNUMBER I-ACCOUNTNUMBER I-ACCOUNTNUMBER I-ACCOUNTNUMBER I-ACCOUNTNUMBER I-ACCOUNTNUMBER O O O O O O B-JOBTITLE I-JOBTITLE O O B-COUNTY I-COUNTY O O O O O O O O O O O O O O O O O B-PHONENUMBER I-PHONENUMBER I-PHONENUMBER I-PHONENUMBER I-PHONENUMBER I-PHONENUMBER O O O O O B-TIME I-TIME O,0.8333333333333334,"[{""type"": ""ACCOUNTNAME"", ""start"": 14, ""end"": 16, ""text"": ""Tài_khoản ký_quỹ""}, {""type"": ""ACCOUNTNUMBER"", ""start"": 19, ""end"": 28, ""text"": ""09@@ 88@@ 78@@ 97@@ 89@@ 78 ( VietinBank )""}, {""type"": ""JOBTYPE"", ""start"": 34, ""end"": 36, ""text"": ""Trưởng nhóm""}, {""type"": ""COUNTY"", ""start"": 38, ""end"": 40, ""text"": ""Quận Cẩm_Lệ""}, {""type"": ""PHONENUMBER"", ""start"": 57, ""end"": 63, ""text"": ""09@@ 9@@ 16@@ 6@@ 28@@ 88""}, {""type"": ""TIME"", ""start"": 68, ""end"": 70, ""text"": ""10:@@ 01""}]","[{""type"": ""ACCOUNTNAME"", ""start"": 14, ""end"": 16, ""text"": ""Tài_khoản ký_quỹ""}, {""type"": ""ACCOUNTNUMBER"", ""start"": 19, ""end"": 28, ""text"": ""09@@ 88@@ 78@@ 97@@ 89@@ 78 ( VietinBank )""}, {""type"": ""JOBTITLE"", ""start"": 34, ""end"": 36, ""text"": ""Trưởng nhóm""}, {""type"": ""COUNTY"", ""start"": 38, ""end"": 40, ""text"": ""Quận Cẩm_Lệ""}, {""type"": ""PHONENUMBER"", ""start"": 57, ""end"": 63, ""text"": ""09@@ 9@@ 16@@ 6@@ 28@@ 88""}, {""type"": ""TIME"", ""start"": 68, ""end"": 70, ""text"": ""10:@@ 01""}]",O O O O O O O O O O O O O O B-ACCOUNTNAME I-ACCOUNTNAME O O O B-ACCOUNTNUMBER I-ACCOUNTNUMBER I-ACCOUNTNUMBER I-ACCOUNTNUMBER I-ACCOUNTNUMBER I-ACCOUNTNUMBER I-ACCOUNTNUMBER I-ACCOUNTNUMBER I-ACCOUNTNUMBER O O O O O O B-JOBTYPE I-JOBTYPE O O B-COUNTY I-COUNTY O O O O O O O O O O O O O O O O O B-PHONENUMBER I-PHONENUMBER I-PHONENUMBER I-PHONENUMBER I-PHONENUMBER I-PHONENUMBER O O O O O B-TIME I-TIME O,O O O O O O O O O O O O O O B-ACCOUNTNAME I-ACCOUNTNAME O O O B-ACCOUNTNUMBER I-ACCOUNTNUMBER I-ACCOUNTNUMBER I-ACCOUNTNUMBER I-ACCOUNTNUMBER I-ACCOUNTNUMBER I-ACCOUNTNUMBER I-ACCOUNTNUMBER I-ACCOUNTNUMBER O O O O O O B-JOBTITLE I-JOBTITLE O O B-COUNTY I-COUNTY O O O O O O O O O O O O O O O O O B-PHONENUMBER I-PHONENUMBER I-PHONENUMBER I-PHONENUMBER I-PHONENUMBER I-PHONENUMBER O O O O O B-TIME I-TIME O,0.8333333333333334,"[{""type"": ""ACCOUNTNAME"", ""start"": 14, ""end"": 16, ""text"": ""Tài_khoản ký_quỹ""}, {""type"": ""ACCOUNTNUMBER"", ""start"": 19, ""end"": 28, ""text"": ""09@@ 88@@ 78@@ 97@@ 89@@ 78 ( VietinBank )""}, {""type"": ""JOBTYPE"", ""start"": 34, ""end"": 36, ""text"": ""Trưởng nhóm""}, {""type"": ""COUNTY"", ""start"": 38, ""end"": 40, ""text"": ""Quận Cẩm_Lệ""}, {""type"": ""PHONENUMBER"", ""start"": 57, ""end"": 63, ""text"": ""09@@ 9@@ 16@@ 6@@ 28@@ 88""}, {""type"": ""TIME"", ""start"": 68, ""end"": 70, ""text"": ""10:@@ 01""}]","[{""type"": ""ACCOUNTNAME"", ""start"": 14, ""end"": 16, ""text"": ""Tài_khoản ký_quỹ""}, {""type"": ""ACCOUNTNUMBER"", ""start"": 19, ""end"": 28, ""text"": ""09@@ 88@@ 78@@ 97@@ 89@@ 78 ( VietinBank )""}, {""type"": ""JOBTITLE"", ""start"": 34, ""end"": 36, ""text"": ""Trưởng nhóm""}, {""type"": ""COUNTY"", ""start"": 38, ""end"": 40, ""text"": ""Quận Cẩm_Lệ""}, {""type"": ""PHONENUMBER"", ""start"": 57, ""end"": 63, ""text"": ""09@@ 9@@ 16@@ 6@@ 28@@ 88""}, {""type"": ""TIME"", ""start"": 68, ""end"": 70, ""text"": ""10:@@ 01""}]",O O O O O O O O O O O O O O B-ACCOUNTNAME I-ACCOUNTNAME O O O B-ACCOUNTNUMBER I-ACCOUNTNUMBER I-ACCOUNTNUMBER I-ACCOUNTNUMBER I-ACCOUNTNUMBER I-ACCOUNTNUMBER I-ACCOUNTNUMBER I-ACCOUNTNUMBER I-ACCOUNTNUMBER O O O O O O B-JOBTYPE I-JOBTYPE O O B-COUNTY I-COUNTY O O O O O O O O O O O O O O O O O B-PHONENUMBER I-PHONENUMBER I-PHONENUMBER I-PHONENUMBER I-PHONENUMBER I-PHONENUMBER O O O O O B-TIME I-TIME O,O O O O O O O O O O O O O O B-ACCOUNTNAME I-ACCOUNTNAME O O O B-ACCOUNTNUMBER I-ACCOUNTNUMBER I-ACCOUNTNUMBER I-ACCOUNTNUMBER I-ACCOUNTNUMBER I-ACCOUNTNUMBER I-ACCOUNTNUMBER I-ACCOUNTNUMBER I-ACCOUNTNUMBER O O O O O O B-JOBTITLE I-JOBTITLE O O B-COUNTY I-COUNTY O O O O O O O O O O O O O O O O O B-PHONENUMBER I-PHONENUMBER I-PHONENUMBER I-PHONENUMBER I-PHONENUMBER I-PHONENUMBER O O O O O B-TIME I-TIME O,0.8333333333333334,"[{""type"": ""ACCOUNTNAME"", ""start"": 16, ""end"": 20, ""text"": ""▁Tài ▁khoản ▁ký ▁quỹ""}, {""type"": ""ACCOUNTNUMBER"", ""start"": 24, ""end"": 34, ""text"": ""▁09 88 789 789 78 ▁( Vi etin Bank ).""}, {""type"": ""JOBTYPE"", ""start"": 40, ""end"": 42, ""text"": ""▁Trưởng ▁nhóm""}, {""type"": ""COUNTY"", ""start"": 44, ""end"": 50, ""text"": ""▁Quận ▁C ẩ m ▁L ệ""}, {""type"": ""PHONENUMBER"", ""start"": 71, ""end"": 75, ""text"": ""▁09 91 662 888""}, {""type"": ""TIME"", ""start"": 81, ""end"": 83, ""text"": ""▁10 :01""}]","[{""type"": ""ACCOUNTNAME"", ""start"": 16, ""end"": 20, ""text"": ""▁Tài ▁khoản ▁ký ▁quỹ""}, {""type"": ""ACCOUNTNUMBER"", ""start"": 24, ""end"": 34, ""text"": ""▁09 88 789 789 78 ▁( Vi etin Bank ).""}, {""type"": ""JOBTITLE"", ""start"": 40, ""end"": 42, ""text"": ""▁Trưởng ▁nhóm""}, {""type"": ""COUNTY"", ""start"": 44, ""end"": 50, ""text"": ""▁Quận ▁C ẩ m ▁L ệ""}, {""type"": ""PHONENUMBER"", ""start"": 71, ""end"": 75, ""text"": ""▁09 91 662 888""}, {""type"": ""TIME"", ""start"": 81, ""end"": 83, ""text"": ""▁10 :01""}]",O O O O O O O O O O O O O O O O B-ACCOUNTNAME I-ACCOUNTNAME I-ACCOUNTNAME I-ACCOUNTNAME O O O O B-ACCOUNTNUMBER I-ACCOUNTNUMBER I-ACCOUNTNUMBER I-ACCOUNTNUMBER I-ACCOUNTNUMBER I-ACCOUNTNUMBER I-ACCOUNTNUMBER I-ACCOUNTNUMBER I-ACCOUNTNUMBER I-ACCOUNTNUMBER O O O O O O B-JOBTYPE I-JOBTYPE O O B-COUNTY I-COUNTY I-COUNTY I-COUNTY I-COUNTY I-COUNTY O O O O O O O O O O O O O O O O O O O O O B-PHONENUMBER I-PHONENUMBER I-PHONENUMBER I-PHONENUMBER O O O O O O B-TIME I-TIME O,O O O O O O O O O O O O O O O O B-ACCOUNTNAME I-ACCOUNTNAME I-ACCOUNTNAME I-ACCOUNTNAME O O O O B-ACCOUNTNUMBER I-ACCOUNTNUMBER I-ACCOUNTNUMBER I-ACCOUNTNUMBER I-ACCOUNTNUMBER I-ACCOUNTNUMBER I-ACCOUNTNUMBER I-ACCOUNTNUMBER I-ACCOUNTNUMBER I-ACCOUNTNUMBER O O O O O O B-JOBTITLE I-JOBTITLE O O B-COUNTY I-COUNTY I-COUNTY I-COUNTY I-COUNTY I-COUNTY O O O O O O O O O O O O O O O O O O O O O B-PHONENUMBER I-PHONENUMBER I-PHONENUMBER I-PHONENUMBER O O O O O O B-TIME I-TIME O
3315,"Thân gửi Thắng. Chi phí cho lần kiểm tra gần đây của bạn là Lesotho Lot i 0.3133m. Nếu bạn muốn thanh toán bằng chuyển khoản điện tử, hãy sử dụng các ví điện tử sau: 3YPDHWrfVg5dgh1Uub2v99FrcTy22PbNy, 18yyEGUaBxrzpTqMWcy7akAyLhevH23c8a, 0x5ed2aa37abd3defd9c8d0e7ccdfa0a7ea455bf5e. Hãy đảm bảo tỷ giá chuyển đổi tương đương với chi phí của bạn.",True,0.8333333333333334,"[{""type"": ""FIRSTNAME"", ""start"": 2, ""end"": 3, ""text"": ""Thắng""}, {""type"": ""CURRENCY"", ""start"": 13, ""end"": 19, ""text"": ""Les@@ oth@@ o Lo@@ t i""}, {""type"": ""AMOUNT"", ""start"": 19, ""end"": 23, ""text"": ""0.@@ 3@@ 133 m""}, {""type"": ""LITECOINADDRESS"", ""start"": 39, ""end"": 64, ""text"": ""3@@ Y@@ PD@@ H@@ W@@ r@@ f@@ V@@ g@@ 5@@ d@@ gh@@ 1@@ U@@ ub@@ 2@@ v@@ 99@@ Fr@@ c@@ Ty@@ 22@@ P@@ b@@ Ny""}, {""type"": ""BITCOINADDRESS"", ""start"": 65, ""end"": 92, ""text"": ""18@@ y@@ y@@ EG@@ U@@ a@@ B@@ x@@ r@@ z@@ p@@ T@@ q@@ M@@ W@@ cy@@ 7@@ ak@@ Ay@@ L@@ he@@ v@@ H@@ 23@@ c@@ 8@@ a""}, {""type"": ""ETHEREUMADDRESS"", ""start"": 93, ""end"": 127, ""text"": ""0@@ x@@ 5@@ ed@@ 2@@ a@@ a@@ 37@@ ab@@ d@@ 3@@ def@@ d@@ 9@@ c@@ 8@@ d@@ 0@@ e@@ 7@@ cc@@ d@@ fa@@ 0@@ a@@ 7@@ e@@ a@@ 45@@ 5@@ b@@ f@@ 5@@ e""}]","[{""type"": ""FIRSTNAME"", ""start"": 2, ""end"": 3, ""text"": ""Thắng""}, {""type"": ""CURRENCY"", ""start"": 13, ""end"": 19, ""text"": ""Les@@ oth@@ o Lo@@ t i""}, {""type"": ""AMOUNT"", ""start"": 19, ""end"": 23, ""text"": ""0.@@ 3@@ 133 m""}, {""type"": ""BITCOINADDRESS"", ""start"": 39, ""end"": 64, ""text"": ""3@@ Y@@ PD@@ H@@ W@@ r@@ f@@ V@@ g@@ 5@@ d@@ gh@@ 1@@ U@@ ub@@ 2@@ v@@ 99@@ Fr@@ c@@ Ty@@ 22@@ P@@ b@@ Ny""}, {""type"": ""BITCOINADDRESS"", ""start"": 65, ""end"": 92, ""text"": ""18@@ y@@ y@@ EG@@ U@@ a@@ B@@ x@@ r@@ z@@ p@@ T@@ q@@ M@@ W@@ cy@@ 7@@ ak@@ Ay@@ L@@ he@@ v@@ H@@ 23@@ c@@ 8@@ a""}, {""type"": ""ETHEREUMADDRESS"", ""start"": 93, ""end"": 127, ""text"": ""0@@ x@@ 5@@ ed@@ 2@@ a@@ a@@ 37@@ ab@@ d@@ 3@@ def@@ d@@ 9@@ c@@ 8@@ d@@ 0@@ e@@ 7@@ cc@@ d@@ fa@@ 0@@ a@@ 7@@ e@@ a@@ 45@@ 5@@ b@@ f@@ 5@@ e""}]",O O B-FIRSTNAME O O O O O O O O O O B-CURRENCY I-CURRENCY I-CURRENCY I-CURRENCY I-CURRENCY I-CURRENCY B-AMOUNT I-AMOUNT I-AMOUNT I-AMOUNT O O O O O O O O O O O O O O O O B-LITECOINADDRESS I-LITECOINADDRESS I-LITECOINADDRESS I-LITECOINADDRESS I-LITECOINADDRESS I-LITECOINADDRESS I-LITECOINADDRESS I-LITECOINADDRESS I-LITECOINADDRESS I-LITECOINADDRESS I-LITECOINADDRESS I-LITECOINADDRESS I-LITECOINADDRESS I-LITECOINADDRESS I-LITECOINADDRESS I-LITECOINADDRESS I-LITECOINADDRESS I-LITECOINADDRESS I-LITECOINADDRESS I-LITECOINADDRESS I-LITECOINADDRESS I-LITECOINADDRESS I-LITECOINADDRESS I-LITECOINADDRESS I-LITECOINADDRESS O B-BITCOINADDRESS I-BITCOINADDRESS I-BITCOINADDRESS I-BITCOINADDRESS I-BITCOINADDRESS I-BITCOINADDRESS I-BITCOINADDRESS I-BITCOINADDRESS I-BITCOINADDRESS I-BITCOINADDRESS I-BITCOINADDRESS I-BITCOINADDRESS I-BITCOINADDRESS I-BITCOINADDRESS I-BITCOINADDRESS I-BITCOINADDRESS I-BITCOINADDRESS I-BITCOINADDRESS I-BITCOINADDRESS I-BITCOINADDRESS I-BITCOINADDRESS I-BITCOINADDRESS I-BITCOINADDRESS I-BITCOINADDRESS I-BITCOINADDRESS I-BITCOINADDRESS I-BITCOINADDRESS O B-ETHEREUMADDRESS I-ETHEREUMADDRESS I-ETHEREUMADDRESS I-ETHEREUMADDRESS I-ETHEREUMADDRESS I-ETHEREUMADDRESS I-ETHEREUMADDRESS I-ETHEREUMADDRESS I-ETHEREUMADDRESS I-ETHEREUMADDRESS I-ETHEREUMADDRESS I-ETHEREUMADDRESS I-ETHEREUMADDRESS I-ETHEREUMADDRESS I-ETHEREUMADDRESS I-ETHEREUMADDRESS I-ETHEREUMADDRESS I-ETHEREUMADDRESS I-ETHEREUMADDRESS I-ETHEREUMADDRESS I-ETHEREUMADDRESS I-ETHEREUMADDRESS I-ETHEREUMADDRESS I-ETHEREUMADDRESS I-ETHEREUMADDRESS I-ETHEREUMADDRESS I-ETHEREUMADDRESS I-ETHEREUMADDRESS I-ETHEREUMADDRESS I-ETHEREUMADDRESS I-ETHEREUMADDRESS I-ETHEREUMADDRESS I-ETHEREUMADDRESS I-ETHEREUMADDRESS O O O O O O O O O O O,O O B-FIRSTNAME O O O O O O O O O O B-CURRENCY I-CURRENCY I-CURRENCY I-CURRENCY I-CURRENCY I-CURRENCY B-AMOUNT I-AMOUNT I-AMOUNT I-AMOUNT O O O O O O O O O O O O O O O O B-BITCOINADDRESS I-BITCOINADDRESS I-BITCOINADDRESS I-BITCOINADDRESS I-BITCOINADDRESS I-BITCOINADDRESS I-BITCOINADDRESS I-BITCOINADDRESS I-BITCOINADDRESS I-BITCOINADDRESS I-BITCOINADDRESS I-BITCOINADDRESS I-BITCOINADDRESS I-BITCOINADDRESS I-BITCOINADDRESS I-BITCOINADDRESS I-BITCOINADDRESS I-BITCOINADDRESS I-BITCOINADDRESS I-BITCOINADDRESS I-BITCOINADDRESS I-BITCOINADDRESS I-BITCOINADDRESS I-BITCOINADDRESS I-BITCOINADDRESS O B-BITCOINADDRESS I-BITCOINADDRESS I-BITCOINADDRESS I-BITCOINADDRESS I-BITCOINADDRESS I-BITCOINADDRESS I-BITCOINADDRESS I-BITCOINADDRESS I-BITCOINADDRESS I-BITCOINADDRESS I-BITCOINADDRESS I-BITCOINADDRESS I-BITCOINADDRESS I-BITCOINADDRESS I-BITCOINADDRESS I-BITCOINADDRESS I-BITCOINADDRESS I-BITCOINADDRESS I-BITCOINADDRESS I-BITCOINADDRESS I-BITCOINADDRESS I-BITCOINADDRESS I-BITCOINADDRESS I-BITCOINADDRESS I-BITCOINADDRESS I-BITCOINADDRESS I-BITCOINADDRESS O B-ETHEREUMADDRESS I-ETHEREUMADDRESS I-ETHEREUMADDRESS I-ETHEREUMADDRESS I-ETHEREUMADDRESS I-ETHEREUMADDRESS I-ETHEREUMADDRESS I-ETHEREUMADDRESS I-ETHEREUMADDRESS I-ETHEREUMADDRESS I-ETHEREUMADDRESS I-ETHEREUMADDRESS I-ETHEREUMADDRESS I-ETHEREUMADDRESS I-ETHEREUMADDRESS I-ETHEREUMADDRESS I-ETHEREUMADDRESS I-ETHEREUMADDRESS I-ETHEREUMADDRESS I-ETHEREUMADDRESS I-ETHEREUMADDRESS I-ETHEREUMADDRESS I-ETHEREUMADDRESS I-ETHEREUMADDRESS I-ETHEREUMADDRESS I-ETHEREUMADDRESS I-ETHEREUMADDRESS I-ETHEREUMADDRESS I-ETHEREUMADDRESS I-ETHEREUMADDRESS I-ETHEREUMADDRESS I-ETHEREUMADDRESS I-ETHEREUMADDRESS I-ETHEREUMADDRESS O O O O O O O O O O O,0.8333333333333334,"[{""type"": ""FIRSTNAME"", ""start"": 2, ""end"": 3, ""text"": ""Thắng""}, {""type"": ""CURRENCY"", ""start"": 13, ""end"": 19, ""text"": ""Les@@ oth@@ o Lo@@ t i""}, {""type"": ""AMOUNT"", ""start"": 19, ""end"": 23, ""text"": ""0.@@ 3@@ 133 m""}, {""type"": ""LITECOINADDRESS"", ""start"": 39, ""end"": 64, ""text"": ""3@@ Y@@ PD@@ H@@ W@@ r@@ f@@ V@@ g@@ 5@@ d@@ gh@@ 1@@ U@@ ub@@ 2@@ v@@ 99@@ Fr@@ c@@ Ty@@ 22@@ P@@ b@@ Ny""}, {""type"": ""BITCOINADDRESS"", ""start"": 65, ""end"": 92, ""text"": ""18@@ y@@ y@@ EG@@ U@@ a@@ B@@ x@@ r@@ z@@ p@@ T@@ q@@ M@@ W@@ cy@@ 7@@ ak@@ Ay@@ L@@ he@@ v@@ H@@ 23@@ c@@ 8@@ a""}, {""type"": ""ETHEREUMADDRESS"", ""start"": 93, ""end"": 127, ""text"": ""0@@ x@@ 5@@ ed@@ 2@@ a@@ a@@ 37@@ ab@@ d@@ 3@@ def@@ d@@ 9@@ c@@ 8@@ d@@ 0@@ e@@ 7@@ cc@@ d@@ fa@@ 0@@ a@@ 7@@ e@@ a@@ 45@@ 5@@ b@@ f@@ 5@@ e""}]","[{""type"": ""FIRSTNAME"", ""start"": 2, ""end"": 3, ""text"": ""Thắng""}, {""type"": ""CURRENCY"", ""start"": 13, ""end"": 19, ""text"": ""Les@@ oth@@ o Lo@@ t i""}, {""type"": ""AMOUNT"", ""start"": 19, ""end"": 23, ""text"": ""0.@@ 3@@ 133 m""}, {""type"": ""BITCOINADDRESS"", ""start"": 39, ""end"": 64, ""text"": ""3@@ Y@@ PD@@ H@@ W@@ r@@ f@@ V@@ g@@ 5@@ d@@ gh@@ 1@@ U@@ ub@@ 2@@ v@@ 99@@ Fr@@ c@@ Ty@@ 22@@ P@@ b@@ Ny""}, {""type"": ""BITCOINADDRESS"", ""start"": 65, ""end"": 92, ""text"": ""18@@ y@@ y@@ EG@@ U@@ a@@ B@@ x@@ r@@ z@@ p@@ T@@ q@@ M@@ W@@ cy@@ 7@@ ak@@ Ay@@ L@@ he@@ v@@ H@@ 23@@ c@@ 8@@ a""}, {""type"": ""ETHEREUMADDRESS"", ""start"": 93, ""end"": 127, ""text"": ""0@@ x@@ 5@@ ed@@ 2@@ a@@ a@@ 37@@ ab@@ d@@ 3@@ def@@ d@@ 9@@ c@@ 8@@ d@@ 0@@ e@@ 7@@ cc@@ d@@ fa@@ 0@@ a@@ 7@@ e@@ a@@ 45@@ 5@@ b@@ f@@ 5@@ e""}]",O O B-FIRSTNAME O O O O O O O O O O B-CURRENCY I-CURRENCY I-CURRENCY I-CURRENCY I-CURRENCY I-CURRENCY B-AMOUNT I-AMOUNT I-AMOUNT I-AMOUNT O O O O O O O O O O O O O O O O B-LITECOINADDRESS I-LITECOINADDRESS I-LITECOINADDRESS I-LITECOINADDRESS I-LITECOINADDRESS I-LITECOINADDRESS I-LITECOINADDRESS I-LITECOINADDRESS I-LITECOINADDRESS I-LITECOINADDRESS I-LITECOINADDRESS I-LITECOINADDRESS I-LITECOINADDRESS I-LITECOINADDRESS I-LITECOINADDRESS I-LITECOINADDRESS I-LITECOINADDRESS I-LITECOINADDRESS I-LITECOINADDRESS I-LITECOINADDRESS I-LITECOINADDRESS I-LITECOINADDRESS I-LITECOINADDRESS I-LITECOINADDRESS I-LITECOINADDRESS O B-BITCOINADDRESS I-BITCOINADDRESS I-BITCOINADDRESS I-BITCOINADDRESS I-BITCOINADDRESS I-BITCOINADDRESS I-BITCOINADDRESS I-BITCOINADDRESS I-BITCOINADDRESS I-BITCOINADDRESS I-BITCOINADDRESS I-BITCOINADDRESS I-BITCOINADDRESS I-BITCOINADDRESS I-BITCOINADDRESS I-BITCOINADDRESS I-BITCOINADDRESS I-BITCOINADDRESS I-BITCOINADDRESS I-BITCOINADDRESS I-BITCOINADDRESS I-BITCOINADDRESS I-BITCOINADDRESS I-BITCOINADDRESS I-BITCOINADDRESS I-BITCOINADDRESS I-BITCOINADDRESS O B-ETHEREUMADDRESS I-ETHEREUMADDRESS I-ETHEREUMADDRESS I-ETHEREUMADDRESS I-ETHEREUMADDRESS I-ETHEREUMADDRESS I-ETHEREUMADDRESS I-ETHEREUMADDRESS I-ETHEREUMADDRESS I-ETHEREUMADDRESS I-ETHEREUMADDRESS I-ETHEREUMADDRESS I-ETHEREUMADDRESS I-ETHEREUMADDRESS I-ETHEREUMADDRESS I-ETHEREUMADDRESS I-ETHEREUMADDRESS I-ETHEREUMADDRESS I-ETHEREUMADDRESS I-ETHEREUMADDRESS I-ETHEREUMADDRESS I-ETHEREUMADDRESS I-ETHEREUMADDRESS I-ETHEREUMADDRESS I-ETHEREUMADDRESS I-ETHEREUMADDRESS I-ETHEREUMADDRESS I-ETHEREUMADDRESS I-ETHEREUMADDRESS I-ETHEREUMADDRESS I-ETHEREUMADDRESS I-ETHEREUMADDRESS I-ETHEREUMADDRESS I-ETHEREUMADDRESS O O O O O O O O O O O,O O B-FIRSTNAME O O O O O O O O O O B-CURRENCY I-CURRENCY I-CURRENCY I-CURRENCY I-CURRENCY I-CURRENCY B-AMOUNT I-AMOUNT I-AMOUNT I-AMOUNT O O O O O O O O O O O O O O O O B-BITCOINADDRESS I-BITCOINADDRESS I-BITCOINADDRESS I-BITCOINADDRESS I-BITCOINADDRESS I-BITCOINADDRESS I-BITCOINADDRESS I-BITCOINADDRESS I-BITCOINADDRESS I-BITCOINADDRESS I-BITCOINADDRESS I-BITCOINADDRESS I-BITCOINADDRESS I-BITCOINADDRESS I-BITCOINADDRESS I-BITCOINADDRESS I-BITCOINADDRESS I-BITCOINADDRESS I-BITCOINADDRESS I-BITCOINADDRESS I-BITCOINADDRESS I-BITCOINADDRESS I-BITCOINADDRESS I-BITCOINADDRESS I-BITCOINADDRESS O B-BITCOINADDRESS I-BITCOINADDRESS I-BITCOINADDRESS I-BITCOINADDRESS I-BITCOINADDRESS I-BITCOINADDRESS I-BITCOINADDRESS I-BITCOINADDRESS I-BITCOINADDRESS I-BITCOINADDRESS I-BITCOINADDRESS I-BITCOINADDRESS I-BITCOINADDRESS I-BITCOINADDRESS I-BITCOINADDRESS I-BITCOINADDRESS I-BITCOINADDRESS I-BITCOINADDRESS I-BITCOINADDRESS I-BITCOINADDRESS I-BITCOINADDRESS I-BITCOINADDRESS I-BITCOINADDRESS I-BITCOINADDRESS I-BITCOINADDRESS I-BITCOINADDRESS I-BITCOINADDRESS O B-ETHEREUMADDRESS I-ETHEREUMADDRESS I-ETHEREUMADDRESS I-ETHEREUMADDRESS I-ETHEREUMADDRESS I-ETHEREUMADDRESS I-ETHEREUMADDRESS I-ETHEREUMADDRESS I-ETHEREUMADDRESS I-ETHEREUMADDRESS I-ETHEREUMADDRESS I-ETHEREUMADDRESS I-ETHEREUMADDRESS I-ETHEREUMADDRESS I-ETHEREUMADDRESS I-ETHEREUMADDRESS I-ETHEREUMADDRESS I-ETHEREUMADDRESS I-ETHEREUMADDRESS I-ETHEREUMADDRESS I-ETHEREUMADDRESS I-ETHEREUMADDRESS I-ETHEREUMADDRESS I-ETHEREUMADDRESS I-ETHEREUMADDRESS I-ETHEREUMADDRESS I-ETHEREUMADDRESS I-ETHEREUMADDRESS I-ETHEREUMADDRESS I-ETHEREUMADDRESS I-ETHEREUMADDRESS I-ETHEREUMADDRESS I-ETHEREUMADDRESS I-ETHEREUMADDRESS O O O O O O O O O O O,0.6666666666666666,"[{""type"": ""FIRSTNAME"", ""start"": 2, ""end"": 3, ""text"": ""Thắng""}, {""type"": ""CURRENCY"", ""start"": 13, ""end"": 19, ""text"": ""Les@@ oth@@ o Lo@@ t i""}, {""type"": ""AMOUNT"", ""start"": 19, ""end"": 23, ""text"": ""0.@@ 3@@ 133 m""}, {""type"": ""LITECOINADDRESS"", ""start"": 39, ""end"": 64, ""text"": ""3@@ Y@@ PD@@ H@@ W@@ r@@ f@@ V@@ g@@ 5@@ d@@ gh@@ 1@@ U@@ ub@@ 2@@ v@@ 99@@ Fr@@ c@@ Ty@@ 22@@ P@@ b@@ Ny""}, {""type"": ""BITCOINADDRESS"", ""start"": 65, ""end"": 92, ""text"": ""18@@ y@@ y@@ EG@@ U@@ a@@ B@@ x@@ r@@ z@@ p@@ T@@ q@@ M@@ W@@ cy@@ 7@@ ak@@ Ay@@ L@@ he@@ v@@ H@@ 23@@ c@@ 8@@ a""}, {""type"": ""ETHEREUMADDRESS"", ""start"": 93, ""end"": 127, ""text"": ""0@@ x@@ 5@@ ed@@ 2@@ a@@ a@@ 37@@ ab@@ d@@ 3@@ def@@ d@@ 9@@ c@@ 8@@ d@@ 0@@ e@@ 7@@ cc@@ d@@ fa@@ 0@@ a@@ 7@@ e@@ a@@ 45@@ 5@@ b@@ f@@ 5@@ e""}]","[{""type"": ""FIRSTNAME"", ""start"": 2, ""end"": 3, ""text"": ""Thắng""}, {""type"": ""CURRENCY"", ""start"": 13, ""end"": 19, ""text"": ""Les@@ oth@@ o Lo@@ t i""}, {""type"": ""AMOUNT"", ""start"": 19, ""end"": 23, ""text"": ""0.@@ 3@@ 133 m""}, {""type"": ""BITCOINADDRESS"", ""start"": 39, ""end"": 64, ""text"": ""3@@ Y@@ PD@@ H@@ W@@ r@@ f@@ V@@ g@@ 5@@ d@@ gh@@ 1@@ U@@ ub@@ 2@@ v@@ 99@@ Fr@@ c@@ Ty@@ 22@@ P@@ b@@ Ny""}, {""type"": ""LITECOINADDRESS"", ""start"": 65, ""end"": 92, ""text"": ""18@@ y@@ y@@ EG@@ U@@ a@@ B@@ x@@ r@@ z@@ p@@ T@@ q@@ M@@ W@@ cy@@ 7@@ ak@@ Ay@@ L@@ he@@ v@@ H@@ 23@@ c@@ 8@@ a""}, {""type"": ""ETHEREUMADDRESS"", ""start"": 93, ""end"": 127, ""text"": ""0@@ x@@ 5@@ ed@@ 2@@ a@@ a@@ 37@@ ab@@ d@@ 3@@ def@@ d@@ 9@@ c@@ 8@@ d@@ 0@@ e@@ 7@@ cc@@ d@@ fa@@ 0@@ a@@ 7@@ e@@ a@@ 45@@ 5@@ b@@ f@@ 5@@ e""}]",O O B-FIRSTNAME O O O O O O O O O O B-CURRENCY I-CURRENCY I-CURRENCY I-CURRENCY I-CURRENCY I-CURRENCY B-AMOUNT I-AMOUNT I-AMOUNT I-AMOUNT O O O O O O O O O O O O O O O O B-LITECOINADDRESS I-LITECOINADDRESS I-LITECOINADDRESS I-LITECOINADDRESS I-LITECOINADDRESS I-LITECOINADDRESS I-LITECOINADDRESS I-LITECOINADDRESS I-LITECOINADDRESS I-LITECOINADDRESS I-LITECOINADDRESS I-LITECOINADDRESS I-LITECOINADDRESS I-LITECOINADDRESS I-LITECOINADDRESS I-LITECOINADDRESS I-LITECOINADDRESS I-LITECOINADDRESS I-LITECOINADDRESS I-LITECOINADDRESS I-LITECOINADDRESS I-LITECOINADDRESS I-LITECOINADDRESS I-LITECOINADDRESS I-LITECOINADDRESS O B-BITCOINADDRESS I-BITCOINADDRESS I-BITCOINADDRESS I-BITCOINADDRESS I-BITCOINADDRESS I-BITCOINADDRESS I-BITCOINADDRESS I-BITCOINADDRESS I-BITCOINADDRESS I-BITCOINADDRESS I-BITCOINADDRESS I-BITCOINADDRESS I-BITCOINADDRESS I-BITCOINADDRESS I-BITCOINADDRESS I-BITCOINADDRESS I-BITCOINADDRESS I-BITCOINADDRESS I-BITCOINADDRESS I-BITCOINADDRESS I-BITCOINADDRESS I-BITCOINADDRESS I-BITCOINADDRESS I-BITCOINADDRESS I-BITCOINADDRESS I-BITCOINADDRESS I-BITCOINADDRESS O B-ETHEREUMADDRESS I-ETHEREUMADDRESS I-ETHEREUMADDRESS I-ETHEREUMADDRESS I-ETHEREUMADDRESS I-ETHEREUMADDRESS I-ETHEREUMADDRESS I-ETHEREUMADDRESS I-ETHEREUMADDRESS I-ETHEREUMADDRESS I-ETHEREUMADDRESS I-ETHEREUMADDRESS I-ETHEREUMADDRESS I-ETHEREUMADDRESS I-ETHEREUMADDRESS I-ETHEREUMADDRESS I-ETHEREUMADDRESS I-ETHEREUMADDRESS I-ETHEREUMADDRESS I-ETHEREUMADDRESS I-ETHEREUMADDRESS I-ETHEREUMADDRESS I-ETHEREUMADDRESS I-ETHEREUMADDRESS I-ETHEREUMADDRESS I-ETHEREUMADDRESS I-ETHEREUMADDRESS I-ETHEREUMADDRESS I-ETHEREUMADDRESS I-ETHEREUMADDRESS I-ETHEREUMADDRESS I-ETHEREUMADDRESS I-ETHEREUMADDRESS I-ETHEREUMADDRESS O O O O O O O O O O O,O O B-FIRSTNAME O O O O O O O O O O B-CURRENCY I-CURRENCY I-CURRENCY I-CURRENCY I-CURRENCY I-CURRENCY B-AMOUNT I-AMOUNT I-AMOUNT I-AMOUNT O O O O O O O O O O O O O O O O B-BITCOINADDRESS I-BITCOINADDRESS I-BITCOINADDRESS I-BITCOINADDRESS I-BITCOINADDRESS I-BITCOINADDRESS I-BITCOINADDRESS I-BITCOINADDRESS I-BITCOINADDRESS I-BITCOINADDRESS I-BITCOINADDRESS I-BITCOINADDRESS I-BITCOINADDRESS I-BITCOINADDRESS I-BITCOINADDRESS I-BITCOINADDRESS I-BITCOINADDRESS I-BITCOINADDRESS I-BITCOINADDRESS I-BITCOINADDRESS I-BITCOINADDRESS I-BITCOINADDRESS I-BITCOINADDRESS I-BITCOINADDRESS I-BITCOINADDRESS O B-LITECOINADDRESS I-LITECOINADDRESS I-LITECOINADDRESS I-LITECOINADDRESS I-LITECOINADDRESS I-LITECOINADDRESS I-LITECOINADDRESS I-LITECOINADDRESS I-LITECOINADDRESS I-LITECOINADDRESS I-LITECOINADDRESS I-LITECOINADDRESS I-LITECOINADDRESS I-LITECOINADDRESS I-LITECOINADDRESS I-LITECOINADDRESS I-LITECOINADDRESS I-LITECOINADDRESS I-LITECOINADDRESS I-LITECOINADDRESS I-LITECOINADDRESS I-LITECOINADDRESS I-LITECOINADDRESS I-LITECOINADDRESS I-LITECOINADDRESS I-LITECOINADDRESS I-LITECOINADDRESS O B-ETHEREUMADDRESS I-ETHEREUMADDRESS I-ETHEREUMADDRESS I-ETHEREUMADDRESS I-ETHEREUMADDRESS I-ETHEREUMADDRESS I-ETHEREUMADDRESS I-ETHEREUMADDRESS I-ETHEREUMADDRESS I-ETHEREUMADDRESS I-ETHEREUMADDRESS I-ETHEREUMADDRESS I-ETHEREUMADDRESS I-ETHEREUMADDRESS I-ETHEREUMADDRESS I-ETHEREUMADDRESS I-ETHEREUMADDRESS I-ETHEREUMADDRESS I-ETHEREUMADDRESS I-ETHEREUMADDRESS I-ETHEREUMADDRESS I-ETHEREUMADDRESS I-ETHEREUMADDRESS I-ETHEREUMADDRESS I-ETHEREUMADDRESS I-ETHEREUMADDRESS I-ETHEREUMADDRESS I-ETHEREUMADDRESS I-ETHEREUMADDRESS I-ETHEREUMADDRESS I-ETHEREUMADDRESS I-ETHEREUMADDRESS I-ETHEREUMADDRESS I-ETHEREUMADDRESS O O O O O O O O O O O,0.8333333333333334,"[{""type"": ""FIRSTNAME"", ""start"": 2, ""end"": 3, ""text"": ""▁Thắng""}, {""type"": ""CURRENCY"", ""start"": 15, ""end"": 20, ""text"": ""▁Les ot ho ▁Lot ▁i""}, {""type"": ""AMOUNT"", ""start"": 20, ""end"": 23, ""text"": ""▁0.3 133 m""}, {""type"": ""LITECOINADDRESS"", ""start"": 44, ""end"": 68, ""text"": ""▁3 YP DH W rf V g 5 d gh 1 U ub 2 v 99 Fr c T y 22 P b Ny""}, {""type"": ""BITCOINADDRESS"", ""start"": 69, ""end"": 92, ""text"": ""▁18 yy EGU a B x rz p T q MW cy 7 ak A y L hev H 23 c 8 a""}, {""type"": ""ETHEREUMADDRESS"", ""start"": 93, ""end"": 127, ""text"": ""▁0 x 5 ed 2 a a 37 ab d 3 de f d 9 c 8 d 0 e 7 cc d fa 0 a 7 e a 45 5 bf 5 e""}]","[{""type"": ""FIRSTNAME"", ""start"": 2, ""end"": 3, ""text"": ""▁Thắng""}, {""type"": ""CURRENCY"", ""start"": 15, ""end"": 20, ""text"": ""▁Les ot ho ▁Lot ▁i""}, {""type"": ""AMOUNT"", ""start"": 20, ""end"": 23, ""text"": ""▁0.3 133 m""}, {""type"": ""BITCOINADDRESS"", ""start"": 44, ""end"": 68, ""text"": ""▁3 YP DH W rf V g 5 d gh 1 U ub 2 v 99 Fr c T y 22 P b Ny""}, {""type"": ""BITCOINADDRESS"", ""start"": 69, ""end"": 92, ""text"": ""▁18 yy EGU a B x rz p T q MW cy 7 ak A y L hev H 23 c 8 a""}, {""type"": ""ETHEREUMADDRESS"", ""start"": 93, ""end"": 127, ""text"": ""▁0 x 5 ed 2 a a 37 ab d 3 de f d 9 c 8 d 0 e 7 cc d fa 0 a 7 e a 45 5 bf 5 e""}]",O O B-FIRSTNAME O O O O O O O O O O O O B-CURRENCY I-CURRENCY I-CURRENCY I-CURRENCY I-CURRENCY B-AMOUNT I-AMOUNT I-AMOUNT O O O O O O O O O O O O O O O O O O O O O B-LITECOINADDRESS I-LITECOINADDRESS I-LITECOINADDRESS I-LITECOINADDRESS I-LITECOINADDRESS I-LITECOINADDRESS I-LITECOINADDRESS I-LITECOINADDRESS I-LITECOINADDRESS I-LITECOINADDRESS I-LITECOINADDRESS I-LITECOINADDRESS I-LITECOINADDRESS I-LITECOINADDRESS I-LITECOINADDRESS I-LITECOINADDRESS I-LITECOINADDRESS I-LITECOINADDRESS I-LITECOINADDRESS I-LITECOINADDRESS I-LITECOINADDRESS I-LITECOINADDRESS I-LITECOINADDRESS I-LITECOINADDRESS O B-BITCOINADDRESS I-BITCOINADDRESS I-BITCOINADDRESS I-BITCOINADDRESS I-BITCOINADDRESS I-BITCOINADDRESS I-BITCOINADDRESS I-BITCOINADDRESS I-BITCOINADDRESS I-BITCOINADDRESS I-BITCOINADDRESS I-BITCOINADDRESS I-BITCOINADDRESS I-BITCOINADDRESS I-BITCOINADDRESS I-BITCOINADDRESS I-BITCOINADDRESS I-BITCOINADDRESS I-BITCOINADDRESS I-BITCOINADDRESS I-BITCOINADDRESS I-BITCOINADDRESS I-BITCOINADDRESS O B-ETHEREUMADDRESS I-ETHEREUMADDRESS I-ETHEREUMADDRESS I-ETHEREUMADDRESS I-ETHEREUMADDRESS I-ETHEREUMADDRESS I-ETHEREUMADDRESS I-ETHEREUMADDRESS I-ETHEREUMADDRESS I-ETHEREUMADDRESS I-ETHEREUMADDRESS I-ETHEREUMADDRESS I-ETHEREUMADDRESS I-ETHEREUMADDRESS I-ETHEREUMADDRESS I-ETHEREUMADDRESS I-ETHEREUMADDRESS I-ETHEREUMADDRESS I-ETHEREUMADDRESS I-ETHEREUMADDRESS I-ETHEREUMADDRESS I-ETHEREUMADDRESS I-ETHEREUMADDRESS I-ETHEREUMADDRESS I-ETHEREUMADDRESS I-ETHEREUMADDRESS I-ETHEREUMADDRESS I-ETHEREUMADDRESS I-ETHEREUMADDRESS I-ETHEREUMADDRESS I-ETHEREUMADDRESS I-ETHEREUMADDRESS I-ETHEREUMADDRESS I-ETHEREUMADDRESS O O O O O O O O O O O O O O O O,O O B-FIRSTNAME O O O O O O O O O O O O B-CURRENCY I-CURRENCY I-CURRENCY I-CURRENCY I-CURRENCY B-AMOUNT I-AMOUNT I-AMOUNT O O O O O O O O O O O O O O O O O O O O O B-BITCOINADDRESS I-BITCOINADDRESS I-BITCOINADDRESS I-BITCOINADDRESS I-BITCOINADDRESS I-BITCOINADDRESS I-BITCOINADDRESS I-BITCOINADDRESS I-BITCOINADDRESS I-BITCOINADDRESS I-BITCOINADDRESS I-BITCOINADDRESS I-BITCOINADDRESS I-BITCOINADDRESS I-BITCOINADDRESS I-BITCOINADDRESS I-BITCOINADDRESS I-BITCOINADDRESS I-BITCOINADDRESS I-BITCOINADDRESS I-BITCOINADDRESS I-BITCOINADDRESS I-BITCOINADDRESS I-BITCOINADDRESS O B-BITCOINADDRESS I-BITCOINADDRESS I-BITCOINADDRESS I-BITCOINADDRESS I-BITCOINADDRESS I-BITCOINADDRESS I-BITCOINADDRESS I-BITCOINADDRESS I-BITCOINADDRESS I-BITCOINADDRESS I-BITCOINADDRESS I-BITCOINADDRESS I-BITCOINADDRESS I-BITCOINADDRESS I-BITCOINADDRESS I-BITCOINADDRESS I-BITCOINADDRESS I-BITCOINADDRESS I-BITCOINADDRESS I-BITCOINADDRESS I-BITCOINADDRESS I-BITCOINADDRESS I-BITCOINADDRESS O B-ETHEREUMADDRESS I-ETHEREUMADDRESS I-ETHEREUMADDRESS I-ETHEREUMADDRESS I-ETHEREUMADDRESS I-ETHEREUMADDRESS I-ETHEREUMADDRESS I-ETHEREUMADDRESS I-ETHEREUMADDRESS I-ETHEREUMADDRESS I-ETHEREUMADDRESS I-ETHEREUMADDRESS I-ETHEREUMADDRESS I-ETHEREUMADDRESS I-ETHEREUMADDRESS I-ETHEREUMADDRESS I-ETHEREUMADDRESS I-ETHEREUMADDRESS I-ETHEREUMADDRESS I-ETHEREUMADDRESS I-ETHEREUMADDRESS I-ETHEREUMADDRESS I-ETHEREUMADDRESS I-ETHEREUMADDRESS I-ETHEREUMADDRESS I-ETHEREUMADDRESS I-ETHEREUMADDRESS I-ETHEREUMADDRESS I-ETHEREUMADDRESS I-ETHEREUMADDRESS I-ETHEREUMADDRESS I-ETHEREUMADDRESS I-ETHEREUMADDRESS I-ETHEREUMADDRESS O O O O O O O O O O O O O O O O
3400,Chuyên viên tư vấn đây. Chiến lược mới liên quan đến việc phân biệt giá cả tùy thuộc vào VND. Bạn có thể xem qua nó được không?,True,0.5,"[{""type"": ""JOBTITLE"", ""start"": 0, ""end"": 2, ""text"": ""Chuyên_viên tư_vấn""}, {""type"": ""CURRENCYSYMBOL"", ""start"": 13, ""end"": 14, ""text"": ""VND""}]","[{""type"": ""JOBTITLE"", ""start"": 0, ""end"": 2, ""text"": ""Chuyên_viên tư_vấn""}, {""type"": ""CURRENCYCODE"", ""start"": 13, ""end"": 14, ""text"": ""VND""}]",B-JOBTITLE I-JOBTITLE O O O O O O O O O O O B-CURRENCYSYMBOL O O O O O O O O O,B-JOBTITLE I-JOBTITLE O O O O O O O O O O O B-CURRENCYCODE O O O O O O O O O,0.5,"[{""type"": ""JOBTITLE"", ""start"": 0, ""end"": 2, ""text"": ""Chuyên_viên tư_vấn""}, {""type"": ""CURRENCYSYMBOL"", ""start"": 13, ""end"": 14, ""text"": ""VND""}]","[{""type"": ""JOBTITLE"", ""start"": 0, ""end"": 2, ""text"": ""Chuyên_viên tư_vấn""}, {""type"": ""CURRENCYCODE"", ""start"": 13, ""end"": 14, ""text"": ""VND""}]",B-JOBTITLE I-JOBTITLE O O O O O O O O O O O B-CURRENCYSYMBOL O O O O O O O O O,B-JOBTITLE I-JOBTITLE O O O O O O O O O O O B-CURRENCYCODE O O O O O O O O O,0.5,"[{""type"": ""JOBTITLE"", ""start"": 0, ""end"": 2, ""text"": ""Chuyên_viên tư_vấn""}, {""type"": ""CURRENCYSYMBOL"", ""start"": 13, ""end"": 14, ""text"": ""VND""}]","[{""type"": ""JOBTITLE"", ""start"": 0, ""end"": 2, ""text"": ""Chuyên_viên tư_vấn""}, {""type"": ""CURRENCYCODE"", ""start"": 13, ""end"": 14, ""text"": ""VND""}]",B-JOBTITLE I-JOBTITLE O O O O O O O O O O O B-CURRENCYSYMBOL O O O O O O O O O,B-JOBTITLE I-JOBTITLE O O O O O O O O O O O B-CURRENCYCODE O O O O O O O O O,0.5,"[{""type"": ""JOBTITLE"", ""start"": 0, ""end"": 4, ""text"": ""▁Chuyên ▁viên ▁tư ▁vấn""}, {""type"": ""CURRENCYSYMBOL"", ""start"": 20, ""end"": 22, ""text"": ""▁V ND""}]","[{""type"": ""JOBTITLE"", ""start"": 0, ""end"": 4, ""text"": ""▁Chuyên ▁viên ▁tư ▁vấn""}, {""type"": ""CURRENCYCODE"", ""start"": 20, ""end"": 22, ""text"": ""▁V ND""}]",B-JOBTITLE I-JOBTITLE I-JOBTITLE I-JOBTITLE O O O O O O O O O O O O O O O O B-CURRENCYSYMBOL I-CURRENCYSYMBOL O O O O O O O O O O,B-JOBTITLE I-JOBTITLE I-JOBTITLE I-JOBTITLE O O O O O O O O O O O O O O O O B-CURRENCYCODE I-CURRENCYCODE O O O O O O O O O O
3404,"Cuộc hẹn nha khoa của bạn đã được xác nhận vào ngày 2014.05.05, Tài. Vui lòng đến đúng giờ. Thanh toán có thể thực hiện bằng Bitcoin tại địa chỉ: 1thPj95FLDccCwDphmQrmiTHEvD5huJWk.",True,0.6666666666666666,"[{""type"": ""DOB"", ""start"": 10, ""end"": 14, ""text"": ""201@@ 4.0@@ 5.0@@ 5""}, {""type"": ""FIRSTNAME"", ""start"": 15, ""end"": 16, ""text"": ""Tài""}, {""type"": ""BITCOINADDRESS"", ""start"": 31, ""end"": 54, ""text"": ""1@@ th@@ Pj@@ 95@@ F@@ LD@@ cc@@ C@@ w@@ D@@ ph@@ m@@ Q@@ r@@ mi@@ TH@@ Ev@@ D@@ 5@@ hu@@ J@@ W@@ k""}]","[{""type"": ""DATE"", ""start"": 10, ""end"": 14, ""text"": ""201@@ 4.0@@ 5.0@@ 5""}, {""type"": ""FIRSTNAME"", ""start"": 15, ""end"": 16, ""text"": ""Tài""}, {""type"": ""BITCOINADDRESS"", ""start"": 31, ""end"": 54, ""text"": ""1@@ th@@ Pj@@ 95@@ F@@ LD@@ cc@@ C@@ w@@ D@@ ph@@ m@@ Q@@ r@@ mi@@ TH@@ Ev@@ D@@ 5@@ hu@@ J@@ W@@ k""}]",O O O O O O O O O O B-DOB I-DOB I-DOB I-DOB O B-FIRSTNAME O O O O O O O O O O O O O O O B-BITCOINADDRESS I-BITCOINADDRESS I-BITCOINADDRESS I-BITCOINADDRESS I-BITCOINADDRESS I-BITCOINADDRESS I-BITCOINADDRESS I-BITCOINADDRESS I-BITCOINADDRESS I-BITCOINADDRESS I-BITCOINADDRESS I-BITCOINADDRESS I-BITCOINADDRESS I-BITCOINADDRESS I-BITCOINADDRESS I-BITCOINADDRESS I-BITCOINADDRESS I-BITCOINADDRESS I-BITCOINADDRESS I-BITCOINADDRESS I-BITCOINADDRESS I-BITCOINADDRESS I-BITCOINADDRESS O,O O O O O O O O O O B-DATE I-DATE I-DATE I-DATE O B-FIRSTNAME O O O O O O O O O O O O O O O B-BITCOINADDRESS I-BITCOINADDRESS I-BITCOINADDRESS I-BITCOINADDRESS I-BITCOINADDRESS I-BITCOINADDRESS I-BITCOINADDRESS I-BITCOINADDRESS I-BITCOINADDRESS I-BITCOINADDRESS I-BITCOINADDRESS I-BITCOINADDRESS I-BITCOINADDRESS I-BITCOINADDRESS I-BITCOINADDRESS I-BITCOINADDRESS I-BITCOINADDRESS I-BITCOINADDRESS I-BITCOINADDRESS I-BITCOINADDRESS I-BITCOINADDRESS I-BITCOINADDRESS I-BITCOINADDRESS O,0.6666666666666666,"[{""type"": ""DOB"", ""start"": 10, ""end"": 14, ""text"": ""201@@ 4.0@@ 5.0@@ 5""}, {""type"": ""FIRSTNAME"", ""start"": 15, ""end"": 16, ""text"": ""Tài""}, {""type"": ""BITCOINADDRESS"", ""start"": 31, ""end"": 54, ""text"": ""1@@ th@@ Pj@@ 95@@ F@@ LD@@ cc@@ C@@ w@@ D@@ ph@@ m@@ Q@@ r@@ mi@@ TH@@ Ev@@ D@@ 5@@ hu@@ J@@ W@@ k""}]","[{""type"": ""DATE"", ""start"": 10, ""end"": 14, ""text"": ""201@@ 4.0@@ 5.0@@ 5""}, {""type"": ""FIRSTNAME"", ""start"": 15, ""end"": 16, ""text"": ""Tài""}, {""type"": ""BITCOINADDRESS"", ""start"": 31, ""end"": 54, ""text"": ""1@@ th@@ Pj@@ 95@@ F@@ LD@@ cc@@ C@@ w@@ D@@ ph@@ m@@ Q@@ r@@ mi@@ TH@@ Ev@@ D@@ 5@@ hu@@ J@@ W@@ k""}]",O O O O O O O O O O B-DOB I-DOB I-DOB I-DOB O B-FIRSTNAME O O O O O O O O O O O O O O O B-BITCOINADDRESS I-BITCOINADDRESS I-BITCOINADDRESS I-BITCOINADDRESS I-BITCOINADDRESS I-BITCOINADDRESS I-BITCOINADDRESS I-BITCOINADDRESS I-BITCOINADDRESS I-BITCOINADDRESS I-BITCOINADDRESS I-BITCOINADDRESS I-BITCOINADDRESS I-BITCOINADDRESS I-BITCOINADDRESS I-BITCOINADDRESS I-BITCOINADDRESS I-BITCOINADDRESS I-BITCOINADDRESS I-BITCOINADDRESS I-BITCOINADDRESS I-BITCOINADDRESS I-BITCOINADDRESS O,O O O O O O O O O O B-DATE I-DATE I-DATE I-DATE O B-FIRSTNAME O O O O O O O O O O O O O O O B-BITCOINADDRESS I-BITCOINADDRESS I-BITCOINADDRESS I-BITCOINADDRESS I-BITCOINADDRESS I-BITCOINADDRESS I-BITCOINADDRESS I-BITCOINADDRESS I-BITCOINADDRESS I-BITCOINADDRESS I-BITCOINADDRESS I-BITCOINADDRESS I-BITCOINADDRESS I-BITCOINADDRESS I-BITCOINADDRESS I-BITCOINADDRESS I-BITCOINADDRESS I-BITCOINADDRESS I-BITCOINADDRESS I-BITCOINADDRESS I-BITCOINADDRESS I-BITCOINADDRESS I-BITCOINADDRESS O,0.6666666666666666,"[{""type"": ""DOB"", ""start"": 10, ""end"": 14, ""text"": ""201@@ 4.0@@ 5.0@@ 5""}, {""type"": ""FIRSTNAME"", ""start"": 15, ""end"": 16, ""text"": ""Tài""}, {""type"": ""BITCOINADDRESS"", ""start"": 31, ""end"": 54, ""text"": ""1@@ th@@ Pj@@ 95@@ F@@ LD@@ cc@@ C@@ w@@ D@@ ph@@ m@@ Q@@ r@@ mi@@ TH@@ Ev@@ D@@ 5@@ hu@@ J@@ W@@ k""}]","[{""type"": ""DATE"", ""start"": 10, ""end"": 14, ""text"": ""201@@ 4.0@@ 5.0@@ 5""}, {""type"": ""FIRSTNAME"", ""start"": 15, ""end"": 16, ""text"": ""Tài""}, {""type"": ""BITCOINADDRESS"", ""start"": 31, ""end"": 54, ""text"": ""1@@ th@@ Pj@@ 95@@ F@@ LD@@ cc@@ C@@ w@@ D@@ ph@@ m@@ Q@@ r@@ mi@@ TH@@ Ev@@ D@@ 5@@ hu@@ J@@ W@@ k""}]",O O O O O O O O O O B-DOB I-DOB I-DOB I-DOB O B-FIRSTNAME O O O O O O O O O O O O O O O B-BITCOINADDRESS I-BITCOINADDRESS I-BITCOINADDRESS I-BITCOINADDRESS I-BITCOINADDRESS I-BITCOINADDRESS I-BITCOINADDRESS I-BITCOINADDRESS I-BITCOINADDRESS I-BITCOINADDRESS I-BITCOINADDRESS I-BITCOINADDRESS I-BITCOINADDRESS I-BITCOINADDRESS I-BITCOINADDRESS I-BITCOINADDRESS I-BITCOINADDRESS I-BITCOINADDRESS I-BITCOINADDRESS I-BITCOINADDRESS I-BITCOINADDRESS I-BITCOINADDRESS I-BITCOINADDRESS O,O O O O O O O O O O B-DATE I-DATE I-DATE I-DATE O B-FIRSTNAME O O O O O O O O O O O O O O O B-BITCOINADDRESS I-BITCOINADDRESS I-BITCOINADDRESS I-BITCOINADDRESS I-BITCOINADDRESS I-BITCOINADDRESS I-BITCOINADDRESS I-BITCOINADDRESS I-BITCOINADDRESS I-BITCOINADDRESS I-BITCOINADDRESS I-BITCOINADDRESS I-BITCOINADDRESS I-BITCOINADDRESS I-BITCOINADDRESS I-BITCOINADDRESS I-BITCOINADDRESS I-BITCOINADDRESS I-BITCOINADDRESS I-BITCOINADDRESS I-BITCOINADDRESS I-BITCOINADDRESS I-BITCOINADDRESS O,0.6666666666666666,"[{""type"": ""DOB"", ""start"": 12, ""end"": 15, ""text"": ""▁2014 .05. 05""}, {""type"": ""FIRSTNAME"", ""start"": 16, ""end"": 17, ""text"": ""▁Tài""}, {""type"": ""BITCOINADDRESS"", ""start"": 36, ""end"": 59, ""text"": ""▁1 th P j 95 FL D cc C w D ph m Q rmi THE v D 5 hu J W k""}]","[{""type"": ""DATE"", ""start"": 12, ""end"": 15, ""text"": ""▁2014 .05. 05""}, {""type"": ""FIRSTNAME"", ""start"": 16, ""end"": 17, ""text"": ""▁Tài""}, {""type"": ""BITCOINADDRESS"", ""start"": 36, ""end"": 59, ""text"": ""▁1 th P j 95 FL D cc C w D ph m Q rmi THE v D 5 hu J W k""}]",O O O O O O O O O O O O B-DOB I-DOB I-DOB O B-FIRSTNAME O O O O O O O O O O O O O O O O O O O B-BITCOINADDRESS I-BITCOINADDRESS I-BITCOINADDRESS I-BITCOINADDRESS I-BITCOINADDRESS I-BITCOINADDRESS I-BITCOINADDRESS I-BITCOINADDRESS I-BITCOINADDRESS I-BITCOINADDRESS I-BITCOINADDRESS I-BITCOINADDRESS I-BITCOINADDRESS I-BITCOINADDRESS I-BITCOINADDRESS I-BITCOINADDRESS I-BITCOINADDRESS I-BITCOINADDRESS I-BITCOINADDRESS I-BITCOINADDRESS I-BITCOINADDRESS I-BITCOINADDRESS I-BITCOINADDRESS O,O O O O O O O O O O O O B-DATE I-DATE I-DATE O B-FIRSTNAME O O O O O O O O O O O O O O O O O O O B-BITCOINADDRESS I-BITCOINADDRESS I-BITCOINADDRESS I-BITCOINADDRESS I-BITCOINADDRESS I-BITCOINADDRESS I-BITCOINADDRESS I-BITCOINADDRESS I-BITCOINADDRESS I-BITCOINADDRESS I-BITCOINADDRESS I-BITCOINADDRESS I-BITCOINADDRESS I-BITCOINADDRESS I-BITCOINADDRESS I-BITCOINADDRESS I-BITCOINADDRESS I-BITCOINADDRESS I-BITCOINADDRESS I-BITCOINADDRESS I-BITCOINADDRESS I-BITCOINADDRESS I-BITCOINADDRESS O
3434,"Thân gửi Minh, chúng tôi đã nhận được 3U1mNQVu96eFtptYK792pQ9RxKqFPh3tERBM của bạn để xử lý thanh toán.",True,0.5,"[{""type"": ""FIRSTNAME"", ""start"": 2, ""end"": 3, ""text"": ""Minh""}, {""type"": ""BITCOINADDRESS"", ""start"": 8, ""end"": 36, ""text"": ""3@@ U@@ 1m@@ N@@ Q@@ Vu@@ 96@@ e@@ F@@ t@@ pt@@ Y@@ K@@ 79@@ 2@@ p@@ Q@@ 9@@ R@@ x@@ K@@ q@@ F@@ Ph@@ 3@@ t@@ ER@@ BM""}]","[{""type"": ""MIDDLENAME"", ""start"": 2, ""end"": 3, ""text"": ""Minh""}, {""type"": ""BITCOINADDRESS"", ""start"": 8, ""end"": 36, ""text"": ""3@@ U@@ 1m@@ N@@ Q@@ Vu@@ 96@@ e@@ F@@ t@@ pt@@ Y@@ K@@ 79@@ 2@@ p@@ Q@@ 9@@ R@@ x@@ K@@ q@@ F@@ Ph@@ 3@@ t@@ ER@@ BM""}]",O O B-FIRSTNAME O O O O O B-BITCOINADDRESS I-BITCOINADDRESS I-BITCOINADDRESS I-BITCOINADDRESS I-BITCOINADDRESS I-BITCOINADDRESS I-BITCOINADDRESS I-BITCOINADDRESS I-BITCOINADDRESS I-BITCOINADDRESS I-BITCOINADDRESS I-BITCOINADDRESS I-BITCOINADDRESS I-BITCOINADDRESS I-BITCOINADDRESS I-BITCOINADDRESS I-BITCOINADDRESS I-BITCOINADDRESS I-BITCOINADDRESS I-BITCOINADDRESS I-BITCOINADDRESS I-BITCOINADDRESS I-BITCOINADDRESS I-BITCOINADDRESS I-BITCOINADDRESS I-BITCOINADDRESS I-BITCOINADDRESS I-BITCOINADDRESS O O O O O O,O O B-MIDDLENAME O O O O O B-BITCOINADDRESS I-BITCOINADDRESS I-BITCOINADDRESS I-BITCOINADDRESS I-BITCOINADDRESS I-BITCOINADDRESS I-BITCOINADDRESS I-BITCOINADDRESS I-BITCOINADDRESS I-BITCOINADDRESS I-BITCOINADDRESS I-BITCOINADDRESS I-BITCOINADDRESS I-BITCOINADDRESS I-BITCOINADDRESS I-BITCOINADDRESS I-BITCOINADDRESS I-BITCOINADDRESS I-BITCOINADDRESS I-BITCOINADDRESS I-BITCOINADDRESS I-BITCOINADDRESS I-BITCOINADDRESS I-BITCOINADDRESS I-BITCOINADDRESS I-BITCOINADDRESS I-BITCOINADDRESS I-BITCOINADDRESS O O O O O O,0.5,"[{""type"": ""FIRSTNAME"", ""start"": 2, ""end"": 3, ""text"": ""Minh""}, {""type"": ""BITCOINADDRESS"", ""start"": 8, ""end"": 36, ""text"": ""3@@ U@@ 1m@@ N@@ Q@@ Vu@@ 96@@ e@@ F@@ t@@ pt@@ Y@@ K@@ 79@@ 2@@ p@@ Q@@ 9@@ R@@ x@@ K@@ q@@ F@@ Ph@@ 3@@ t@@ ER@@ BM""}]","[{""type"": ""MIDDLENAME"", ""start"": 2, ""end"": 3, ""text"": ""Minh""}, {""type"": ""BITCOINADDRESS"", ""start"": 8, ""end"": 36, ""text"": ""3@@ U@@ 1m@@ N@@ Q@@ Vu@@ 96@@ e@@ F@@ t@@ pt@@ Y@@ K@@ 79@@ 2@@ p@@ Q@@ 9@@ R@@ x@@ K@@ q@@ F@@ Ph@@ 3@@ t@@ ER@@ BM""}]",O O B-FIRSTNAME O O O O O B-BITCOINADDRESS I-BITCOINADDRESS I-BITCOINADDRESS I-BITCOINADDRESS I-BITCOINADDRESS I-BITCOINADDRESS I-BITCOINADDRESS I-BITCOINADDRESS I-BITCOINADDRESS I-BITCOINADDRESS I-BITCOINADDRESS I-BITCOINADDRESS I-BITCOINADDRESS I-BITCOINADDRESS I-BITCOINADDRESS I-BITCOINADDRESS I-BITCOINADDRESS I-BITCOINADDRESS I-BITCOINADDRESS I-BITCOINADDRESS I-BITCOINADDRESS I-BITCOINADDRESS I-BITCOINADDRESS I-BITCOINADDRESS I-BITCOINADDRESS I-BITCOINADDRESS I-BITCOINADDRESS I-BITCOINADDRESS O O O O O O,O O B-MIDDLENAME O O O O O B-BITCOINADDRESS I-BITCOINADDRESS I-BITCOINADDRESS I-BITCOINADDRESS I-BITCOINADDRESS I-BITCOINADDRESS I-BITCOINADDRESS I-BITCOINADDRESS I-BITCOINADDRESS I-BITCOINADDRESS I-BITCOINADDRESS I-BITCOINADDRESS I-BITCOINADDRESS I-BITCOINADDRESS I-BITCOINADDRESS I-BITCOINADDRESS I-BITCOINADDRESS I-BITCOINADDRESS I-BITCOINADDRESS I-BITCOINADDRESS I-BITCOINADDRESS I-BITCOINADDRESS I-BITCOINADDRESS I-BITCOINADDRESS I-BITCOINADDRESS I-BITCOINADDRESS I-BITCOINADDRESS I-BITCOINADDRESS O O O O O O,0.5,"[{""type"": ""FIRSTNAME"", ""start"": 2, ""end"": 3, ""text"": ""Minh""}, {""type"": ""BITCOINADDRESS"", ""start"": 8, ""end"": 36, ""text"": ""3@@ U@@ 1m@@ N@@ Q@@ Vu@@ 96@@ e@@ F@@ t@@ pt@@ Y@@ K@@ 79@@ 2@@ p@@ Q@@ 9@@ R@@ x@@ K@@ q@@ F@@ Ph@@ 3@@ t@@ ER@@ BM""}]","[{""type"": ""MIDDLENAME"", ""start"": 2, ""end"": 3, ""text"": ""Minh""}, {""type"": ""BITCOINADDRESS"", ""start"": 8, ""end"": 36, ""text"": ""3@@ U@@ 1m@@ N@@ Q@@ Vu@@ 96@@ e@@ F@@ t@@ pt@@ Y@@ K@@ 79@@ 2@@ p@@ Q@@ 9@@ R@@ x@@ K@@ q@@ F@@ Ph@@ 3@@ t@@ ER@@ BM""}]",O O B-FIRSTNAME O O O O O B-BITCOINADDRESS I-BITCOINADDRESS I-BITCOINADDRESS I-BITCOINADDRESS I-BITCOINADDRESS I-BITCOINADDRESS I-BITCOINADDRESS I-BITCOINADDRESS I-BITCOINADDRESS I-BITCOINADDRESS I-BITCOINADDRESS I-BITCOINADDRESS I-BITCOINADDRESS I-BITCOINADDRESS I-BITCOINADDRESS I-BITCOINADDRESS I-BITCOINADDRESS I-BITCOINADDRESS I-BITCOINADDRESS I-BITCOINADDRESS I-BITCOINADDRESS I-BITCOINADDRESS I-BITCOINADDRESS I-BITCOINADDRESS I-BITCOINADDRESS I-BITCOINADDRESS I-BITCOINADDRESS I-BITCOINADDRESS O O O O O O,O O B-MIDDLENAME O O O O O B-BITCOINADDRESS I-BITCOINADDRESS I-BITCOINADDRESS I-BITCOINADDRESS I-BITCOINADDRESS I-BITCOINADDRESS I-BITCOINADDRESS I-BITCOINADDRESS I-BITCOINADDRESS I-BITCOINADDRESS I-BITCOINADDRESS I-BITCOINADDRESS I-BITCOINADDRESS I-BITCOINADDRESS I-BITCOINADDRESS I-BITCOINADDRESS I-BITCOINADDRESS I-BITCOINADDRESS I-BITCOINADDRESS I-BITCOINADDRESS I-BITCOINADDRESS I-BITCOINADDRESS I-BITCOINADDRESS I-BITCOINADDRESS I-BITCOINADDRESS I-BITCOINADDRESS I-BITCOINADDRESS I-BITCOINADDRESS O O O O O O,0.5,"[{""type"": ""FIRSTNAME"", ""start"": 2, ""end"": 3, ""text"": ""▁Minh""}, {""type"": ""BITCOINADDRESS"", ""start"": 9, ""end"": 37, ""text"": ""▁3 U 1 m N Q V u 96 e F t pt YK 792 p Q 9 R x K q FP h 3 t ER BM""}]","[{""type"": ""MIDDLENAME"", ""start"": 2, ""end"": 3, ""text"": ""▁Minh""}, {""type"": ""BITCOINADDRESS"", ""start"": 9, ""end"": 37, ""text"": ""▁3 U 1 m N Q V u 96 e F t pt YK 792 p Q 9 R x K q FP h 3 t ER BM""}]",O O B-FIRSTNAME O O O O O O B-BITCOINADDRESS I-BITCOINADDRESS I-BITCOINADDRESS I-BITCOINADDRESS I-BITCOINADDRESS I-BITCOINADDRESS I-BITCOINADDRESS I-BITCOINADDRESS I-BITCOINADDRESS I-BITCOINADDRESS I-BITCOINADDRESS I-BITCOINADDRESS I-BITCOINADDRESS I-BITCOINADDRESS I-BITCOINADDRESS I-BITCOINADDRESS I-BITCOINADDRESS I-BITCOINADDRESS I-BITCOINADDRESS I-BITCOINADDRESS I-BITCOINADDRESS I-BITCOINADDRESS I-BITCOINADDRESS I-BITCOINADDRESS I-BITCOINADDRESS I-BITCOINADDRESS I-BITCOINADDRESS I-BITCOINADDRESS O O O O O O O O,O O B-MIDDLENAME O O O O O O B-BITCOINADDRESS I-BITCOINADDRESS I-BITCOINADDRESS I-BITCOINADDRESS I-BITCOINADDRESS I-BITCOINADDRESS I-BITCOINADDRESS I-BITCOINADDRESS I-BITCOINADDRESS I-BITCOINADDRESS I-BITCOINADDRESS I-BITCOINADDRESS I-BITCOINADDRESS I-BITCOINADDRESS I-BITCOINADDRESS I-BITCOINADDRESS I-BITCOINADDRESS I-BITCOINADDRESS I-BITCOINADDRESS I-BITCOINADDRESS I-BITCOINADDRESS I-BITCOINADDRESS I-BITCOINADDRESS I-BITCOINADDRESS I-BITCOINADDRESS I-BITCOINADDRESS I-BITCOINADDRESS I-BITCOINADDRESS O O O O O O O O
3456,Việc vi phạm các điều khoản pháp lý ngày 04 tháng 04 năm 1993 của bên có mã bưu điện 75525 sẽ được giải quyết với sự hỗ trợ của bạn. Vui lòng thanh toán phí qua Litecoin MdRuwG2q9j4Hg8YE3hspZid7fm5xuf.,True,0.6666666666666666,"[{""type"": ""DOB"", ""start"": 6, ""end"": 11, ""text"": ""04 tháng 04 năm 1993""}, {""type"": ""ZIPCODE"", ""start"": 16, ""end"": 19, ""text"": ""7@@ 55@@ 25""}, {""type"": ""LITECOINADDRESS"", ""start"": 36, ""end"": 61, ""text"": ""M@@ d@@ Ru@@ w@@ G@@ 2@@ q@@ 9@@ j@@ 4@@ H@@ g@@ 8@@ Y@@ E@@ 3@@ h@@ sp@@ Zid@@ 7@@ f@@ m@@ 5@@ xu@@ f""}]","[{""type"": ""DATE"", ""start"": 6, ""end"": 11, ""text"": ""04 tháng 04 năm 1993""}, {""type"": ""ZIPCODE"", ""start"": 16, ""end"": 19, ""text"": ""7@@ 55@@ 25""}, {""type"": ""LITECOINADDRESS"", ""start"": 36, ""end"": 61, ""text"": ""M@@ d@@ Ru@@ w@@ G@@ 2@@ q@@ 9@@ j@@ 4@@ H@@ g@@ 8@@ Y@@ E@@ 3@@ h@@ sp@@ Zid@@ 7@@ f@@ m@@ 5@@ xu@@ f""}]",O O O O O O B-DOB I-DOB I-DOB I-DOB I-DOB O O O O O B-ZIPCODE I-ZIPCODE I-ZIPCODE O O O O O O O O O O O O O O O O O B-LITECOINADDRESS I-LITECOINADDRESS I-LITECOINADDRESS I-LITECOINADDRESS I-LITECOINADDRESS I-LITECOINADDRESS I-LITECOINADDRESS I-LITECOINADDRESS I-LITECOINADDRESS I-LITECOINADDRESS I-LITECOINADDRESS I-LITECOINADDRESS I-LITECOINADDRESS I-LITECOINADDRESS I-LITECOINADDRESS I-LITECOINADDRESS I-LITECOINADDRESS I-LITECOINADDRESS I-LITECOINADDRESS I-LITECOINADDRESS I-LITECOINADDRESS I-LITECOINADDRESS I-LITECOINADDRESS I-LITECOINADDRESS I-LITECOINADDRESS O,O O O O O O B-DATE I-DATE I-DATE I-DATE I-DATE O O O O O B-ZIPCODE I-ZIPCODE I-ZIPCODE O O O O O O O O O O O O O O O O O B-LITECOINADDRESS I-LITECOINADDRESS I-LITECOINADDRESS I-LITECOINADDRESS I-LITECOINADDRESS I-LITECOINADDRESS I-LITECOINADDRESS I-LITECOINADDRESS I-LITECOINADDRESS I-LITECOINADDRESS I-LITECOINADDRESS I-LITECOINADDRESS I-LITECOINADDRESS I-LITECOINADDRESS I-LITECOINADDRESS I-LITECOINADDRESS I-LITECOINADDRESS I-LITECOINADDRESS I-LITECOINADDRESS I-LITECOINADDRESS I-LITECOINADDRESS I-LITECOINADDRESS I-LITECOINADDRESS I-LITECOINADDRESS I-LITECOINADDRESS O,0.6666666666666666,"[{""type"": ""DOB"", ""start"": 6, ""end"": 11, ""text"": ""04 tháng 04 năm 1993""}, {""type"": ""ZIPCODE"", ""start"": 16, ""end"": 19, ""text"": ""7@@ 55@@ 25""}, {""type"": ""LITECOINADDRESS"", ""start"": 36, ""end"": 61, ""text"": ""M@@ d@@ Ru@@ w@@ G@@ 2@@ q@@ 9@@ j@@ 4@@ H@@ g@@ 8@@ Y@@ E@@ 3@@ h@@ sp@@ Zid@@ 7@@ f@@ m@@ 5@@ xu@@ f""}]","[{""type"": ""DATE"", ""start"": 6, ""end"": 11, ""text"": ""04 tháng 04 năm 1993""}, {""type"": ""ZIPCODE"", ""start"": 16, ""end"": 19, ""text"": ""7@@ 55@@ 25""}, {""type"": ""LITECOINADDRESS"", ""start"": 36, ""end"": 61, ""text"": ""M@@ d@@ Ru@@ w@@ G@@ 2@@ q@@ 9@@ j@@ 4@@ H@@ g@@ 8@@ Y@@ E@@ 3@@ h@@ sp@@ Zid@@ 7@@ f@@ m@@ 5@@ xu@@ f""}]",O O O O O O B-DOB I-DOB I-DOB I-DOB I-DOB O O O O O B-ZIPCODE I-ZIPCODE I-ZIPCODE O O O O O O O O O O O O O O O O O B-LITECOINADDRESS I-LITECOINADDRESS I-LITECOINADDRESS I-LITECOINADDRESS I-LITECOINADDRESS I-LITECOINADDRESS I-LITECOINADDRESS I-LITECOINADDRESS I-LITECOINADDRESS I-LITECOINADDRESS I-LITECOINADDRESS I-LITECOINADDRESS I-LITECOINADDRESS I-LITECOINADDRESS I-LITECOINADDRESS I-LITECOINADDRESS I-LITECOINADDRESS I-LITECOINADDRESS I-LITECOINADDRESS I-LITECOINADDRESS I-LITECOINADDRESS I-LITECOINADDRESS I-LITECOINADDRESS I-LITECOINADDRESS I-LITECOINADDRESS O,O O O O O O B-DATE I-DATE I-DATE I-DATE I-DATE O O O O O B-ZIPCODE I-ZIPCODE I-ZIPCODE O O O O O O O O O O O O O O O O O B-LITECOINADDRESS I-LITECOINADDRESS I-LITECOINADDRESS I-LITECOINADDRESS I-LITECOINADDRESS I-LITECOINADDRESS I-LITECOINADDRESS I-LITECOINADDRESS I-LITECOINADDRESS I-LITECOINADDRESS I-LITECOINADDRESS I-LITECOINADDRESS I-LITECOINADDRESS I-LITECOINADDRESS I-LITECOINADDRESS I-LITECOINADDRESS I-LITECOINADDRESS I-LITECOINADDRESS I-LITECOINADDRESS I-LITECOINADDRESS I-LITECOINADDRESS I-LITECOINADDRESS I-LITECOINADDRESS I-LITECOINADDRESS I-LITECOINADDRESS O,0.6666666666666666,"[{""type"": ""DOB"", ""start"": 6, ""end"": 11, ""text"": ""04 tháng 04 năm 1993""}, {""type"": ""ZIPCODE"", ""start"": 16, ""end"": 19, ""text"": ""7@@ 55@@ 25""}, {""type"": ""LITECOINADDRESS"", ""start"": 36, ""end"": 61, ""text"": ""M@@ d@@ Ru@@ w@@ G@@ 2@@ q@@ 9@@ j@@ 4@@ H@@ g@@ 8@@ Y@@ E@@ 3@@ h@@ sp@@ Zid@@ 7@@ f@@ m@@ 5@@ xu@@ f""}]","[{""type"": ""DOB"", ""start"": 5, ""end"": 11, ""text"": ""ngày 04 tháng 04 năm 1993""}, {""type"": ""ZIPCODE"", ""start"": 16, ""end"": 19, ""text"": ""7@@ 55@@ 25""}, {""type"": ""LITECOINADDRESS"", ""start"": 36, ""end"": 61, ""text"": ""M@@ d@@ Ru@@ w@@ G@@ 2@@ q@@ 9@@ j@@ 4@@ H@@ g@@ 8@@ Y@@ E@@ 3@@ h@@ sp@@ Zid@@ 7@@ f@@ m@@ 5@@ xu@@ f""}]",O O O O O O B-DOB I-DOB I-DOB I-DOB I-DOB O O O O O B-ZIPCODE I-ZIPCODE I-ZIPCODE O O O O O O O O O O O O O O O O O B-LITECOINADDRESS I-LITECOINADDRESS I-LITECOINADDRESS I-LITECOINADDRESS I-LITECOINADDRESS I-LITECOINADDRESS I-LITECOINADDRESS I-LITECOINADDRESS I-LITECOINADDRESS I-LITECOINADDRESS I-LITECOINADDRESS I-LITECOINADDRESS I-LITECOINADDRESS I-LITECOINADDRESS I-LITECOINADDRESS I-LITECOINADDRESS I-LITECOINADDRESS I-LITECOINADDRESS I-LITECOINADDRESS I-LITECOINADDRESS I-LITECOINADDRESS I-LITECOINADDRESS I-LITECOINADDRESS I-LITECOINADDRESS I-LITECOINADDRESS O,O O O O O B-DOB I-DOB I-DOB I-DOB I-DOB I-DOB O O O O O B-ZIPCODE I-ZIPCODE I-ZIPCODE O O O O O O O O O O O O O O O O O B-LITECOINADDRESS I-LITECOINADDRESS I-LITECOINADDRESS I-LITECOINADDRESS I-LITECOINADDRESS I-LITECOINADDRESS I-LITECOINADDRESS I-LITECOINADDRESS I-LITECOINADDRESS I-LITECOINADDRESS I-LITECOINADDRESS I-LITECOINADDRESS I-LITECOINADDRESS I-LITECOINADDRESS I-LITECOINADDRESS I-LITECOINADDRESS I-LITECOINADDRESS I-LITECOINADDRESS I-LITECOINADDRESS I-LITECOINADDRESS I-LITECOINADDRESS I-LITECOINADDRESS I-LITECOINADDRESS I-LITECOINADDRESS I-LITECOINADDRESS O,0.75,"[{""type"": ""DOB"", ""start"": 9, ""end"": 14, ""text"": ""▁04 ▁tháng ▁04 ▁năm ▁1993""}, {""type"": ""ZIPCODE"", ""start"": 21, ""end"": 22, ""text"": ""▁""}, {""type"": ""ZIPCODE"", ""start"": 22, ""end"": 24, ""text"": ""755 25""}, {""type"": ""LITECOINADDRESS"", ""start"": 44, ""end"": 68, ""text"": ""▁Md Ru w G 2 q 9 j 4 H g 8 YE 3 h sp Z id 7 f m 5 xu f""}]","[{""type"": ""DOB"", ""start"": 8, ""end"": 14, ""text"": ""▁ngày ▁04 ▁tháng ▁04 ▁năm ▁1993""}, {""type"": ""ZIPCODE"", ""start"": 21, ""end"": 22, ""text"": ""▁""}, {""type"": ""ZIPCODE"", ""start"": 22, ""end"": 24, ""text"": ""755 25""}, {""type"": ""LITECOINADDRESS"", ""start"": 44, ""end"": 68, ""text"": ""▁Md Ru w G 2 q 9 j 4 H g 8 YE 3 h sp Z id 7 f m 5 xu f""}]",O O O O O O O O O B-DOB I-DOB I-DOB I-DOB I-DOB O O O O O O O B-ZIPCODE B-ZIPCODE I-ZIPCODE O O O O O O O O O O O O O O O O O O O O B-LITECOINADDRESS I-LITECOINADDRESS I-LITECOINADDRESS I-LITECOINADDRESS I-LITECOINADDRESS I-LITECOINADDRESS I-LITECOINADDRESS I-LITECOINADDRESS I-LITECOINADDRESS I-LITECOINADDRESS I-LITECOINADDRESS I-LITECOINADDRESS I-LITECOINADDRESS I-LITECOINADDRESS I-LITECOINADDRESS I-LITECOINADDRESS I-LITECOINADDRESS I-LITECOINADDRESS I-LITECOINADDRESS I-LITECOINADDRESS I-LITECOINADDRESS I-LITECOINADDRESS I-LITECOINADDRESS I-LITECOINADDRESS O,O O O O O O O O B-DOB I-DOB I-DOB I-DOB I-DOB I-DOB O O O O O O O B-ZIPCODE B-ZIPCODE I-ZIPCODE O O O O O O O O O O O O O O O O O O O O B-LITECOINADDRESS I-LITECOINADDRESS I-LITECOINADDRESS I-LITECOINADDRESS I-LITECOINADDRESS I-LITECOINADDRESS I-LITECOINADDRESS I-LITECOINADDRESS I-LITECOINADDRESS I-LITECOINADDRESS I-LITECOINADDRESS I-LITECOINADDRESS I-LITECOINADDRESS I-LITECOINADDRESS I-LITECOINADDRESS I-LITECOINADDRESS I-LITECOINADDRESS I-LITECOINADDRESS I-LITECOINADDRESS I-LITECOINADDRESS I-LITECOINADDRESS I-LITECOINADDRESS I-LITECOINADDRESS I-LITECOINADDRESS O
3465,Chú ý! Chi nhánh Xã Mê Linh của chương trình sức khỏe và phúc lợi của chúng tôi cần một Bảo hiểm. 21.06.1971 là hạn chót để nộp đơn.,True,0.6666666666666666,"[{""type"": ""CITY"", ""start"": 3, ""end"": 5, ""text"": ""Xã Mê_Linh""}, {""type"": ""JOBAREA"", ""start"": 14, ""end"": 15, ""text"": ""Bảo_hiểm""}, {""type"": ""DOB"", ""start"": 16, ""end"": 20, ""text"": ""2@@ 1.0@@ 6.@@ 1971""}]","[{""type"": ""CITY"", ""start"": 3, ""end"": 5, ""text"": ""Xã Mê_Linh""}, {""type"": ""JOBAREA"", ""start"": 14, ""end"": 15, ""text"": ""Bảo_hiểm""}, {""type"": ""DATE"", ""start"": 16, ""end"": 20, ""text"": ""2@@ 1.0@@ 6.@@ 1971""}]",O O O B-CITY I-CITY O O O O O O O O O B-JOBAREA O B-DOB I-DOB I-DOB I-DOB O O O O O O O,O O O B-CITY I-CITY O O O O O O O O O B-JOBAREA O B-DATE I-DATE I-DATE I-DATE O O O O O O O,0.6666666666666666,"[{""type"": ""CITY"", ""start"": 3, ""end"": 5, ""text"": ""Xã Mê_Linh""}, {""type"": ""JOBAREA"", ""start"": 14, ""end"": 15, ""text"": ""Bảo_hiểm""}, {""type"": ""DOB"", ""start"": 16, ""end"": 20, ""text"": ""2@@ 1.0@@ 6.@@ 1971""}]","[{""type"": ""CITY"", ""start"": 3, ""end"": 5, ""text"": ""Xã Mê_Linh""}, {""type"": ""JOBAREA"", ""start"": 14, ""end"": 15, ""text"": ""Bảo_hiểm""}, {""type"": ""DATE"", ""start"": 16, ""end"": 20, ""text"": ""2@@ 1.0@@ 6.@@ 1971""}]",O O O B-CITY I-CITY O O O O O O O O O B-JOBAREA O B-DOB I-DOB I-DOB I-DOB O O O O O O O,O O O B-CITY I-CITY O O O O O O O O O B-JOBAREA O B-DATE I-DATE I-DATE I-DATE O O O O O O O,0.6666666666666666,"[{""type"": ""CITY"", ""start"": 3, ""end"": 5, ""text"": ""Xã Mê_Linh""}, {""type"": ""JOBAREA"", ""start"": 14, ""end"": 15, ""text"": ""Bảo_hiểm""}, {""type"": ""DOB"", ""start"": 16, ""end"": 20, ""text"": ""2@@ 1.0@@ 6.@@ 1971""}]","[{""type"": ""CITY"", ""start"": 3, ""end"": 5, ""text"": ""Xã Mê_Linh""}, {""type"": ""JOBAREA"", ""start"": 14, ""end"": 15, ""text"": ""Bảo_hiểm""}, {""type"": ""DATE"", ""start"": 16, ""end"": 20, ""text"": ""2@@ 1.0@@ 6.@@ 1971""}]",O O O B-CITY I-CITY O O O O O O O O O B-JOBAREA O B-DOB I-DOB I-DOB I-DOB O O O O O O O,O O O B-CITY I-CITY O O O O O O O O O B-JOBAREA O B-DATE I-DATE I-DATE I-DATE O O O O O O O,0.6666666666666666,"[{""type"": ""CITY"", ""start"": 5, ""end"": 9, ""text"": ""▁Xã ▁M ê ▁Linh""}, {""type"": ""JOBAREA"", ""start"": 22, ""end"": 24, ""text"": ""▁Bảo ▁hiểm""}, {""type"": ""DOB"", ""start"": 25, ""end"": 28, ""text"": ""▁21. 06. 1971""}]","[{""type"": ""CITY"", ""start"": 5, ""end"": 9, ""text"": ""▁Xã ▁M ê ▁Linh""}, {""type"": ""JOBAREA"", ""start"": 22, ""end"": 24, ""text"": ""▁Bảo ▁hiểm""}, {""type"": ""DATE"", ""start"": 25, ""end"": 28, ""text"": ""▁21. 06. 1971""}]",O O O O O B-CITY I-CITY I-CITY I-CITY O O O O O O O O O O O O O B-JOBAREA I-JOBAREA O B-DOB I-DOB I-DOB O O O O O O O O,O O O O O B-CITY I-CITY I-CITY I-CITY O O O O O O O O O O O O O B-JOBAREA I-JOBAREA O B-DATE I-DATE I-DATE O O O O O O O O
3488,Trang 108 đã nhận được khen thưởng vì đã tuân thủ các quy định về sức khỏe và an toàn. Báo cáo đầy đủ đã được gửi đến giaoluong241@vnpt.vn. Sử dụng 3637785093587638 để thanh toán cho việc xuất bản.,True,0.6666666666666666,"[{""type"": ""BUILDINGNUMBER"", ""start"": 1, ""end"": 2, ""text"": ""108""}, {""type"": ""EMAIL"", ""start"": 22, ""end"": 31, ""text"": ""giao@@ lu@@ ong@@ 24@@ 1@@ @@@ vn@@ pt@@ .vn.""}, {""type"": ""CREDITCARDNUMBER"", ""start"": 32, ""end"": 41, ""text"": ""36@@ 37@@ 78@@ 50@@ 9@@ 35@@ 8@@ 76@@ 38""}]","[{""type"": ""FIRSTNAME"", ""start"": 0, ""end"": 2, ""text"": ""Trang 108""}, {""type"": ""EMAIL"", ""start"": 22, ""end"": 31, ""text"": ""giao@@ lu@@ ong@@ 24@@ 1@@ @@@ vn@@ pt@@ .vn.""}, {""type"": ""CREDITCARDNUMBER"", ""start"": 32, ""end"": 41, ""text"": ""36@@ 37@@ 78@@ 50@@ 9@@ 35@@ 8@@ 76@@ 38""}]",O B-BUILDINGNUMBER O O O O O O O O O O O O O O O O O O O O B-EMAIL I-EMAIL I-EMAIL I-EMAIL I-EMAIL I-EMAIL I-EMAIL I-EMAIL I-EMAIL O B-CREDITCARDNUMBER I-CREDITCARDNUMBER I-CREDITCARDNUMBER I-CREDITCARDNUMBER I-CREDITCARDNUMBER I-CREDITCARDNUMBER I-CREDITCARDNUMBER I-CREDITCARDNUMBER I-CREDITCARDNUMBER O O O O O O,B-FIRSTNAME I-FIRSTNAME O O O O O O O O O O O O O O O O O O O O B-EMAIL I-EMAIL I-EMAIL I-EMAIL I-EMAIL I-EMAIL I-EMAIL I-EMAIL I-EMAIL O B-CREDITCARDNUMBER I-CREDITCARDNUMBER I-CREDITCARDNUMBER I-CREDITCARDNUMBER I-CREDITCARDNUMBER I-CREDITCARDNUMBER I-CREDITCARDNUMBER I-CREDITCARDNUMBER I-CREDITCARDNUMBER O O O O O O,0.6666666666666666,"[{""type"": ""BUILDINGNUMBER"", ""start"": 1, ""end"": 2, ""text"": ""108""}, {""type"": ""EMAIL"", ""start"": 22, ""end"": 31, ""text"": ""giao@@ lu@@ ong@@ 24@@ 1@@ @@@ vn@@ pt@@ .vn.""}, {""type"": ""CREDITCARDNUMBER"", ""start"": 32, ""end"": 41, ""text"": ""36@@ 37@@ 78@@ 50@@ 9@@ 35@@ 8@@ 76@@ 38""}]","[{""type"": ""FIRSTNAME"", ""start"": 0, ""end"": 1, ""text"": ""Trang""}, {""type"": ""EMAIL"", ""start"": 22, ""end"": 31, ""text"": ""giao@@ lu@@ ong@@ 24@@ 1@@ @@@ vn@@ pt@@ .vn.""}, {""type"": ""CREDITCARDNUMBER"", ""start"": 32, ""end"": 41, ""text"": ""36@@ 37@@ 78@@ 50@@ 9@@ 35@@ 8@@ 76@@ 38""}]",O B-BUILDINGNUMBER O O O O O O O O O O O O O O O O O O O O B-EMAIL I-EMAIL I-EMAIL I-EMAIL I-EMAIL I-EMAIL I-EMAIL I-EMAIL I-EMAIL O B-CREDITCARDNUMBER I-CREDITCARDNUMBER I-CREDITCARDNUMBER I-CREDITCARDNUMBER I-CREDITCARDNUMBER I-CREDITCARDNUMBER I-CREDITCARDNUMBER I-CREDITCARDNUMBER I-CREDITCARDNUMBER O O O O O O,B-FIRSTNAME O O O O O O O O O O O O O O O O O O O O O B-EMAIL I-EMAIL I-EMAIL I-EMAIL I-EMAIL I-EMAIL I-EMAIL I-EMAIL I-EMAIL O B-CREDITCARDNUMBER I-CREDITCARDNUMBER I-CREDITCARDNUMBER I-CREDITCARDNUMBER I-CREDITCARDNUMBER I-CREDITCARDNUMBER I-CREDITCARDNUMBER I-CREDITCARDNUMBER I-CREDITCARDNUMBER O O O O O O,0.5714285714285715,"[{""type"": ""BUILDINGNUMBER"", ""start"": 1, ""end"": 2, ""text"": ""108""}, {""type"": ""EMAIL"", ""start"": 22, ""end"": 31, ""text"": ""giao@@ lu@@ ong@@ 24@@ 1@@ @@@ vn@@ pt@@ .vn.""}, {""type"": ""CREDITCARDNUMBER"", ""start"": 32, ""end"": 41, ""text"": ""36@@ 37@@ 78@@ 50@@ 9@@ 35@@ 8@@ 76@@ 38""}]","[{""type"": ""FIRSTNAME"", ""start"": 0, ""end"": 1, ""text"": ""Trang""}, {""type"": ""USERNAME"", ""start"": 1, ""end"": 2, ""text"": ""108""}, {""type"": ""EMAIL"", ""start"": 22, ""end"": 31, ""text"": ""giao@@ lu@@ ong@@ 24@@ 1@@ @@@ vn@@ pt@@ .vn.""}, {""type"": ""CREDITCARDNUMBER"", ""start"": 32, ""end"": 41, ""text"": ""36@@ 37@@ 78@@ 50@@ 9@@ 35@@ 8@@ 76@@ 38""}]",O B-BUILDINGNUMBER O O O O O O O O O O O O O O O O O O O O B-EMAIL I-EMAIL I-EMAIL I-EMAIL I-EMAIL I-EMAIL I-EMAIL I-EMAIL I-EMAIL O B-CREDITCARDNUMBER I-CREDITCARDNUMBER I-CREDITCARDNUMBER I-CREDITCARDNUMBER I-CREDITCARDNUMBER I-CREDITCARDNUMBER I-CREDITCARDNUMBER I-CREDITCARDNUMBER I-CREDITCARDNUMBER O O O O O O,B-FIRSTNAME I-USERNAME O O O O O O O O O O O O O O O O O O O O B-EMAIL I-EMAIL I-EMAIL I-EMAIL I-EMAIL I-EMAIL I-EMAIL I-EMAIL I-EMAIL O B-CREDITCARDNUMBER I-CREDITCARDNUMBER I-CREDITCARDNUMBER I-CREDITCARDNUMBER I-CREDITCARDNUMBER I-CREDITCARDNUMBER I-CREDITCARDNUMBER I-CREDITCARDNUMBER I-CREDITCARDNUMBER O O O O O O,0.5714285714285715,"[{""type"": ""BUILDINGNUMBER"", ""start"": 1, ""end"": 2, ""text"": ""▁108""}, {""type"": ""EMAIL"", ""start"": 30, ""end"": 40, ""text"": ""▁giao lu ong 24 1 @ vn pt . vn""}, {""type"": ""CREDITCARDNUMBER"", ""start"": 43, ""end"": 49, ""text"": ""▁36 377 850 93 587 638""}]","[{""type"": ""FIRSTNAME"", ""start"": 0, ""end"": 1, ""text"": ""▁Trang""}, {""type"": ""AGE"", ""start"": 1, ""end"": 2, ""text"": ""▁108""}, {""type"": ""EMAIL"", ""start"": 30, ""end"": 40, ""text"": ""▁giao lu ong 24 1 @ vn pt . vn""}, {""type"": ""CREDITCARDNUMBER"", ""start"": 43, ""end"": 49, ""text"": ""▁36 377 850 93 587 638""}]",O B-BUILDINGNUMBER O O O O O O O O O O O O O O O O O O O O O O O O O O O O B-EMAIL I-EMAIL I-EMAIL I-EMAIL I-EMAIL I-EMAIL I-EMAIL I-EMAIL I-EMAIL I-EMAIL O O O B-CREDITCARDNUMBER I-CREDITCARDNUMBER I-CREDITCARDNUMBER I-CREDITCARDNUMBER I-CREDITCARDNUMBER I-CREDITCARDNUMBER O O O O O O O O,B-FIRSTNAME B-AGE O O O O O O O O O O O O O O O O O O O O O O O O O O O O B-EMAIL I-EMAIL I-EMAIL I-EMAIL I-EMAIL I-EMAIL I-EMAIL I-EMAIL I-EMAIL I-EMAIL O O O B-CREDITCARDNUMBER I-CREDITCARDNUMBER I-CREDITCARDNUMBER I-CREDITCARDNUMBER I-CREDITCARDNUMBER I-CREDITCARDNUMBER O O O O O O O O
3517,"Thân gửi Nhân viên, chúng tôi xin yêu cầu quyền truy cập vào tài sản nằm tại 407 Đại lộ Nguyễn Văn Linh, Phòng 8402, 89132 để thu giữ tài sản cho vụ phá sản của khách hàng của chúng tôi. Các tài liệu pháp lý thích hợp đã sẵn sàng để nộp.",True,0.888888888888889,"[{""type"": ""BUILDINGNUMBER"", ""start"": 13, ""end"": 14, ""text"": ""407""}, {""type"": ""STREET"", ""start"": 14, ""end"": 16, ""text"": ""Đại_lộ Nguyễn_Văn_Linh""}, {""type"": ""SECONDARYADDRESS"", ""start"": 17, ""end"": 20, ""text"": ""Phòng 8@@ 402""}, {""type"": ""ZIPCODE"", ""start"": 21, ""end"": 23, ""text"": ""89@@ 132""}]","[{""type"": ""JOBTITLE"", ""start"": 2, ""end"": 3, ""text"": ""Nhân_viên""}, {""type"": ""BUILDINGNUMBER"", ""start"": 13, ""end"": 14, ""text"": ""407""}, {""type"": ""STREET"", ""start"": 14, ""end"": 16, ""text"": ""Đại_lộ Nguyễn_Văn_Linh""}, {""type"": ""SECONDARYADDRESS"", ""start"": 17, ""end"": 20, ""text"": ""Phòng 8@@ 402""}, {""type"": ""ZIPCODE"", ""start"": 21, ""end"": 23, ""text"": ""89@@ 132""}]",O O O O O O O O O O O O O B-BUILDINGNUMBER B-STREET I-STREET O B-SECONDARYADDRESS I-SECONDARYADDRESS I-SECONDARYADDRESS O B-ZIPCODE I-ZIPCODE O O O O O O O O O O O O O O O O O O O O,O O B-JOBTITLE O O O O O O O O O O B-BUILDINGNUMBER B-STREET I-STREET O B-SECONDARYADDRESS I-SECONDARYADDRESS I-SECONDARYADDRESS O B-ZIPCODE I-ZIPCODE O O O O O O O O O O O O O O O O O O O O,0.888888888888889,"[{""type"": ""BUILDINGNUMBER"", ""start"": 13, ""end"": 14, ""text"": ""407""}, {""type"": ""STREET"", ""start"": 14, ""end"": 16, ""text"": ""Đại_lộ Nguyễn_Văn_Linh""}, {""type"": ""SECONDARYADDRESS"", ""start"": 17, ""end"": 20, ""text"": ""Phòng 8@@ 402""}, {""type"": ""ZIPCODE"", ""start"": 21, ""end"": 23, ""text"": ""89@@ 132""}]","[{""type"": ""JOBTITLE"", ""start"": 2, ""end"": 3, ""text"": ""Nhân_viên""}, {""type"": ""BUILDINGNUMBER"", ""start"": 13, ""end"": 14, ""text"": ""407""}, {""type"": ""STREET"", ""start"": 14, ""end"": 16, ""text"": ""Đại_lộ Nguyễn_Văn_Linh""}, {""type"": ""SECONDARYADDRESS"", ""start"": 17, ""end"": 20, ""text"": ""Phòng 8@@ 402""}, {""type"": ""ZIPCODE"", ""start"": 21, ""end"": 23, ""text"": ""89@@ 132""}]",O O O O O O O O O O O O O B-BUILDINGNUMBER B-STREET I-STREET O B-SECONDARYADDRESS I-SECONDARYADDRESS I-SECONDARYADDRESS O B-ZIPCODE I-ZIPCODE O O O O O O O O O O O O O O O O O O O O,O O B-JOBTITLE O O O O O O O O O O B-BUILDINGNUMBER B-STREET I-STREET O B-SECONDARYADDRESS I-SECONDARYADDRESS I-SECONDARYADDRESS O B-ZIPCODE I-ZIPCODE O O O O O O O O O O O O O O O O O O O O,0.888888888888889,"[{""type"": ""BUILDINGNUMBER"", ""start"": 13, ""end"": 14, ""text"": ""407""}, {""type"": ""STREET"", ""start"": 14, ""end"": 16, ""text"": ""Đại_lộ Nguyễn_Văn_Linh""}, {""type"": ""SECONDARYADDRESS"", ""start"": 17, ""end"": 20, ""text"": ""Phòng 8@@ 402""}, {""type"": ""ZIPCODE"", ""start"": 21, ""end"": 23, ""text"": ""89@@ 132""}]","[{""type"": ""JOBTITLE"", ""start"": 2, ""end"": 3, ""text"": ""Nhân_viên""}, {""type"": ""BUILDINGNUMBER"", ""start"": 13, ""end"": 14, ""text"": ""407""}, {""type"": ""STREET"", ""start"": 14, ""end"": 16, ""text"": ""Đại_lộ Nguyễn_Văn_Linh""}, {""type"": ""SECONDARYADDRESS"", ""start"": 17, ""end"": 20, ""text"": ""Phòng 8@@ 402""}, {""type"": ""ZIPCODE"", ""start"": 21, ""end"": 23, ""text"": ""89@@ 132""}]",O O O O O O O O O O O O O B-BUILDINGNUMBER B-STREET I-STREET O B-SECONDARYADDRESS I-SECONDARYADDRESS I-SECONDARYADDRESS O B-ZIPCODE I-ZIPCODE O O O O O O O O O O O O O O O O O O O O,O O B-JOBTITLE O O O O O O O O O O B-BUILDINGNUMBER B-STREET I-STREET O B-SECONDARYADDRESS I-SECONDARYADDRESS I-SECONDARYADDRESS O B-ZIPCODE I-ZIPCODE O O O O O O O O O O O O O O O O O O O O,0.888888888888889,"[{""type"": ""BUILDINGNUMBER"", ""start"": 18, ""end"": 20, ""text"": ""▁40 7""}, {""type"": ""STREET"", ""start"": 20, ""end"": 25, ""text"": ""▁Đại ▁lộ ▁Nguyễn ▁Văn ▁Linh""}, {""type"": ""SECONDARYADDRESS"", ""start"": 26, ""end"": 29, ""text"": ""▁Phòng ▁84 02""}, {""type"": ""ZIPCODE"", ""start"": 30, ""end"": 32, ""text"": ""▁89 132""}]","[{""type"": ""JOBTITLE"", ""start"": 2, ""end"": 4, ""text"": ""▁Nhân ▁viên""}, {""type"": ""BUILDINGNUMBER"", ""start"": 18, ""end"": 20, ""text"": ""▁40 7""}, {""type"": ""STREET"", ""start"": 20, ""end"": 25, ""text"": ""▁Đại ▁lộ ▁Nguyễn ▁Văn ▁Linh""}, {""type"": ""SECONDARYADDRESS"", ""start"": 26, ""end"": 29, ""text"": ""▁Phòng ▁84 02""}, {""type"": ""ZIPCODE"", ""start"": 30, ""end"": 32, ""text"": ""▁89 132""}]",O O O O O O O O O O O O O O O O O O B-BUILDINGNUMBER I-BUILDINGNUMBER B-STREET I-STREET I-STREET I-STREET I-STREET O B-SECONDARYADDRESS I-SECONDARYADDRESS I-SECONDARYADDRESS O B-ZIPCODE I-ZIPCODE O O O O O O O O O O O O O O O O O O O O O O O O O O O O O,O O B-JOBTITLE I-JOBTITLE O O O O O O O O O O O O O O B-BUILDINGNUMBER I-BUILDINGNUMBER B-STREET I-STREET I-STREET I-STREET I-STREET O B-SECONDARYADDRESS I-SECONDARYADDRESS I-SECONDARYADDRESS O B-ZIPCODE I-ZIPCODE O O O O O O O O O O O O O O O O O O O O O O O O O O O O O
3525,"Nữ đang sẽ đến để thực hiện quét toán học. Số điện thoại của họ là c3ab:d4e4:4aaa:c095:eee1:eec4:e01f:dbe2, 12.21.30.39 và Quảng Trị. Đặt trong Business Account.",True,0.8000000000000002,"[{""type"": ""FIRSTNAME"", ""start"": 0, ""end"": 1, ""text"": ""Nữ""}, {""type"": ""IPADDRESS"", ""start"": 14, ""end"": 45, ""text"": ""c 3 ab : d 4 e 4:@@ 4 a@@ aa : c 0@@ 95 : e@@ ee 1 : e@@ ec 4 : e 01 f : d@@ be 2""}, {""type"": ""IPADDRESS"", ""start"": 46, ""end"": 50, ""text"": ""12.@@ 21.@@ 30.@@ 39""}, {""type"": ""STATE"", ""start"": 51, ""end"": 52, ""text"": ""Quảng_Trị""}, {""type"": ""ACCOUNTNAME"", ""start"": 55, ""end"": 58, ""text"": ""Business_@@ Ac@@ count""}]","[{""type"": ""SEX"", ""start"": 0, ""end"": 1, ""text"": ""Nữ""}, {""type"": ""IPADDRESS"", ""start"": 14, ""end"": 45, ""text"": ""c 3 ab : d 4 e 4:@@ 4 a@@ aa : c 0@@ 95 : e@@ ee 1 : e@@ ec 4 : e 01 f : d@@ be 2""}, {""type"": ""IPADDRESS"", ""start"": 46, ""end"": 50, ""text"": ""12.@@ 21.@@ 30.@@ 39""}, {""type"": ""STATE"", ""start"": 51, ""end"": 52, ""text"": ""Quảng_Trị""}, {""type"": ""ACCOUNTNAME"", ""start"": 55, ""end"": 58, ""text"": ""Business_@@ Ac@@ count""}]",B-FIRSTNAME O O O O O O O O O O O O O B-IPADDRESS I-IPADDRESS I-IPADDRESS I-IPADDRESS I-IPADDRESS I-IPADDRESS I-IPADDRESS I-IPADDRESS I-IPADDRESS I-IPADDRESS I-IPADDRESS I-IPADDRESS I-IPADDRESS I-IPADDRESS I-IPADDRESS I-IPADDRESS I-IPADDRESS I-IPADDRESS I-IPADDRESS I-IPADDRESS I-IPADDRESS I-IPADDRESS I-IPADDRESS I-IPADDRESS I-IPADDRESS I-IPADDRESS I-IPADDRESS I-IPADDRESS I-IPADDRESS I-IPADDRESS I-IPADDRESS O B-IPADDRESS I-IPADDRESS I-IPADDRESS I-IPADDRESS O B-STATE O O O B-ACCOUNTNAME I-ACCOUNTNAME I-ACCOUNTNAME O,B-SEX O O O O O O O O O O O O O B-IPADDRESS I-IPADDRESS I-IPADDRESS I-IPADDRESS I-IPADDRESS I-IPADDRESS I-IPADDRESS I-IPADDRESS I-IPADDRESS I-IPADDRESS I-IPADDRESS I-IPADDRESS I-IPADDRESS I-IPADDRESS I-IPADDRESS I-IPADDRESS I-IPADDRESS I-IPADDRESS I-IPADDRESS I-IPADDRESS I-IPADDRESS I-IPADDRESS I-IPADDRESS I-IPADDRESS I-IPADDRESS I-IPADDRESS I-IPADDRESS I-IPADDRESS I-IPADDRESS I-IPADDRESS I-IPADDRESS O B-IPADDRESS I-IPADDRESS I-IPADDRESS I-IPADDRESS O B-STATE O O O B-ACCOUNTNAME I-ACCOUNTNAME I-ACCOUNTNAME O,0.8000000000000002,"[{""type"": ""FIRSTNAME"", ""start"": 0, ""end"": 1, ""text"": ""Nữ""}, {""type"": ""IPADDRESS"", ""start"": 14, ""end"": 45, ""text"": ""c 3 ab : d 4 e 4:@@ 4 a@@ aa : c 0@@ 95 : e@@ ee 1 : e@@ ec 4 : e 01 f : d@@ be 2""}, {""type"": ""IPADDRESS"", ""start"": 46, ""end"": 50, ""text"": ""12.@@ 21.@@ 30.@@ 39""}, {""type"": ""STATE"", ""start"": 51, ""end"": 52, ""text"": ""Quảng_Trị""}, {""type"": ""ACCOUNTNAME"", ""start"": 55, ""end"": 58, ""text"": ""Business_@@ Ac@@ count""}]","[{""type"": ""SEX"", ""start"": 0, ""end"": 1, ""text"": ""Nữ""}, {""type"": ""IPADDRESS"", ""start"": 14, ""end"": 45, ""text"": ""c 3 ab : d 4 e 4:@@ 4 a@@ aa : c 0@@ 95 : e@@ ee 1 : e@@ ec 4 : e 01 f : d@@ be 2""}, {""type"": ""IPADDRESS"", ""start"": 46, ""end"": 50, ""text"": ""12.@@ 21.@@ 30.@@ 39""}, {""type"": ""STATE"", ""start"": 51, ""end"": 52, ""text"": ""Quảng_Trị""}, {""type"": ""ACCOUNTNAME"", ""start"": 55, ""end"": 58, ""text"": ""Business_@@ Ac@@ count""}]",B-FIRSTNAME O O O O O O O O O O O O O B-IPADDRESS I-IPADDRESS I-IPADDRESS I-IPADDRESS I-IPADDRESS I-IPADDRESS I-IPADDRESS I-IPADDRESS I-IPADDRESS I-IPADDRESS I-IPADDRESS I-IPADDRESS I-IPADDRESS I-IPADDRESS I-IPADDRESS I-IPADDRESS I-IPADDRESS I-IPADDRESS I-IPADDRESS I-IPADDRESS I-IPADDRESS I-IPADDRESS I-IPADDRESS I-IPADDRESS I-IPADDRESS I-IPADDRESS I-IPADDRESS I-IPADDRESS I-IPADDRESS I-IPADDRESS I-IPADDRESS O B-IPADDRESS I-IPADDRESS I-IPADDRESS I-IPADDRESS O B-STATE O O O B-ACCOUNTNAME I-ACCOUNTNAME I-ACCOUNTNAME O,B-SEX O O O O O O O O O O O O O B-IPADDRESS I-IPADDRESS I-IPADDRESS I-IPADDRESS I-IPADDRESS I-IPADDRESS I-IPADDRESS I-IPADDRESS I-IPADDRESS I-IPADDRESS I-IPADDRESS I-IPADDRESS I-IPADDRESS I-IPADDRESS I-IPADDRESS I-IPADDRESS I-IPADDRESS I-IPADDRESS I-IPADDRESS I-IPADDRESS I-IPADDRESS I-IPADDRESS I-IPADDRESS I-IPADDRESS I-IPADDRESS I-IPADDRESS I-IPADDRESS I-IPADDRESS I-IPADDRESS I-IPADDRESS I-IPADDRESS O B-IPADDRESS I-IPADDRESS I-IPADDRESS I-IPADDRESS O B-STATE O O O B-ACCOUNTNAME I-ACCOUNTNAME I-ACCOUNTNAME O,0.8000000000000002,"[{""type"": ""FIRSTNAME"", ""start"": 0, ""end"": 1, ""text"": ""Nữ""}, {""type"": ""IPADDRESS"", ""start"": 14, ""end"": 45, ""text"": ""c 3 ab : d 4 e 4:@@ 4 a@@ aa : c 0@@ 95 : e@@ ee 1 : e@@ ec 4 : e 01 f : d@@ be 2""}, {""type"": ""IPADDRESS"", ""start"": 46, ""end"": 50, ""text"": ""12.@@ 21.@@ 30.@@ 39""}, {""type"": ""STATE"", ""start"": 51, ""end"": 52, ""text"": ""Quảng_Trị""}, {""type"": ""ACCOUNTNAME"", ""start"": 55, ""end"": 58, ""text"": ""Business_@@ Ac@@ count""}]","[{""type"": ""SEX"", ""start"": 0, ""end"": 1, ""text"": ""Nữ""}, {""type"": ""IPADDRESS"", ""start"": 14, ""end"": 45, ""text"": ""c 3 ab : d 4 e 4:@@ 4 a@@ aa : c 0@@ 95 : e@@ ee 1 : e@@ ec 4 : e 01 f : d@@ be 2""}, {""type"": ""IPADDRESS"", ""start"": 46, ""end"": 50, ""text"": ""12.@@ 21.@@ 30.@@ 39""}, {""type"": ""STATE"", ""start"": 51, ""end"": 52, ""text"": ""Quảng_Trị""}, {""type"": ""ACCOUNTNAME"", ""start"": 55, ""end"": 58, ""text"": ""Business_@@ Ac@@ count""}]",B-FIRSTNAME O O O O O O O O O O O O O B-IPADDRESS I-IPADDRESS I-IPADDRESS I-IPADDRESS I-IPADDRESS I-IPADDRESS I-IPADDRESS I-IPADDRESS I-IPADDRESS I-IPADDRESS I-IPADDRESS I-IPADDRESS I-IPADDRESS I-IPADDRESS I-IPADDRESS I-IPADDRESS I-IPADDRESS I-IPADDRESS I-IPADDRESS I-IPADDRESS I-IPADDRESS I-IPADDRESS I-IPADDRESS I-IPADDRESS I-IPADDRESS I-IPADDRESS I-IPADDRESS I-IPADDRESS I-IPADDRESS I-IPADDRESS I-IPADDRESS O B-IPADDRESS I-IPADDRESS I-IPADDRESS I-IPADDRESS O B-STATE O O O B-ACCOUNTNAME I-ACCOUNTNAME I-ACCOUNTNAME O,B-SEX O O O O O O O O O O O O O B-IPADDRESS I-IPADDRESS I-IPADDRESS I-IPADDRESS I-IPADDRESS I-IPADDRESS I-IPADDRESS I-IPADDRESS I-IPADDRESS I-IPADDRESS I-IPADDRESS I-IPADDRESS I-IPADDRESS I-IPADDRESS I-IPADDRESS I-IPADDRESS I-IPADDRESS I-IPADDRESS I-IPADDRESS I-IPADDRESS I-IPADDRESS I-IPADDRESS I-IPADDRESS I-IPADDRESS I-IPADDRESS I-IPADDRESS I-IPADDRESS I-IPADDRESS I-IPADDRESS I-IPADDRESS I-IPADDRESS O B-IPADDRESS I-IPADDRESS I-IPADDRESS I-IPADDRESS O B-STATE O O O B-ACCOUNTNAME I-ACCOUNTNAME I-ACCOUNTNAME O,0.8000000000000002,"[{""type"": ""FIRSTNAME"", ""start"": 0, ""end"": 1, ""text"": ""▁Nữ""}, {""type"": ""IPADDRESS"", ""start"": 18, ""end"": 48, ""text"": ""▁c 3 ab : d 4 e 4 : 4 aaa : c 09 5 : e ee 1: e ec 4 : e 01 f : d be 2""}, {""type"": ""IPADDRESS"", ""start"": 49, ""end"": 55, ""text"": ""▁12. 21 . 30 . 39""}, {""type"": ""STATE"", ""start"": 56, ""end"": 58, ""text"": ""▁Quảng ▁Trị""}, {""type"": ""ACCOUNTNAME"", ""start"": 61, ""end"": 63, ""text"": ""▁Business ▁Account""}]","[{""type"": ""SEX"", ""start"": 0, ""end"": 1, ""text"": ""▁Nữ""}, {""type"": ""IPADDRESS"", ""start"": 18, ""end"": 48, ""text"": ""▁c 3 ab : d 4 e 4 : 4 aaa : c 09 5 : e ee 1: e ec 4 : e 01 f : d be 2""}, {""type"": ""IPADDRESS"", ""start"": 49, ""end"": 55, ""text"": ""▁12. 21 . 30 . 39""}, {""type"": ""STATE"", ""start"": 56, ""end"": 58, ""text"": ""▁Quảng ▁Trị""}, {""type"": ""ACCOUNTNAME"", ""start"": 61, ""end"": 63, ""text"": ""▁Business ▁Account""}]",B-FIRSTNAME O O O O O O O O O O O O O O O O O B-IPADDRESS I-IPADDRESS I-IPADDRESS I-IPADDRESS I-IPADDRESS I-IPADDRESS I-IPADDRESS I-IPADDRESS I-IPADDRESS I-IPADDRESS I-IPADDRESS I-IPADDRESS I-IPADDRESS I-IPADDRESS I-IPADDRESS I-IPADDRESS I-IPADDRESS I-IPADDRESS I-IPADDRESS I-IPADDRESS I-IPADDRESS I-IPADDRESS I-IPADDRESS I-IPADDRESS I-IPADDRESS I-IPADDRESS I-IPADDRESS I-IPADDRESS I-IPADDRESS I-IPADDRESS O B-IPADDRESS I-IPADDRESS I-IPADDRESS I-IPADDRESS I-IPADDRESS I-IPADDRESS O B-STATE I-STATE O O O B-ACCOUNTNAME I-ACCOUNTNAME O,B-SEX O O O O O O O O O O O O O O O O O B-IPADDRESS I-IPADDRESS I-IPADDRESS I-IPADDRESS I-IPADDRESS I-IPADDRESS I-IPADDRESS I-IPADDRESS I-IPADDRESS I-IPADDRESS I-IPADDRESS I-IPADDRESS I-IPADDRESS I-IPADDRESS I-IPADDRESS I-IPADDRESS I-IPADDRESS I-IPADDRESS I-IPADDRESS I-IPADDRESS I-IPADDRESS I-IPADDRESS I-IPADDRESS I-IPADDRESS I-IPADDRESS I-IPADDRESS I-IPADDRESS I-IPADDRESS I-IPADDRESS I-IPADDRESS O B-IPADDRESS I-IPADDRESS I-IPADDRESS I-IPADDRESS I-IPADDRESS I-IPADDRESS O B-STATE I-STATE O O O B-ACCOUNTNAME I-ACCOUNTNAME O
3534,"Viễn, Như bạn đã biết, sẽ có một buổi học nhóm trực tuyến vào ngày 21-06-76. Vui lòng đảm bảo rằng kết nối internet của bạn ổn định, họ gợi ý sử dụng kết nối Ethernet nếu có thể. Địa chỉ IP của bạn là b63e:8616:6efb:01ca:1b9d:0110:cdf1:ed1d.",True,0.6666666666666666,"[{""type"": ""FIRSTNAME"", ""start"": 0, ""end"": 1, ""text"": ""Viễn""}, {""type"": ""DOB"", ""start"": 16, ""end"": 20, ""text"": ""21-@@ 0@@ 6-@@ 76""}, {""type"": ""IPADDRESS"", ""start"": 44, ""end"": 73, ""text"": ""b 63 e : 86 16:@@ 6 ef@@ b : 01 ca : 1 b 9 d : 0@@ 110 : c@@ d@@ f 1 : ed 1 d""}]","[{""type"": ""FIRSTNAME"", ""start"": 0, ""end"": 1, ""text"": ""Viễn""}, {""type"": ""DATE"", ""start"": 16, ""end"": 20, ""text"": ""21-@@ 0@@ 6-@@ 76""}, {""type"": ""IPADDRESS"", ""start"": 44, ""end"": 73, ""text"": ""b 63 e : 86 16:@@ 6 ef@@ b : 01 ca : 1 b 9 d : 0@@ 110 : c@@ d@@ f 1 : ed 1 d""}]",B-FIRSTNAME O O O O O O O O O O O O O O O B-DOB I-DOB I-DOB I-DOB O O O O O O O O O O O O O O O O O O O O O O O O B-IPADDRESS I-IPADDRESS I-IPADDRESS I-IPADDRESS I-IPADDRESS I-IPADDRESS I-IPADDRESS I-IPADDRESS I-IPADDRESS I-IPADDRESS I-IPADDRESS I-IPADDRESS I-IPADDRESS I-IPADDRESS I-IPADDRESS I-IPADDRESS I-IPADDRESS I-IPADDRESS I-IPADDRESS I-IPADDRESS I-IPADDRESS I-IPADDRESS I-IPADDRESS I-IPADDRESS I-IPADDRESS I-IPADDRESS I-IPADDRESS I-IPADDRESS I-IPADDRESS O,B-FIRSTNAME O O O O O O O O O O O O O O O B-DATE I-DATE I-DATE I-DATE O O O O O O O O O O O O O O O O O O O O O O O O B-IPADDRESS I-IPADDRESS I-IPADDRESS I-IPADDRESS I-IPADDRESS I-IPADDRESS I-IPADDRESS I-IPADDRESS I-IPADDRESS I-IPADDRESS I-IPADDRESS I-IPADDRESS I-IPADDRESS I-IPADDRESS I-IPADDRESS I-IPADDRESS I-IPADDRESS I-IPADDRESS I-IPADDRESS I-IPADDRESS I-IPADDRESS I-IPADDRESS I-IPADDRESS I-IPADDRESS I-IPADDRESS I-IPADDRESS I-IPADDRESS I-IPADDRESS I-IPADDRESS O,0.6666666666666666,"[{""type"": ""FIRSTNAME"", ""start"": 0, ""end"": 1, ""text"": ""Viễn""}, {""type"": ""DOB"", ""start"": 16, ""end"": 20, ""text"": ""21-@@ 0@@ 6-@@ 76""}, {""type"": ""IPADDRESS"", ""start"": 44, ""end"": 73, ""text"": ""b 63 e : 86 16:@@ 6 ef@@ b : 01 ca : 1 b 9 d : 0@@ 110 : c@@ d@@ f 1 : ed 1 d""}]","[{""type"": ""FIRSTNAME"", ""start"": 0, ""end"": 1, ""text"": ""Viễn""}, {""type"": ""DATE"", ""start"": 16, ""end"": 20, ""text"": ""21-@@ 0@@ 6-@@ 76""}, {""type"": ""IPADDRESS"", ""start"": 44, ""end"": 73, ""text"": ""b 63 e : 86 16:@@ 6 ef@@ b : 01 ca : 1 b 9 d : 0@@ 110 : c@@ d@@ f 1 : ed 1 d""}]",B-FIRSTNAME O O O O O O O O O O O O O O O B-DOB I-DOB I-DOB I-DOB O O O O O O O O O O O O O O O O O O O O O O O O B-IPADDRESS I-IPADDRESS I-IPADDRESS I-IPADDRESS I-IPADDRESS I-IPADDRESS I-IPADDRESS I-IPADDRESS I-IPADDRESS I-IPADDRESS I-IPADDRESS I-IPADDRESS I-IPADDRESS I-IPADDRESS I-IPADDRESS I-IPADDRESS I-IPADDRESS I-IPADDRESS I-IPADDRESS I-IPADDRESS I-IPADDRESS I-IPADDRESS I-IPADDRESS I-IPADDRESS I-IPADDRESS I-IPADDRESS I-IPADDRESS I-IPADDRESS I-IPADDRESS O,B-FIRSTNAME O O O O O O O O O O O O O O O B-DATE I-DATE I-DATE I-DATE O O O O O O O O O O O O O O O O O O O O O O O O B-IPADDRESS I-IPADDRESS I-IPADDRESS I-IPADDRESS I-IPADDRESS I-IPADDRESS I-IPADDRESS I-IPADDRESS I-IPADDRESS I-IPADDRESS I-IPADDRESS I-IPADDRESS I-IPADDRESS I-IPADDRESS I-IPADDRESS I-IPADDRESS I-IPADDRESS I-IPADDRESS I-IPADDRESS I-IPADDRESS I-IPADDRESS I-IPADDRESS I-IPADDRESS I-IPADDRESS I-IPADDRESS I-IPADDRESS I-IPADDRESS I-IPADDRESS I-IPADDRESS O,0.6666666666666666,"[{""type"": ""FIRSTNAME"", ""start"": 0, ""end"": 1, ""text"": ""Viễn""}, {""type"": ""DOB"", ""start"": 16, ""end"": 20, ""text"": ""21-@@ 0@@ 6-@@ 76""}, {""type"": ""IPADDRESS"", ""start"": 44, ""end"": 73, ""text"": ""b 63 e : 86 16:@@ 6 ef@@ b : 01 ca : 1 b 9 d : 0@@ 110 : c@@ d@@ f 1 : ed 1 d""}]","[{""type"": ""FIRSTNAME"", ""start"": 0, ""end"": 1, ""text"": ""Viễn""}, {""type"": ""DATE"", ""start"": 16, ""end"": 20, ""text"": ""21-@@ 0@@ 6-@@ 76""}, {""type"": ""IPADDRESS"", ""start"": 44, ""end"": 73, ""text"": ""b 63 e : 86 16:@@ 6 ef@@ b : 01 ca : 1 b 9 d : 0@@ 110 : c@@ d@@ f 1 : ed 1 d""}]",B-FIRSTNAME O O O O O O O O O O O O O O O B-DOB I-DOB I-DOB I-DOB O O O O O O O O O O O O O O O O O O O O O O O O B-IPADDRESS I-IPADDRESS I-IPADDRESS I-IPADDRESS I-IPADDRESS I-IPADDRESS I-IPADDRESS I-IPADDRESS I-IPADDRESS I-IPADDRESS I-IPADDRESS I-IPADDRESS I-IPADDRESS I-IPADDRESS I-IPADDRESS I-IPADDRESS I-IPADDRESS I-IPADDRESS I-IPADDRESS I-IPADDRESS I-IPADDRESS I-IPADDRESS I-IPADDRESS I-IPADDRESS I-IPADDRESS I-IPADDRESS I-IPADDRESS I-IPADDRESS I-IPADDRESS O,B-FIRSTNAME O O O O O O O O O O O O O O O B-DATE I-DATE I-DATE I-DATE O O O O O O O O O O O O O O O O O O O O O O O O B-IPADDRESS I-IPADDRESS I-IPADDRESS I-IPADDRESS I-IPADDRESS I-IPADDRESS I-IPADDRESS I-IPADDRESS I-IPADDRESS I-IPADDRESS I-IPADDRESS I-IPADDRESS I-IPADDRESS I-IPADDRESS I-IPADDRESS I-IPADDRESS I-IPADDRESS I-IPADDRESS I-IPADDRESS I-IPADDRESS I-IPADDRESS I-IPADDRESS I-IPADDRESS I-IPADDRESS I-IPADDRESS I-IPADDRESS I-IPADDRESS I-IPADDRESS I-IPADDRESS O,0.6666666666666666,"[{""type"": ""FIRSTNAME"", ""start"": 0, ""end"": 1, ""text"": ""▁Viễn""}, {""type"": ""DOB"", ""start"": 17, ""end"": 20, ""text"": ""▁21 -06- 76""}, {""type"": ""IPADDRESS"", ""start"": 52, ""end"": 77, ""text"": ""▁b 63 e : 86 16 : 6 ef b :01 ca :1 b 9 d :01 10 : cd f 1: ed 1 d""}]","[{""type"": ""FIRSTNAME"", ""start"": 0, ""end"": 1, ""text"": ""▁Viễn""}, {""type"": ""DATE"", ""start"": 17, ""end"": 20, ""text"": ""▁21 -06- 76""}, {""type"": ""IPADDRESS"", ""start"": 52, ""end"": 77, ""text"": ""▁b 63 e : 86 16 : 6 ef b :01 ca :1 b 9 d :01 10 : cd f 1: ed 1 d""}]",B-FIRSTNAME O O O O O O O O O O O O O O O O B-DOB I-DOB I-DOB O O O O O O O O O O O O O O O O O O O O O O O O O O O O O O O O B-IPADDRESS I-IPADDRESS I-IPADDRESS I-IPADDRESS I-IPADDRESS I-IPADDRESS I-IPADDRESS I-IPADDRESS I-IPADDRESS I-IPADDRESS I-IPADDRESS I-IPADDRESS I-IPADDRESS I-IPADDRESS I-IPADDRESS I-IPADDRESS I-IPADDRESS I-IPADDRESS I-IPADDRESS I-IPADDRESS I-IPADDRESS I-IPADDRESS I-IPADDRESS I-IPADDRESS I-IPADDRESS O,B-FIRSTNAME O O O O O O O O O O O O O O O O B-DATE I-DATE I-DATE O O O O O O O O O O O O O O O O O O O O O O O O O O O O O O O O B-IPADDRESS I-IPADDRESS I-IPADDRESS I-IPADDRESS I-IPADDRESS I-IPADDRESS I-IPADDRESS I-IPADDRESS I-IPADDRESS I-IPADDRESS I-IPADDRESS I-IPADDRESS I-IPADDRESS I-IPADDRESS I-IPADDRESS I-IPADDRESS I-IPADDRESS I-IPADDRESS I-IPADDRESS I-IPADDRESS I-IPADDRESS I-IPADDRESS I-IPADDRESS I-IPADDRESS I-IPADDRESS O
3546,Chúng tôi nhận thấy sự không nhất quán về hàng tồn kho tại kho 978 ở Xã Yên Thành. Yêu cầu Bác sĩ thực hiện hành động.,True,0.6666666666666666,"[{""type"": ""BUILDINGNUMBER"", ""start"": 11, ""end"": 13, ""text"": ""9@@ 78""}, {""type"": ""CITY"", ""start"": 14, ""end"": 16, ""text"": ""Xã Yên_Thành""}, {""type"": ""JOBTYPE"", ""start"": 18, ""end"": 19, ""text"": ""Bác_sĩ""}]","[{""type"": ""BUILDINGNUMBER"", ""start"": 11, ""end"": 13, ""text"": ""9@@ 78""}, {""type"": ""CITY"", ""start"": 14, ""end"": 16, ""text"": ""Xã Yên_Thành""}, {""type"": ""JOBTITLE"", ""start"": 18, ""end"": 19, ""text"": ""Bác_sĩ""}]",O O O O O O O O O O O B-BUILDINGNUMBER I-BUILDINGNUMBER O B-CITY I-CITY O O B-JOBTYPE O O O,O O O O O O O O O O O B-BUILDINGNUMBER I-BUILDINGNUMBER O B-CITY I-CITY O O B-JOBTITLE O O O,0.6666666666666666,"[{""type"": ""BUILDINGNUMBER"", ""start"": 11, ""end"": 13, ""text"": ""9@@ 78""}, {""type"": ""CITY"", ""start"": 14, ""end"": 16, ""text"": ""Xã Yên_Thành""}, {""type"": ""JOBTYPE"", ""start"": 18, ""end"": 19, ""text"": ""Bác_sĩ""}]","[{""type"": ""BUILDINGNUMBER"", ""start"": 11, ""end"": 13, ""text"": ""9@@ 78""}, {""type"": ""CITY"", ""start"": 14, ""end"": 16, ""text"": ""Xã Yên_Thành""}, {""type"": ""JOBTITLE"", ""start"": 18, ""end"": 19, ""text"": ""Bác_sĩ""}]",O O O O O O O O O O O B-BUILDINGNUMBER I-BUILDINGNUMBER O B-CITY I-CITY O O B-JOBTYPE O O O,O O O O O O O O O O O B-BUILDINGNUMBER I-BUILDINGNUMBER O B-CITY I-CITY O O B-JOBTITLE O O O,0.6666666666666666,"[{""type"": ""BUILDINGNUMBER"", ""start"": 11, ""end"": 13, ""text"": ""9@@ 78""}, {""type"": ""CITY"", ""start"": 14, ""end"": 16, ""text"": ""Xã Yên_Thành""}, {""type"": ""JOBTYPE"", ""start"": 18, ""end"": 19, ""text"": ""Bác_sĩ""}]","[{""type"": ""BUILDINGNUMBER"", ""start"": 11, ""end"": 13, ""text"": ""9@@ 78""}, {""type"": ""CITY"", ""start"": 14, ""end"": 16, ""text"": ""Xã Yên_Thành""}, {""type"": ""JOBTITLE"", ""start"": 18, ""end"": 19, ""text"": ""Bác_sĩ""}]",O O O O O O O O O O O B-BUILDINGNUMBER I-BUILDINGNUMBER O B-CITY I-CITY O O B-JOBTYPE O O O,O O O O O O O O O O O B-BUILDINGNUMBER I-BUILDINGNUMBER O B-CITY I-CITY O O B-JOBTITLE O O O,0.6666666666666666,"[{""type"": ""BUILDINGNUMBER"", ""start"": 14, ""end"": 16, ""text"": ""▁9 78""}, {""type"": ""CITY"", ""start"": 17, ""end"": 20, ""text"": ""▁Xã ▁Yên ▁Thành""}, {""type"": ""JOBTYPE"", ""start"": 23, ""end"": 25, ""text"": ""▁Bác ▁sĩ""}]","[{""type"": ""BUILDINGNUMBER"", ""start"": 14, ""end"": 16, ""text"": ""▁9 78""}, {""type"": ""CITY"", ""start"": 17, ""end"": 20, ""text"": ""▁Xã ▁Yên ▁Thành""}, {""type"": ""JOBTITLE"", ""start"": 23, ""end"": 25, ""text"": ""▁Bác ▁sĩ""}]",O O O O O O O O O O O O O O B-BUILDINGNUMBER I-BUILDINGNUMBER O B-CITY I-CITY I-CITY O O O B-JOBTYPE I-JOBTYPE O O O O O,O O O O O O O O O O O O O O B-BUILDINGNUMBER I-BUILDINGNUMBER O B-CITY I-CITY I-CITY O O O B-JOBTITLE I-JOBTITLE O O O O O
3563,"Theo cuộc trò chuyện diễn ra vào 01/12/85, tôi xin chuyển tiếp tài liệu này theo chỉ đạo của Minh. Địa chỉ Bitcoin được đề cập 3EupmLWo2dguCNrhqFgQA4kfAW82meivZw4SEkA đang trong quá trình điều tra pháp lý. Vui lòng thực hiện các hành động ngay lập tức liên quan đến an ninh của nó.",True,0.6666666666666666,"[{""type"": ""DOB"", ""start"": 6, ""end"": 9, ""text"": ""01/@@ 12/@@ 85""}, {""type"": ""MIDDLENAME"", ""start"": 18, ""end"": 19, ""text"": ""Minh""}, {""type"": ""BITCOINADDRESS"", ""start"": 24, ""end"": 54, ""text"": ""3@@ Eu@@ p@@ m@@ L@@ Wo@@ 2@@ d@@ gu@@ CN@@ rh@@ q@@ F@@ g@@ Q@@ A@@ 4@@ k@@ f@@ AW@@ 8@@ 2@@ me@@ iv@@ Z@@ w@@ 4@@ SE@@ k@@ A""}]","[{""type"": ""DATE"", ""start"": 6, ""end"": 9, ""text"": ""01/@@ 12/@@ 85""}, {""type"": ""MIDDLENAME"", ""start"": 18, ""end"": 19, ""text"": ""Minh""}, {""type"": ""BITCOINADDRESS"", ""start"": 24, ""end"": 54, ""text"": ""3@@ Eu@@ p@@ m@@ L@@ Wo@@ 2@@ d@@ gu@@ CN@@ rh@@ q@@ F@@ g@@ Q@@ A@@ 4@@ k@@ f@@ AW@@ 8@@ 2@@ me@@ iv@@ Z@@ w@@ 4@@ SE@@ k@@ A""}]",O O O O O O B-DOB I-DOB I-DOB O O O O O O O O O B-MIDDLENAME O O O O O B-BITCOINADDRESS I-BITCOINADDRESS I-BITCOINADDRESS I-BITCOINADDRESS I-BITCOINADDRESS I-BITCOINADDRESS I-BITCOINADDRESS I-BITCOINADDRESS I-BITCOINADDRESS I-BITCOINADDRESS I-BITCOINADDRESS I-BITCOINADDRESS I-BITCOINADDRESS I-BITCOINADDRESS I-BITCOINADDRESS I-BITCOINADDRESS I-BITCOINADDRESS I-BITCOINADDRESS I-BITCOINADDRESS I-BITCOINADDRESS I-BITCOINADDRESS I-BITCOINADDRESS I-BITCOINADDRESS I-BITCOINADDRESS I-BITCOINADDRESS I-BITCOINADDRESS I-BITCOINADDRESS I-BITCOINADDRESS I-BITCOINADDRESS I-BITCOINADDRESS O O O O O O O O O O O O O O O O O O,O O O O O O B-DATE I-DATE I-DATE O O O O O O O O O B-MIDDLENAME O O O O O B-BITCOINADDRESS I-BITCOINADDRESS I-BITCOINADDRESS I-BITCOINADDRESS I-BITCOINADDRESS I-BITCOINADDRESS I-BITCOINADDRESS I-BITCOINADDRESS I-BITCOINADDRESS I-BITCOINADDRESS I-BITCOINADDRESS I-BITCOINADDRESS I-BITCOINADDRESS I-BITCOINADDRESS I-BITCOINADDRESS I-BITCOINADDRESS I-BITCOINADDRESS I-BITCOINADDRESS I-BITCOINADDRESS I-BITCOINADDRESS I-BITCOINADDRESS I-BITCOINADDRESS I-BITCOINADDRESS I-BITCOINADDRESS I-BITCOINADDRESS I-BITCOINADDRESS I-BITCOINADDRESS I-BITCOINADDRESS I-BITCOINADDRESS I-BITCOINADDRESS O O O O O O O O O O O O O O O O O O,0.3333333333333333,"[{""type"": ""DOB"", ""start"": 6, ""end"": 9, ""text"": ""01/@@ 12/@@ 85""}, {""type"": ""MIDDLENAME"", ""start"": 18, ""end"": 19, ""text"": ""Minh""}, {""type"": ""BITCOINADDRESS"", ""start"": 24, ""end"": 54, ""text"": ""3@@ Eu@@ p@@ m@@ L@@ Wo@@ 2@@ d@@ gu@@ CN@@ rh@@ q@@ F@@ g@@ Q@@ A@@ 4@@ k@@ f@@ AW@@ 8@@ 2@@ me@@ iv@@ Z@@ w@@ 4@@ SE@@ k@@ A""}]","[{""type"": ""DATE"", ""start"": 6, ""end"": 9, ""text"": ""01/@@ 12/@@ 85""}, {""type"": ""FIRSTNAME"", ""start"": 18, ""end"": 19, ""text"": ""Minh""}, {""type"": ""BITCOINADDRESS"", ""start"": 24, ""end"": 54, ""text"": ""3@@ Eu@@ p@@ m@@ L@@ Wo@@ 2@@ d@@ gu@@ CN@@ rh@@ q@@ F@@ g@@ Q@@ A@@ 4@@ k@@ f@@ AW@@ 8@@ 2@@ me@@ iv@@ Z@@ w@@ 4@@ SE@@ k@@ A""}]",O O O O O O B-DOB I-DOB I-DOB O O O O O O O O O B-MIDDLENAME O O O O O B-BITCOINADDRESS I-BITCOINADDRESS I-BITCOINADDRESS I-BITCOINADDRESS I-BITCOINADDRESS I-BITCOINADDRESS I-BITCOINADDRESS I-BITCOINADDRESS I-BITCOINADDRESS I-BITCOINADDRESS I-BITCOINADDRESS I-BITCOINADDRESS I-BITCOINADDRESS I-BITCOINADDRESS I-BITCOINADDRESS I-BITCOINADDRESS I-BITCOINADDRESS I-BITCOINADDRESS I-BITCOINADDRESS I-BITCOINADDRESS I-BITCOINADDRESS I-BITCOINADDRESS I-BITCOINADDRESS I-BITCOINADDRESS I-BITCOINADDRESS I-BITCOINADDRESS I-BITCOINADDRESS I-BITCOINADDRESS I-BITCOINADDRESS I-BITCOINADDRESS O O O O O O O O O O O O O O O O O O,O O O O O O B-DATE I-DATE I-DATE O O O O O O O O O B-FIRSTNAME O O O O O B-BITCOINADDRESS I-BITCOINADDRESS I-BITCOINADDRESS I-BITCOINADDRESS I-BITCOINADDRESS I-BITCOINADDRESS I-BITCOINADDRESS I-BITCOINADDRESS I-BITCOINADDRESS I-BITCOINADDRESS I-BITCOINADDRESS I-BITCOINADDRESS I-BITCOINADDRESS I-BITCOINADDRESS I-BITCOINADDRESS I-BITCOINADDRESS I-BITCOINADDRESS I-BITCOINADDRESS I-BITCOINADDRESS I-BITCOINADDRESS I-BITCOINADDRESS I-BITCOINADDRESS I-BITCOINADDRESS I-BITCOINADDRESS I-BITCOINADDRESS I-BITCOINADDRESS I-BITCOINADDRESS I-BITCOINADDRESS I-BITCOINADDRESS I-BITCOINADDRESS O O O O O O O O O O O O O O O O O O,0.6666666666666666,"[{""type"": ""DOB"", ""start"": 6, ""end"": 9, ""text"": ""01/@@ 12/@@ 85""}, {""type"": ""MIDDLENAME"", ""start"": 18, ""end"": 19, ""text"": ""Minh""}, {""type"": ""BITCOINADDRESS"", ""start"": 24, ""end"": 54, ""text"": ""3@@ Eu@@ p@@ m@@ L@@ Wo@@ 2@@ d@@ gu@@ CN@@ rh@@ q@@ F@@ g@@ Q@@ A@@ 4@@ k@@ f@@ AW@@ 8@@ 2@@ me@@ iv@@ Z@@ w@@ 4@@ SE@@ k@@ A""}]","[{""type"": ""DATE"", ""start"": 6, ""end"": 9, ""text"": ""01/@@ 12/@@ 85""}, {""type"": ""MIDDLENAME"", ""start"": 18, ""end"": 19, ""text"": ""Minh""}, {""type"": ""BITCOINADDRESS"", ""start"": 24, ""end"": 54, ""text"": ""3@@ Eu@@ p@@ m@@ L@@ Wo@@ 2@@ d@@ gu@@ CN@@ rh@@ q@@ F@@ g@@ Q@@ A@@ 4@@ k@@ f@@ AW@@ 8@@ 2@@ me@@ iv@@ Z@@ w@@ 4@@ SE@@ k@@ A""}]",O O O O O O B-DOB I-DOB I-DOB O O O O O O O O O B-MIDDLENAME O O O O O B-BITCOINADDRESS I-BITCOINADDRESS I-BITCOINADDRESS I-BITCOINADDRESS I-BITCOINADDRESS I-BITCOINADDRESS I-BITCOINADDRESS I-BITCOINADDRESS I-BITCOINADDRESS I-BITCOINADDRESS I-BITCOINADDRESS I-BITCOINADDRESS I-BITCOINADDRESS I-BITCOINADDRESS I-BITCOINADDRESS I-BITCOINADDRESS I-BITCOINADDRESS I-BITCOINADDRESS I-BITCOINADDRESS I-BITCOINADDRESS I-BITCOINADDRESS I-BITCOINADDRESS I-BITCOINADDRESS I-BITCOINADDRESS I-BITCOINADDRESS I-BITCOINADDRESS I-BITCOINADDRESS I-BITCOINADDRESS I-BITCOINADDRESS I-BITCOINADDRESS O O O O O O O O O O O O O O O O O O,O O O O O O B-DATE I-DATE I-DATE O O O O O O O O O B-MIDDLENAME O O O O O B-BITCOINADDRESS I-BITCOINADDRESS I-BITCOINADDRESS I-BITCOINADDRESS I-BITCOINADDRESS I-BITCOINADDRESS I-BITCOINADDRESS I-BITCOINADDRESS I-BITCOINADDRESS I-BITCOINADDRESS I-BITCOINADDRESS I-BITCOINADDRESS I-BITCOINADDRESS I-BITCOINADDRESS I-BITCOINADDRESS I-BITCOINADDRESS I-BITCOINADDRESS I-BITCOINADDRESS I-BITCOINADDRESS I-BITCOINADDRESS I-BITCOINADDRESS I-BITCOINADDRESS I-BITCOINADDRESS I-BITCOINADDRESS I-BITCOINADDRESS I-BITCOINADDRESS I-BITCOINADDRESS I-BITCOINADDRESS I-BITCOINADDRESS I-BITCOINADDRESS O O O O O O O O O O O O O O O O O O,0.6666666666666666,"[{""type"": ""DOB"", ""start"": 7, ""end"": 10, ""text"": ""▁01 /12/ 85""}, {""type"": ""MIDDLENAME"", ""start"": 22, ""end"": 23, ""text"": ""▁Minh""}, {""type"": ""BITCOINADDRESS"", ""start"": 30, ""end"": 58, ""text"": ""▁3 Eu pm L Wo 2 d gu CN r h q F g QA 4 k f AW 82 me iv Z w 4 SE k A""}]","[{""type"": ""DATE"", ""start"": 7, ""end"": 10, ""text"": ""▁01 /12/ 85""}, {""type"": ""MIDDLENAME"", ""start"": 22, ""end"": 23, ""text"": ""▁Minh""}, {""type"": ""BITCOINADDRESS"", ""start"": 30, ""end"": 58, ""text"": ""▁3 Eu pm L Wo 2 d gu CN r h q F g QA 4 k f AW 82 me iv Z w 4 SE k A""}]",O O O O O O O B-DOB I-DOB I-DOB O O O O O O O O O O O O B-MIDDLENAME O O O O O O O B-BITCOINADDRESS I-BITCOINADDRESS I-BITCOINADDRESS I-BITCOINADDRESS I-BITCOINADDRESS I-BITCOINADDRESS I-BITCOINADDRESS I-BITCOINADDRESS I-BITCOINADDRESS I-BITCOINADDRESS I-BITCOINADDRESS I-BITCOINADDRESS I-BITCOINADDRESS I-BITCOINADDRESS I-BITCOINADDRESS I-BITCOINADDRESS I-BITCOINADDRESS I-BITCOINADDRESS I-BITCOINADDRESS I-BITCOINADDRESS I-BITCOINADDRESS I-BITCOINADDRESS I-BITCOINADDRESS I-BITCOINADDRESS I-BITCOINADDRESS I-BITCOINADDRESS I-BITCOINADDRESS I-BITCOINADDRESS O O O O O O O O O O O O O O O O O O O O O O O O O O O,O O O O O O O B-DATE I-DATE I-DATE O O O O O O O O O O O O B-MIDDLENAME O O O O O O O B-BITCOINADDRESS I-BITCOINADDRESS I-BITCOINADDRESS I-BITCOINADDRESS I-BITCOINADDRESS I-BITCOINADDRESS I-BITCOINADDRESS I-BITCOINADDRESS I-BITCOINADDRESS I-BITCOINADDRESS I-BITCOINADDRESS I-BITCOINADDRESS I-BITCOINADDRESS I-BITCOINADDRESS I-BITCOINADDRESS I-BITCOINADDRESS I-BITCOINADDRESS I-BITCOINADDRESS I-BITCOINADDRESS I-BITCOINADDRESS I-BITCOINADDRESS I-BITCOINADDRESS I-BITCOINADDRESS I-BITCOINADDRESS I-BITCOINADDRESS I-BITCOINADDRESS I-BITCOINADDRESS I-BITCOINADDRESS O O O O O O O O O O O O O O O O O O O O O O O O O O O
3565,"Chúng ta đã tìm thấy các kết nối tối ưu từ địa chỉ Bitcoin 14MphWtQcRwypWeV322d5anMkKws9kqWtP25 từ địa chỉ IP 11.34.98.1. Điều này có thể phạt sử lệnh luật doanh nghiệp, và Hùng Minh, với chức vụ là Phó phòng của mình, hãy xem xét điều này.",True,0.6666666666666665,"[{""type"": ""BITCOINADDRESS"", ""start"": 10, ""end"": 37, ""text"": ""14@@ M@@ ph@@ W@@ t@@ Q@@ c@@ R@@ w@@ yp@@ We@@ V@@ 3@@ 22@@ d@@ 5@@ an@@ Mk@@ Kw@@ s@@ 9@@ k@@ q@@ W@@ t@@ P@@ 25""}, {""type"": ""IPADDRESS"", ""start"": 40, ""end"": 44, ""text"": ""11.@@ 3@@ 4.9@@ 8.1""}, {""type"": ""FIRSTNAME"", ""start"": 55, ""end"": 56, ""text"": ""Hùng_@@""}, {""type"": ""MIDDLENAME"", ""start"": 56, ""end"": 57, ""text"": ""Minh""}, {""type"": ""JOBTITLE"", ""start"": 61, ""end"": 63, ""text"": ""Phó phòng""}]","[{""type"": ""BITCOINADDRESS"", ""start"": 10, ""end"": 37, ""text"": ""14@@ M@@ ph@@ W@@ t@@ Q@@ c@@ R@@ w@@ yp@@ We@@ V@@ 3@@ 22@@ d@@ 5@@ an@@ Mk@@ Kw@@ s@@ 9@@ k@@ q@@ W@@ t@@ P@@ 25""}, {""type"": ""IPADDRESS"", ""start"": 40, ""end"": 44, ""text"": ""11.@@ 3@@ 4.9@@ 8.1""}, {""type"": ""COMPANYNAME"", ""start"": 55, ""end"": 57, ""text"": ""Hùng_@@ Minh""}, {""type"": ""JOBTITLE"", ""start"": 61, ""end"": 63, ""text"": ""Phó phòng""}]",O O O O O O O O O O B-BITCOINADDRESS I-BITCOINADDRESS I-BITCOINADDRESS I-BITCOINADDRESS I-BITCOINADDRESS I-BITCOINADDRESS I-BITCOINADDRESS I-BITCOINADDRESS I-BITCOINADDRESS I-BITCOINADDRESS I-BITCOINADDRESS I-BITCOINADDRESS I-BITCOINADDRESS I-BITCOINADDRESS I-BITCOINADDRESS I-BITCOINADDRESS I-BITCOINADDRESS I-BITCOINADDRESS I-BITCOINADDRESS I-BITCOINADDRESS I-BITCOINADDRESS I-BITCOINADDRESS I-BITCOINADDRESS I-BITCOINADDRESS I-BITCOINADDRESS I-BITCOINADDRESS I-BITCOINADDRESS O O O B-IPADDRESS I-IPADDRESS I-IPADDRESS I-IPADDRESS O O O O O O O O O O O B-FIRSTNAME B-MIDDLENAME O O O O B-JOBTITLE I-JOBTITLE O O O O O O O O,O O O O O O O O O O B-BITCOINADDRESS I-BITCOINADDRESS I-BITCOINADDRESS I-BITCOINADDRESS I-BITCOINADDRESS I-BITCOINADDRESS I-BITCOINADDRESS I-BITCOINADDRESS I-BITCOINADDRESS I-BITCOINADDRESS I-BITCOINADDRESS I-BITCOINADDRESS I-BITCOINADDRESS I-BITCOINADDRESS I-BITCOINADDRESS I-BITCOINADDRESS I-BITCOINADDRESS I-BITCOINADDRESS I-BITCOINADDRESS I-BITCOINADDRESS I-BITCOINADDRESS I-BITCOINADDRESS I-BITCOINADDRESS I-BITCOINADDRESS I-BITCOINADDRESS I-BITCOINADDRESS I-BITCOINADDRESS O O O B-IPADDRESS I-IPADDRESS I-IPADDRESS I-IPADDRESS O O O O O O O O O O O B-COMPANYNAME I-COMPANYNAME O O O O B-JOBTITLE I-JOBTITLE O O O O O O O O,0.6666666666666665,"[{""type"": ""BITCOINADDRESS"", ""start"": 10, ""end"": 37, ""text"": ""14@@ M@@ ph@@ W@@ t@@ Q@@ c@@ R@@ w@@ yp@@ We@@ V@@ 3@@ 22@@ d@@ 5@@ an@@ Mk@@ Kw@@ s@@ 9@@ k@@ q@@ W@@ t@@ P@@ 25""}, {""type"": ""IPADDRESS"", ""start"": 40, ""end"": 44, ""text"": ""11.@@ 3@@ 4.9@@ 8.1""}, {""type"": ""FIRSTNAME"", ""start"": 55, ""end"": 56, ""text"": ""Hùng_@@""}, {""type"": ""MIDDLENAME"", ""start"": 56, ""end"": 57, ""text"": ""Minh""}, {""type"": ""JOBTITLE"", ""start"": 61, ""end"": 63, ""text"": ""Phó phòng""}]","[{""type"": ""BITCOINADDRESS"", ""start"": 10, ""end"": 37, ""text"": ""14@@ M@@ ph@@ W@@ t@@ Q@@ c@@ R@@ w@@ yp@@ We@@ V@@ 3@@ 22@@ d@@ 5@@ an@@ Mk@@ Kw@@ s@@ 9@@ k@@ q@@ W@@ t@@ P@@ 25""}, {""type"": ""IPADDRESS"", ""start"": 40, ""end"": 44, ""text"": ""11.@@ 3@@ 4.9@@ 8.1""}, {""type"": ""COMPANYNAME"", ""start"": 55, ""end"": 57, ""text"": ""Hùng_@@ Minh""}, {""type"": ""JOBTITLE"", ""start"": 61, ""end"": 63, ""text"": ""Phó phòng""}]",O O O O O O O O O O B-BITCOINADDRESS I-BITCOINADDRESS I-BITCOINADDRESS I-BITCOINADDRESS I-BITCOINADDRESS I-BITCOINADDRESS I-BITCOINADDRESS I-BITCOINADDRESS I-BITCOINADDRESS I-BITCOINADDRESS I-BITCOINADDRESS I-BITCOINADDRESS I-BITCOINADDRESS I-BITCOINADDRESS I-BITCOINADDRESS I-BITCOINADDRESS I-BITCOINADDRESS I-BITCOINADDRESS I-BITCOINADDRESS I-BITCOINADDRESS I-BITCOINADDRESS I-BITCOINADDRESS I-BITCOINADDRESS I-BITCOINADDRESS I-BITCOINADDRESS I-BITCOINADDRESS I-BITCOINADDRESS O O O B-IPADDRESS I-IPADDRESS I-IPADDRESS I-IPADDRESS O O O O O O O O O O O B-FIRSTNAME B-MIDDLENAME O O O O B-JOBTITLE I-JOBTITLE O O O O O O O O,O O O O O O O O O O B-BITCOINADDRESS I-BITCOINADDRESS I-BITCOINADDRESS I-BITCOINADDRESS I-BITCOINADDRESS I-BITCOINADDRESS I-BITCOINADDRESS I-BITCOINADDRESS I-BITCOINADDRESS I-BITCOINADDRESS I-BITCOINADDRESS I-BITCOINADDRESS I-BITCOINADDRESS I-BITCOINADDRESS I-BITCOINADDRESS I-BITCOINADDRESS I-BITCOINADDRESS I-BITCOINADDRESS I-BITCOINADDRESS I-BITCOINADDRESS I-BITCOINADDRESS I-BITCOINADDRESS I-BITCOINADDRESS I-BITCOINADDRESS I-BITCOINADDRESS I-BITCOINADDRESS I-BITCOINADDRESS O O O B-IPADDRESS I-IPADDRESS I-IPADDRESS I-IPADDRESS O O O O O O O O O O O B-COMPANYNAME I-COMPANYNAME O O O O B-JOBTITLE I-JOBTITLE O O O O O O O O,0.6666666666666665,"[{""type"": ""BITCOINADDRESS"", ""start"": 10, ""end"": 37, ""text"": ""14@@ M@@ ph@@ W@@ t@@ Q@@ c@@ R@@ w@@ yp@@ We@@ V@@ 3@@ 22@@ d@@ 5@@ an@@ Mk@@ Kw@@ s@@ 9@@ k@@ q@@ W@@ t@@ P@@ 25""}, {""type"": ""IPADDRESS"", ""start"": 40, ""end"": 44, ""text"": ""11.@@ 3@@ 4.9@@ 8.1""}, {""type"": ""FIRSTNAME"", ""start"": 55, ""end"": 56, ""text"": ""Hùng_@@""}, {""type"": ""MIDDLENAME"", ""start"": 56, ""end"": 57, ""text"": ""Minh""}, {""type"": ""JOBTITLE"", ""start"": 61, ""end"": 63, ""text"": ""Phó phòng""}]","[{""type"": ""BITCOINADDRESS"", ""start"": 10, ""end"": 37, ""text"": ""14@@ M@@ ph@@ W@@ t@@ Q@@ c@@ R@@ w@@ yp@@ We@@ V@@ 3@@ 22@@ d@@ 5@@ an@@ Mk@@ Kw@@ s@@ 9@@ k@@ q@@ W@@ t@@ P@@ 25""}, {""type"": ""IPADDRESS"", ""start"": 40, ""end"": 44, ""text"": ""11.@@ 3@@ 4.9@@ 8.1""}, {""type"": ""COMPANYNAME"", ""start"": 55, ""end"": 57, ""text"": ""Hùng_@@ Minh""}, {""type"": ""JOBTITLE"", ""start"": 61, ""end"": 63, ""text"": ""Phó phòng""}]",O O O O O O O O O O B-BITCOINADDRESS I-BITCOINADDRESS I-BITCOINADDRESS I-BITCOINADDRESS I-BITCOINADDRESS I-BITCOINADDRESS I-BITCOINADDRESS I-BITCOINADDRESS I-BITCOINADDRESS I-BITCOINADDRESS I-BITCOINADDRESS I-BITCOINADDRESS I-BITCOINADDRESS I-BITCOINADDRESS I-BITCOINADDRESS I-BITCOINADDRESS I-BITCOINADDRESS I-BITCOINADDRESS I-BITCOINADDRESS I-BITCOINADDRESS I-BITCOINADDRESS I-BITCOINADDRESS I-BITCOINADDRESS I-BITCOINADDRESS I-BITCOINADDRESS I-BITCOINADDRESS I-BITCOINADDRESS O O O B-IPADDRESS I-IPADDRESS I-IPADDRESS I-IPADDRESS O O O O O O O O O O O B-FIRSTNAME B-MIDDLENAME O O O O B-JOBTITLE I-JOBTITLE O O O O O O O O,O O O O O O O O O O B-BITCOINADDRESS I-BITCOINADDRESS I-BITCOINADDRESS I-BITCOINADDRESS I-BITCOINADDRESS I-BITCOINADDRESS I-BITCOINADDRESS I-BITCOINADDRESS I-BITCOINADDRESS I-BITCOINADDRESS I-BITCOINADDRESS I-BITCOINADDRESS I-BITCOINADDRESS I-BITCOINADDRESS I-BITCOINADDRESS I-BITCOINADDRESS I-BITCOINADDRESS I-BITCOINADDRESS I-BITCOINADDRESS I-BITCOINADDRESS I-BITCOINADDRESS I-BITCOINADDRESS I-BITCOINADDRESS I-BITCOINADDRESS I-BITCOINADDRESS I-BITCOINADDRESS I-BITCOINADDRESS O O O B-IPADDRESS I-IPADDRESS I-IPADDRESS I-IPADDRESS O O O O O O O O O O O B-COMPANYNAME I-COMPANYNAME O O O O B-JOBTITLE I-JOBTITLE O O O O O O O O,0.6666666666666665,"[{""type"": ""BITCOINADDRESS"", ""start"": 14, ""end"": 42, ""text"": ""▁14 M ph W t Q c R wy p We V 3 22 d 5 an M k K ws 9 k q W t P 25""}, {""type"": ""IPADDRESS"", ""start"": 46, ""end"": 51, ""text"": ""▁11. 34 . 98 .1.""}, {""type"": ""FIRSTNAME"", ""start"": 63, ""end"": 64, ""text"": ""▁Hùng""}, {""type"": ""MIDDLENAME"", ""start"": 64, ""end"": 65, ""text"": ""▁Minh""}, {""type"": ""JOBTITLE"", ""start"": 70, ""end"": 72, ""text"": ""▁Phó ▁phòng""}]","[{""type"": ""BITCOINADDRESS"", ""start"": 14, ""end"": 42, ""text"": ""▁14 M ph W t Q c R wy p We V 3 22 d 5 an M k K ws 9 k q W t P 25""}, {""type"": ""IPADDRESS"", ""start"": 46, ""end"": 51, ""text"": ""▁11. 34 . 98 .1.""}, {""type"": ""COMPANYNAME"", ""start"": 63, ""end"": 65, ""text"": ""▁Hùng ▁Minh""}, {""type"": ""JOBTITLE"", ""start"": 70, ""end"": 72, ""text"": ""▁Phó ▁phòng""}]",O O O O O O O O O O O O O O B-BITCOINADDRESS I-BITCOINADDRESS I-BITCOINADDRESS I-BITCOINADDRESS I-BITCOINADDRESS I-BITCOINADDRESS I-BITCOINADDRESS I-BITCOINADDRESS I-BITCOINADDRESS I-BITCOINADDRESS I-BITCOINADDRESS I-BITCOINADDRESS I-BITCOINADDRESS I-BITCOINADDRESS I-BITCOINADDRESS I-BITCOINADDRESS I-BITCOINADDRESS I-BITCOINADDRESS I-BITCOINADDRESS I-BITCOINADDRESS I-BITCOINADDRESS I-BITCOINADDRESS I-BITCOINADDRESS I-BITCOINADDRESS I-BITCOINADDRESS I-BITCOINADDRESS I-BITCOINADDRESS I-BITCOINADDRESS O O O O B-IPADDRESS I-IPADDRESS I-IPADDRESS I-IPADDRESS I-IPADDRESS O O O O O O O O O O O O B-FIRSTNAME B-MIDDLENAME O O O O O B-JOBTITLE I-JOBTITLE O O O O O O O O O,O O O O O O O O O O O O O O B-BITCOINADDRESS I-BITCOINADDRESS I-BITCOINADDRESS I-BITCOINADDRESS I-BITCOINADDRESS I-BITCOINADDRESS I-BITCOINADDRESS I-BITCOINADDRESS I-BITCOINADDRESS I-BITCOINADDRESS I-BITCOINADDRESS I-BITCOINADDRESS I-BITCOINADDRESS I-BITCOINADDRESS I-BITCOINADDRESS I-BITCOINADDRESS I-BITCOINADDRESS I-BITCOINADDRESS I-BITCOINADDRESS I-BITCOINADDRESS I-BITCOINADDRESS I-BITCOINADDRESS I-BITCOINADDRESS I-BITCOINADDRESS I-BITCOINADDRESS I-BITCOINADDRESS I-BITCOINADDRESS I-BITCOINADDRESS O O O O B-IPADDRESS I-IPADDRESS I-IPADDRESS I-IPADDRESS I-IPADDRESS O O O O O O O O O O O O B-COMPANYNAME I-COMPANYNAME O O O O O B-JOBTITLE I-JOBTITLE O O O O O O O O O
3598,"Aged 54, nữ, Phước Phùng đã nộp đơn khiếu nại về quyền công dân đối với nhà tuyển dụng của họ là Lào Cai, Lâm Đồng.",True,0.8333333333333334,"[{""type"": ""AGE"", ""start"": 2, ""end"": 3, ""text"": ""54""}, {""type"": ""GENDER"", ""start"": 4, ""end"": 5, ""text"": ""nữ""}, {""type"": ""FIRSTNAME"", ""start"": 6, ""end"": 7, ""text"": ""Phước_@@""}, {""type"": ""LASTNAME"", ""start"": 7, ""end"": 8, ""text"": ""Phùng""}, {""type"": ""COMPANYNAME"", ""start"": 20, ""end"": 21, ""text"": ""Lào_Cai""}, {""type"": ""STATE"", ""start"": 22, ""end"": 23, ""text"": ""Lâm_Đồng""}]","[{""type"": ""AGE"", ""start"": 2, ""end"": 3, ""text"": ""54""}, {""type"": ""GENDER"", ""start"": 4, ""end"": 5, ""text"": ""nữ""}, {""type"": ""FIRSTNAME"", ""start"": 6, ""end"": 7, ""text"": ""Phước_@@""}, {""type"": ""LASTNAME"", ""start"": 7, ""end"": 8, ""text"": ""Phùng""}, {""type"": ""STATE"", ""start"": 20, ""end"": 21, ""text"": ""Lào_Cai""}, {""type"": ""STATE"", ""start"": 22, ""end"": 23, ""text"": ""Lâm_Đồng""}]",O O B-AGE O B-GENDER O B-FIRSTNAME B-LASTNAME O O O O O O O O O O O O B-COMPANYNAME O B-STATE O,O O B-AGE O B-GENDER O B-FIRSTNAME B-LASTNAME O O O O O O O O O O O O B-STATE O B-STATE O,0.8333333333333334,"[{""type"": ""AGE"", ""start"": 2, ""end"": 3, ""text"": ""54""}, {""type"": ""GENDER"", ""start"": 4, ""end"": 5, ""text"": ""nữ""}, {""type"": ""FIRSTNAME"", ""start"": 6, ""end"": 7, ""text"": ""Phước_@@""}, {""type"": ""LASTNAME"", ""start"": 7, ""end"": 8, ""text"": ""Phùng""}, {""type"": ""COMPANYNAME"", ""start"": 20, ""end"": 21, ""text"": ""Lào_Cai""}, {""type"": ""STATE"", ""start"": 22, ""end"": 23, ""text"": ""Lâm_Đồng""}]","[{""type"": ""AGE"", ""start"": 2, ""end"": 3, ""text"": ""54""}, {""type"": ""GENDER"", ""start"": 4, ""end"": 5, ""text"": ""nữ""}, {""type"": ""FIRSTNAME"", ""start"": 6, ""end"": 7, ""text"": ""Phước_@@""}, {""type"": ""LASTNAME"", ""start"": 7, ""end"": 8, ""text"": ""Phùng""}, {""type"": ""STATE"", ""start"": 20, ""end"": 21, ""text"": ""Lào_Cai""}, {""type"": ""STATE"", ""start"": 22, ""end"": 23, ""text"": ""Lâm_Đồng""}]",O O B-AGE O B-GENDER O B-FIRSTNAME B-LASTNAME O O O O O O O O O O O O B-COMPANYNAME O B-STATE O,O O B-AGE O B-GENDER O B-FIRSTNAME B-LASTNAME O O O O O O O O O O O O B-STATE O B-STATE O,0.6666666666666666,"[{""type"": ""AGE"", ""start"": 2, ""end"": 3, ""text"": ""54""}, {""type"": ""GENDER"", ""start"": 4, ""end"": 5, ""text"": ""nữ""}, {""type"": ""FIRSTNAME"", ""start"": 6, ""end"": 7, ""text"": ""Phước_@@""}, {""type"": ""LASTNAME"", ""start"": 7, ""end"": 8, ""text"": ""Phùng""}, {""type"": ""COMPANYNAME"", ""start"": 20, ""end"": 21, ""text"": ""Lào_Cai""}, {""type"": ""STATE"", ""start"": 22, ""end"": 23, ""text"": ""Lâm_Đồng""}]","[{""type"": ""USERNAME"", ""start"": 0, ""end"": 3, ""text"": ""Ag@@ ed 54""}, {""type"": ""GENDER"", ""start"": 4, ""end"": 5, ""text"": ""nữ""}, {""type"": ""FIRSTNAME"", ""start"": 6, ""end"": 7, ""text"": ""Phước_@@""}, {""type"": ""LASTNAME"", ""start"": 7, ""end"": 8, ""text"": ""Phùng""}, {""type"": ""STATE"", ""start"": 20, ""end"": 21, ""text"": ""Lào_Cai""}, {""type"": ""STATE"", ""start"": 22, ""end"": 23, ""text"": ""Lâm_Đồng""}]",O O B-AGE O B-GENDER O B-FIRSTNAME B-LASTNAME O O O O O O O O O O O O B-COMPANYNAME O B-STATE O,B-USERNAME I-USERNAME I-USERNAME O B-GENDER O B-FIRSTNAME B-LASTNAME O O O O O O O O O O O O B-STATE O B-STATE O,0.8333333333333334,"[{""type"": ""AGE"", ""start"": 2, ""end"": 3, ""text"": ""▁54""}, {""type"": ""GENDER"", ""start"": 4, ""end"": 5, ""text"": ""▁nữ""}, {""type"": ""FIRSTNAME"", ""start"": 6, ""end"": 7, ""text"": ""▁Phước""}, {""type"": ""LASTNAME"", ""start"": 7, ""end"": 9, ""text"": ""▁Ph ùng""}, {""type"": ""COMPANYNAME"", ""start"": 27, ""end"": 30, ""text"": ""▁Là o ▁Cai""}, {""type"": ""STATE"", ""start"": 31, ""end"": 33, ""text"": ""▁Lâm ▁Đồng""}]","[{""type"": ""AGE"", ""start"": 2, ""end"": 3, ""text"": ""▁54""}, {""type"": ""GENDER"", ""start"": 4, ""end"": 5, ""text"": ""▁nữ""}, {""type"": ""FIRSTNAME"", ""start"": 6, ""end"": 7, ""text"": ""▁Phước""}, {""type"": ""LASTNAME"", ""start"": 7, ""end"": 9, ""text"": ""▁Ph ùng""}, {""type"": ""STATE"", ""start"": 27, ""end"": 30, ""text"": ""▁Là o ▁Cai""}, {""type"": ""STATE"", ""start"": 31, ""end"": 33, ""text"": ""▁Lâm ▁Đồng""}]",O O B-AGE O B-GENDER O B-FIRSTNAME B-LASTNAME I-LASTNAME O O O O O O O O O O O O O O O O O O B-COMPANYNAME I-COMPANYNAME I-COMPANYNAME O B-STATE I-STATE O,O O B-AGE O B-GENDER O B-FIRSTNAME B-LASTNAME I-LASTNAME O O O O O O O O O O O O O O O O O O B-STATE I-STATE I-STATE O B-STATE I-STATE O
3756,"Nhắc nhở cho Luyến, các buổi học kèm bạn bè hàng tuần của bạn bắt đầu từ 07.07.2006. Bạn sẽ hướng dẫn Hậu. Cả hai bạn có thể xem lại chính sách bảo mật IP tại địa chỉ IP deea:bbd3:adde:c66d:ff45:dbd1:f744:1dfd để đảm bảo việc trao đổi kiến thức an toàn và suôn sẻ.",True,0.75,"[{""type"": ""FIRSTNAME"", ""start"": 4, ""end"": 5, ""text"": ""Luyến""}, {""type"": ""DOB"", ""start"": 17, ""end"": 21, ""text"": ""07@@ .0@@ 7.@@ 2006""}, {""type"": ""FIRSTNAME"", ""start"": 25, ""end"": 26, ""text"": ""Hậu""}, {""type"": ""IPADDRESS"", ""start"": 38, ""end"": 67, ""text"": ""de@@ ea : bb@@ d 3 : ad@@ de : c 66 d : ff 45 : d@@ b@@ d 1 : f 74 4@@ :1 d@@ f@@ d""}]","[{""type"": ""FIRSTNAME"", ""start"": 4, ""end"": 5, ""text"": ""Luyến""}, {""type"": ""DATE"", ""start"": 17, ""end"": 21, ""text"": ""07@@ .0@@ 7.@@ 2006""}, {""type"": ""FIRSTNAME"", ""start"": 25, ""end"": 26, ""text"": ""Hậu""}, {""type"": ""IPADDRESS"", ""start"": 38, ""end"": 67, ""text"": ""de@@ ea : bb@@ d 3 : ad@@ de : c 66 d : ff 45 : d@@ b@@ d 1 : f 74 4@@ :1 d@@ f@@ d""}]",O O O O B-FIRSTNAME O O O O O O O O O O O O B-DOB I-DOB I-DOB I-DOB O O O O B-FIRSTNAME O O O O O O O O O O O O B-IPADDRESS I-IPADDRESS I-IPADDRESS I-IPADDRESS I-IPADDRESS I-IPADDRESS I-IPADDRESS I-IPADDRESS I-IPADDRESS I-IPADDRESS I-IPADDRESS I-IPADDRESS I-IPADDRESS I-IPADDRESS I-IPADDRESS I-IPADDRESS I-IPADDRESS I-IPADDRESS I-IPADDRESS I-IPADDRESS I-IPADDRESS I-IPADDRESS I-IPADDRESS I-IPADDRESS I-IPADDRESS I-IPADDRESS I-IPADDRESS I-IPADDRESS I-IPADDRESS O O O O O O O O O,O O O O B-FIRSTNAME O O O O O O O O O O O O B-DATE I-DATE I-DATE I-DATE O O O O B-FIRSTNAME O O O O O O O O O O O O B-IPADDRESS I-IPADDRESS I-IPADDRESS I-IPADDRESS I-IPADDRESS I-IPADDRESS I-IPADDRESS I-IPADDRESS I-IPADDRESS I-IPADDRESS I-IPADDRESS I-IPADDRESS I-IPADDRESS I-IPADDRESS I-IPADDRESS I-IPADDRESS I-IPADDRESS I-IPADDRESS I-IPADDRESS I-IPADDRESS I-IPADDRESS I-IPADDRESS I-IPADDRESS I-IPADDRESS I-IPADDRESS I-IPADDRESS I-IPADDRESS I-IPADDRESS I-IPADDRESS O O O O O O O O O,0.75,"[{""type"": ""FIRSTNAME"", ""start"": 4, ""end"": 5, ""text"": ""Luyến""}, {""type"": ""DOB"", ""start"": 17, ""end"": 21, ""text"": ""07@@ .0@@ 7.@@ 2006""}, {""type"": ""FIRSTNAME"", ""start"": 25, ""end"": 26, ""text"": ""Hậu""}, {""type"": ""IPADDRESS"", ""start"": 38, ""end"": 67, ""text"": ""de@@ ea : bb@@ d 3 : ad@@ de : c 66 d : ff 45 : d@@ b@@ d 1 : f 74 4@@ :1 d@@ f@@ d""}]","[{""type"": ""FIRSTNAME"", ""start"": 4, ""end"": 5, ""text"": ""Luyến""}, {""type"": ""DATE"", ""start"": 17, ""end"": 21, ""text"": ""07@@ .0@@ 7.@@ 2006""}, {""type"": ""FIRSTNAME"", ""start"": 25, ""end"": 26, ""text"": ""Hậu""}, {""type"": ""IPADDRESS"", ""start"": 38, ""end"": 67, ""text"": ""de@@ ea : bb@@ d 3 : ad@@ de : c 66 d : ff 45 : d@@ b@@ d 1 : f 74 4@@ :1 d@@ f@@ d""}]",O O O O B-FIRSTNAME O O O O O O O O O O O O B-DOB I-DOB I-DOB I-DOB O O O O B-FIRSTNAME O O O O O O O O O O O O B-IPADDRESS I-IPADDRESS I-IPADDRESS I-IPADDRESS I-IPADDRESS I-IPADDRESS I-IPADDRESS I-IPADDRESS I-IPADDRESS I-IPADDRESS I-IPADDRESS I-IPADDRESS I-IPADDRESS I-IPADDRESS I-IPADDRESS I-IPADDRESS I-IPADDRESS I-IPADDRESS I-IPADDRESS I-IPADDRESS I-IPADDRESS I-IPADDRESS I-IPADDRESS I-IPADDRESS I-IPADDRESS I-IPADDRESS I-IPADDRESS I-IPADDRESS I-IPADDRESS O O O O O O O O O,O O O O B-FIRSTNAME O O O O O O O O O O O O B-DATE I-DATE I-DATE I-DATE O O O O B-FIRSTNAME O O O O O O O O O O O O B-IPADDRESS I-IPADDRESS I-IPADDRESS I-IPADDRESS I-IPADDRESS I-IPADDRESS I-IPADDRESS I-IPADDRESS I-IPADDRESS I-IPADDRESS I-IPADDRESS I-IPADDRESS I-IPADDRESS I-IPADDRESS I-IPADDRESS I-IPADDRESS I-IPADDRESS I-IPADDRESS I-IPADDRESS I-IPADDRESS I-IPADDRESS I-IPADDRESS I-IPADDRESS I-IPADDRESS I-IPADDRESS I-IPADDRESS I-IPADDRESS I-IPADDRESS I-IPADDRESS O O O O O O O O O,0.75,"[{""type"": ""FIRSTNAME"", ""start"": 4, ""end"": 5, ""text"": ""Luyến""}, {""type"": ""DOB"", ""start"": 17, ""end"": 21, ""text"": ""07@@ .0@@ 7.@@ 2006""}, {""type"": ""FIRSTNAME"", ""start"": 25, ""end"": 26, ""text"": ""Hậu""}, {""type"": ""IPADDRESS"", ""start"": 38, ""end"": 67, ""text"": ""de@@ ea : bb@@ d 3 : ad@@ de : c 66 d : ff 45 : d@@ b@@ d 1 : f 74 4@@ :1 d@@ f@@ d""}]","[{""type"": ""FIRSTNAME"", ""start"": 4, ""end"": 5, ""text"": ""Luyến""}, {""type"": ""DATE"", ""start"": 17, ""end"": 21, ""text"": ""07@@ .0@@ 7.@@ 2006""}, {""type"": ""FIRSTNAME"", ""start"": 25, ""end"": 26, ""text"": ""Hậu""}, {""type"": ""IPADDRESS"", ""start"": 38, ""end"": 67, ""text"": ""de@@ ea : bb@@ d 3 : ad@@ de : c 66 d : ff 45 : d@@ b@@ d 1 : f 74 4@@ :1 d@@ f@@ d""}]",O O O O B-FIRSTNAME O O O O O O O O O O O O B-DOB I-DOB I-DOB I-DOB O O O O B-FIRSTNAME O O O O O O O O O O O O B-IPADDRESS I-IPADDRESS I-IPADDRESS I-IPADDRESS I-IPADDRESS I-IPADDRESS I-IPADDRESS I-IPADDRESS I-IPADDRESS I-IPADDRESS I-IPADDRESS I-IPADDRESS I-IPADDRESS I-IPADDRESS I-IPADDRESS I-IPADDRESS I-IPADDRESS I-IPADDRESS I-IPADDRESS I-IPADDRESS I-IPADDRESS I-IPADDRESS I-IPADDRESS I-IPADDRESS I-IPADDRESS I-IPADDRESS I-IPADDRESS I-IPADDRESS I-IPADDRESS O O O O O O O O O,O O O O B-FIRSTNAME O O O O O O O O O O O O B-DATE I-DATE I-DATE I-DATE O O O O B-FIRSTNAME O O O O O O O O O O O O B-IPADDRESS I-IPADDRESS I-IPADDRESS I-IPADDRESS I-IPADDRESS I-IPADDRESS I-IPADDRESS I-IPADDRESS I-IPADDRESS I-IPADDRESS I-IPADDRESS I-IPADDRESS I-IPADDRESS I-IPADDRESS I-IPADDRESS I-IPADDRESS I-IPADDRESS I-IPADDRESS I-IPADDRESS I-IPADDRESS I-IPADDRESS I-IPADDRESS I-IPADDRESS I-IPADDRESS I-IPADDRESS I-IPADDRESS I-IPADDRESS I-IPADDRESS I-IPADDRESS O O O O O O O O O,0.75,"[{""type"": ""FIRSTNAME"", ""start"": 5, ""end"": 8, ""text"": ""▁Lu y ến""}, {""type"": ""DOB"", ""start"": 22, ""end"": 25, ""text"": ""▁07. 07. 2006""}, {""type"": ""FIRSTNAME"", ""start"": 30, ""end"": 31, ""text"": ""▁Hậu""}, {""type"": ""IPADDRESS"", ""start"": 48, ""end"": 75, ""text"": ""▁de e a : bb d 3 : ad de : c 66 d : ff 45 : d bd 1: f 744 :1 d f d""}]","[{""type"": ""FIRSTNAME"", ""start"": 5, ""end"": 8, ""text"": ""▁Lu y ến""}, {""type"": ""DATE"", ""start"": 22, ""end"": 25, ""text"": ""▁07. 07. 2006""}, {""type"": ""FIRSTNAME"", ""start"": 30, ""end"": 31, ""text"": ""▁Hậu""}, {""type"": ""IPADDRESS"", ""start"": 48, ""end"": 75, ""text"": ""▁de e a : bb d 3 : ad de : c 66 d : ff 45 : d bd 1: f 744 :1 d f d""}]",O O O O O B-FIRSTNAME I-FIRSTNAME I-FIRSTNAME O O O O O O O O O O O O O O B-DOB I-DOB I-DOB O O O O O B-FIRSTNAME O O O O O O O O O O O O O O O O O B-IPADDRESS I-IPADDRESS I-IPADDRESS I-IPADDRESS I-IPADDRESS I-IPADDRESS I-IPADDRESS I-IPADDRESS I-IPADDRESS I-IPADDRESS I-IPADDRESS I-IPADDRESS I-IPADDRESS I-IPADDRESS I-IPADDRESS I-IPADDRESS I-IPADDRESS I-IPADDRESS I-IPADDRESS I-IPADDRESS I-IPADDRESS I-IPADDRESS I-IPADDRESS I-IPADDRESS I-IPADDRESS I-IPADDRESS I-IPADDRESS O O O O O O O O O O O O O O O,O O O O O B-FIRSTNAME I-FIRSTNAME I-FIRSTNAME O O O O O O O O O O O O O O B-DATE I-DATE I-DATE O O O O O B-FIRSTNAME O O O O O O O O O O O O O O O O O B-IPADDRESS I-IPADDRESS I-IPADDRESS I-IPADDRESS I-IPADDRESS I-IPADDRESS I-IPADDRESS I-IPADDRESS I-IPADDRESS I-IPADDRESS I-IPADDRESS I-IPADDRESS I-IPADDRESS I-IPADDRESS I-IPADDRESS I-IPADDRESS I-IPADDRESS I-IPADDRESS I-IPADDRESS I-IPADDRESS I-IPADDRESS I-IPADDRESS I-IPADDRESS I-IPADDRESS I-IPADDRESS I-IPADDRESS I-IPADDRESS O O O O O O O O O O O O O O O
3761,"Nullam ac sem eu purus malesuada porta. Aliquam sed ex non arcu venenatis varius quis in enim. Phó giám đốc tại Hòa Bình. Vivamus a porttitor leo. Trong không gian này, chúng ta sẽ thảo luận. Donec interdum orci ac augue vestibulum, id sollicitudin augue dictum. Cras convallis tortor viverra.",True,0.5,"[{""type"": ""JOBTYPE"", ""start"": 36, ""end"": 38, ""text"": ""Phó giám_đốc""}, {""type"": ""COMPANYNAME"", ""start"": 39, ""end"": 40, ""text"": ""Hoà_Bình""}]","[{""type"": ""JOBTITLE"", ""start"": 36, ""end"": 38, ""text"": ""Phó giám_đốc""}, {""type"": ""COMPANYNAME"", ""start"": 39, ""end"": 40, ""text"": ""Hoà_Bình""}]",O O O O O O O O O O O O O O O O O O O O O O O O O O O O O O O O O O O O B-JOBTYPE I-JOBTYPE O B-COMPANYNAME O O O O O O O O O O O O O O O O O O O O O O O O O O O O O O O O O O O O O O O O O O O O O O O O O O O O O O,O O O O O O O O O O O O O O O O O O O O O O O O O O O O O O O O O O O O B-JOBTITLE I-JOBTITLE O B-COMPANYNAME O O O O O O O O O O O O O O O O O O O O O O O O O O O O O O O O O O O O O O O O O O O O O O O O O O O O O O,0.5,"[{""type"": ""JOBTYPE"", ""start"": 36, ""end"": 38, ""text"": ""Phó giám_đốc""}, {""type"": ""COMPANYNAME"", ""start"": 39, ""end"": 40, ""text"": ""Hoà_Bình""}]","[{""type"": ""JOBTITLE"", ""start"": 36, ""end"": 38, ""text"": ""Phó giám_đốc""}, {""type"": ""COMPANYNAME"", ""start"": 39, ""end"": 40, ""text"": ""Hoà_Bình""}]",O O O O O O O O O O O O O O O O O O O O O O O O O O O O O O O O O O O O B-JOBTYPE I-JOBTYPE O B-COMPANYNAME O O O O O O O O O O O O O O O O O O O O O O O O O O O O O O O O O O O O O O O O O O O O O O O O O O O O O O,O O O O O O O O O O O O O O O O O O O O O O O O O O O O O O O O O O O O B-JOBTITLE I-JOBTITLE O B-COMPANYNAME O O O O O O O O O O O O O O O O O O O O O O O O O O O O O O O O O O O O O O O O O O O O O O O O O O O O O O,0.5,"[{""type"": ""JOBTYPE"", ""start"": 36, ""end"": 38, ""text"": ""Phó giám_đốc""}, {""type"": ""COMPANYNAME"", ""start"": 39, ""end"": 40, ""text"": ""Hoà_Bình""}]","[{""type"": ""JOBTITLE"", ""start"": 36, ""end"": 38, ""text"": ""Phó giám_đốc""}, {""type"": ""COMPANYNAME"", ""start"": 39, ""end"": 40, ""text"": ""Hoà_Bình""}]",O O O O O O O O O O O O O O O O O O O O O O O O O O O O O O O O O O O O B-JOBTYPE I-JOBTYPE O B-COMPANYNAME O O O O O O O O O O O O O O O O O O O O O O O O O O O O O O O O O O O O O O O O O O O O O O O O O O O O O O,O O O O O O O O O O O O O O O O O O O O O O O O O O O O O O O O O O O O B-JOBTITLE I-JOBTITLE O B-COMPANYNAME O O O O O O O O O O O O O O O O O O O O O O O O O O O O O O O O O O O O O O O O O O O O O O O O O O O O O O,0.5,"[{""type"": ""JOBTYPE"", ""start"": 19, ""end"": 22, ""text"": ""▁Phó ▁giám ▁đốc""}, {""type"": ""COMPANYNAME"", ""start"": 23, ""end"": 25, ""text"": ""▁Hòa ▁Bình""}]","[{""type"": ""JOBTITLE"", ""start"": 19, ""end"": 22, ""text"": ""▁Phó ▁giám ▁đốc""}, {""type"": ""COMPANYNAME"", ""start"": 23, ""end"": 25, ""text"": ""▁Hòa ▁Bình""}]",O O O O O O O O O O O O O O O O O O O B-JOBTYPE I-JOBTYPE I-JOBTYPE O B-COMPANYNAME I-COMPANYNAME O O O O O O O O O O O O O O O O O O O O O O O O O O O O O O O O O O,O O O O O O O O O O O O O O O O O O O B-JOBTITLE I-JOBTITLE I-JOBTITLE O B-COMPANYNAME I-COMPANYNAME O O O O O O O O O O O O O O O O O O O O O O O O O O O O O O O O O O
3770,Luật thuế gần đây yêu cầu theo dõi số Tài khoản hưu trí 12500022244466 (BIDV). Các giao dịch với thẻ 2511019124006688 do hsbc visa phát hành với CVV 798 cần được xác nhận. Vui lòng liên hệ với tôi qua số 0339640651.,True,0.8333333333333334,"[{""type"": ""ACCOUNTNAME"", ""start"": 7, ""end"": 9, ""text"": ""Tài_khoản hưu_trí""}, {""type"": ""ACCOUNTNUMBER"", ""start"": 9, ""end"": 18, ""text"": ""12@@ 5000@@ 22@@ 24@@ 44@@ 66 ( BIDV )""}, {""type"": ""MASKEDNUMBER"", ""start"": 23, ""end"": 30, ""text"": ""25@@ 110@@ 19@@ 12@@ 400@@ 66@@ 88""}, {""type"": ""CREDITCARDISSUER"", ""start"": 31, ""end"": 36, ""text"": ""h@@ s@@ b@@ c visa""}, {""type"": ""CREDITCARDCVV"", ""start"": 40, ""end"": 42, ""text"": ""7@@ 98""}, {""type"": ""PHONENUMBER"", ""start"": 53, ""end"": 59, ""text"": ""03@@ 39@@ 6@@ 40@@ 6@@ 51""}]","[{""type"": ""ACCOUNTNAME"", ""start"": 7, ""end"": 9, ""text"": ""Tài_khoản hưu_trí""}, {""type"": ""ACCOUNTNUMBER"", ""start"": 9, ""end"": 18, ""text"": ""12@@ 5000@@ 22@@ 24@@ 44@@ 66 ( BIDV )""}, {""type"": ""CREDITCARDNUMBER"", ""start"": 23, ""end"": 30, ""text"": ""25@@ 110@@ 19@@ 12@@ 400@@ 66@@ 88""}, {""type"": ""CREDITCARDISSUER"", ""start"": 31, ""end"": 36, ""text"": ""h@@ s@@ b@@ c visa""}, {""type"": ""CREDITCARDCVV"", ""start"": 40, ""end"": 42, ""text"": ""7@@ 98""}, {""type"": ""PHONENUMBER"", ""start"": 53, ""end"": 59, ""text"": ""03@@ 39@@ 6@@ 40@@ 6@@ 51""}]",O O O O O O O B-ACCOUNTNAME I-ACCOUNTNAME B-ACCOUNTNUMBER I-ACCOUNTNUMBER I-ACCOUNTNUMBER I-ACCOUNTNUMBER I-ACCOUNTNUMBER I-ACCOUNTNUMBER I-ACCOUNTNUMBER I-ACCOUNTNUMBER I-ACCOUNTNUMBER O O O O O B-MASKEDNUMBER I-MASKEDNUMBER I-MASKEDNUMBER I-MASKEDNUMBER I-MASKEDNUMBER I-MASKEDNUMBER I-MASKEDNUMBER O B-CREDITCARDISSUER I-CREDITCARDISSUER I-CREDITCARDISSUER I-CREDITCARDISSUER I-CREDITCARDISSUER O O O O B-CREDITCARDCVV I-CREDITCARDCVV O O O O O O O O O O O B-PHONENUMBER I-PHONENUMBER I-PHONENUMBER I-PHONENUMBER I-PHONENUMBER I-PHONENUMBER O,O O O O O O O B-ACCOUNTNAME I-ACCOUNTNAME B-ACCOUNTNUMBER I-ACCOUNTNUMBER I-ACCOUNTNUMBER I-ACCOUNTNUMBER I-ACCOUNTNUMBER I-ACCOUNTNUMBER I-ACCOUNTNUMBER I-ACCOUNTNUMBER I-ACCOUNTNUMBER O O O O O B-CREDITCARDNUMBER I-CREDITCARDNUMBER I-CREDITCARDNUMBER I-CREDITCARDNUMBER I-CREDITCARDNUMBER I-CREDITCARDNUMBER I-CREDITCARDNUMBER O B-CREDITCARDISSUER I-CREDITCARDISSUER I-CREDITCARDISSUER I-CREDITCARDISSUER I-CREDITCARDISSUER O O O O B-CREDITCARDCVV I-CREDITCARDCVV O O O O O O O O O O O B-PHONENUMBER I-PHONENUMBER I-PHONENUMBER I-PHONENUMBER I-PHONENUMBER I-PHONENUMBER O,0.8333333333333334,"[{""type"": ""ACCOUNTNAME"", ""start"": 7, ""end"": 9, ""text"": ""Tài_khoản hưu_trí""}, {""type"": ""ACCOUNTNUMBER"", ""start"": 9, ""end"": 18, ""text"": ""12@@ 5000@@ 22@@ 24@@ 44@@ 66 ( BIDV )""}, {""type"": ""MASKEDNUMBER"", ""start"": 23, ""end"": 30, ""text"": ""25@@ 110@@ 19@@ 12@@ 400@@ 66@@ 88""}, {""type"": ""CREDITCARDISSUER"", ""start"": 31, ""end"": 36, ""text"": ""h@@ s@@ b@@ c visa""}, {""type"": ""CREDITCARDCVV"", ""start"": 40, ""end"": 42, ""text"": ""7@@ 98""}, {""type"": ""PHONENUMBER"", ""start"": 53, ""end"": 59, ""text"": ""03@@ 39@@ 6@@ 40@@ 6@@ 51""}]","[{""type"": ""ACCOUNTNAME"", ""start"": 7, ""end"": 9, ""text"": ""Tài_khoản hưu_trí""}, {""type"": ""ACCOUNTNUMBER"", ""start"": 9, ""end"": 18, ""text"": ""12@@ 5000@@ 22@@ 24@@ 44@@ 66 ( BIDV )""}, {""type"": ""CREDITCARDNUMBER"", ""start"": 23, ""end"": 30, ""text"": ""25@@ 110@@ 19@@ 12@@ 400@@ 66@@ 88""}, {""type"": ""CREDITCARDISSUER"", ""start"": 31, ""end"": 36, ""text"": ""h@@ s@@ b@@ c visa""}, {""type"": ""CREDITCARDCVV"", ""start"": 40, ""end"": 42, ""text"": ""7@@ 98""}, {""type"": ""PHONENUMBER"", ""start"": 53, ""end"": 59, ""text"": ""03@@ 39@@ 6@@ 40@@ 6@@ 51""}]",O O O O O O O B-ACCOUNTNAME I-ACCOUNTNAME B-ACCOUNTNUMBER I-ACCOUNTNUMBER I-ACCOUNTNUMBER I-ACCOUNTNUMBER I-ACCOUNTNUMBER I-ACCOUNTNUMBER I-ACCOUNTNUMBER I-ACCOUNTNUMBER I-ACCOUNTNUMBER O O O O O B-MASKEDNUMBER I-MASKEDNUMBER I-MASKEDNUMBER I-MASKEDNUMBER I-MASKEDNUMBER I-MASKEDNUMBER I-MASKEDNUMBER O B-CREDITCARDISSUER I-CREDITCARDISSUER I-CREDITCARDISSUER I-CREDITCARDISSUER I-CREDITCARDISSUER O O O O B-CREDITCARDCVV I-CREDITCARDCVV O O O O O O O O O O O B-PHONENUMBER I-PHONENUMBER I-PHONENUMBER I-PHONENUMBER I-PHONENUMBER I-PHONENUMBER O,O O O O O O O B-ACCOUNTNAME I-ACCOUNTNAME B-ACCOUNTNUMBER I-ACCOUNTNUMBER I-ACCOUNTNUMBER I-ACCOUNTNUMBER I-ACCOUNTNUMBER I-ACCOUNTNUMBER I-ACCOUNTNUMBER I-ACCOUNTNUMBER I-ACCOUNTNUMBER O O O O O B-CREDITCARDNUMBER I-CREDITCARDNUMBER I-CREDITCARDNUMBER I-CREDITCARDNUMBER I-CREDITCARDNUMBER I-CREDITCARDNUMBER I-CREDITCARDNUMBER O B-CREDITCARDISSUER I-CREDITCARDISSUER I-CREDITCARDISSUER I-CREDITCARDISSUER I-CREDITCARDISSUER O O O O B-CREDITCARDCVV I-CREDITCARDCVV O O O O O O O O O O O B-PHONENUMBER I-PHONENUMBER I-PHONENUMBER I-PHONENUMBER I-PHONENUMBER I-PHONENUMBER O,0.8333333333333334,"[{""type"": ""ACCOUNTNAME"", ""start"": 7, ""end"": 9, ""text"": ""Tài_khoản hưu_trí""}, {""type"": ""ACCOUNTNUMBER"", ""start"": 9, ""end"": 18, ""text"": ""12@@ 5000@@ 22@@ 24@@ 44@@ 66 ( BIDV )""}, {""type"": ""MASKEDNUMBER"", ""start"": 23, ""end"": 30, ""text"": ""25@@ 110@@ 19@@ 12@@ 400@@ 66@@ 88""}, {""type"": ""CREDITCARDISSUER"", ""start"": 31, ""end"": 36, ""text"": ""h@@ s@@ b@@ c visa""}, {""type"": ""CREDITCARDCVV"", ""start"": 40, ""end"": 42, ""text"": ""7@@ 98""}, {""type"": ""PHONENUMBER"", ""start"": 53, ""end"": 59, ""text"": ""03@@ 39@@ 6@@ 40@@ 6@@ 51""}]","[{""type"": ""ACCOUNTNAME"", ""start"": 7, ""end"": 9, ""text"": ""Tài_khoản hưu_trí""}, {""type"": ""ACCOUNTNUMBER"", ""start"": 9, ""end"": 18, ""text"": ""12@@ 5000@@ 22@@ 24@@ 44@@ 66 ( BIDV )""}, {""type"": ""CREDITCARDNUMBER"", ""start"": 23, ""end"": 30, ""text"": ""25@@ 110@@ 19@@ 12@@ 400@@ 66@@ 88""}, {""type"": ""CREDITCARDISSUER"", ""start"": 31, ""end"": 36, ""text"": ""h@@ s@@ b@@ c visa""}, {""type"": ""CREDITCARDCVV"", ""start"": 40, ""end"": 42, ""text"": ""7@@ 98""}, {""type"": ""PHONENUMBER"", ""start"": 53, ""end"": 59, ""text"": ""03@@ 39@@ 6@@ 40@@ 6@@ 51""}]",O O O O O O O B-ACCOUNTNAME I-ACCOUNTNAME B-ACCOUNTNUMBER I-ACCOUNTNUMBER I-ACCOUNTNUMBER I-ACCOUNTNUMBER I-ACCOUNTNUMBER I-ACCOUNTNUMBER I-ACCOUNTNUMBER I-ACCOUNTNUMBER I-ACCOUNTNUMBER O O O O O B-MASKEDNUMBER I-MASKEDNUMBER I-MASKEDNUMBER I-MASKEDNUMBER I-MASKEDNUMBER I-MASKEDNUMBER I-MASKEDNUMBER O B-CREDITCARDISSUER I-CREDITCARDISSUER I-CREDITCARDISSUER I-CREDITCARDISSUER I-CREDITCARDISSUER O O O O B-CREDITCARDCVV I-CREDITCARDCVV O O O O O O O O O O O B-PHONENUMBER I-PHONENUMBER I-PHONENUMBER I-PHONENUMBER I-PHONENUMBER I-PHONENUMBER O,O O O O O O O B-ACCOUNTNAME I-ACCOUNTNAME B-ACCOUNTNUMBER I-ACCOUNTNUMBER I-ACCOUNTNUMBER I-ACCOUNTNUMBER I-ACCOUNTNUMBER I-ACCOUNTNUMBER I-ACCOUNTNUMBER I-ACCOUNTNUMBER I-ACCOUNTNUMBER O O O O O B-CREDITCARDNUMBER I-CREDITCARDNUMBER I-CREDITCARDNUMBER I-CREDITCARDNUMBER I-CREDITCARDNUMBER I-CREDITCARDNUMBER I-CREDITCARDNUMBER O B-CREDITCARDISSUER I-CREDITCARDISSUER I-CREDITCARDISSUER I-CREDITCARDISSUER I-CREDITCARDISSUER O O O O B-CREDITCARDCVV I-CREDITCARDCVV O O O O O O O O O O O B-PHONENUMBER I-PHONENUMBER I-PHONENUMBER I-PHONENUMBER I-PHONENUMBER I-PHONENUMBER O,0.8571428571428571,"[{""type"": ""ACCOUNTNAME"", ""start"": 9, ""end"": 14, ""text"": ""▁Tài ▁khoản ▁hư u ▁trí""}, {""type"": ""ACCOUNTNUMBER"", ""start"": 14, ""end"": 23, ""text"": ""▁12 5000 222 444 66 ▁( BI DV ).""}, {""type"": ""MASKEDNUMBER"", ""start"": 28, ""end"": 34, ""text"": ""▁25 110 19 124 006 688""}, {""type"": ""CREDITCARDISSUER"", ""start"": 35, ""end"": 39, ""text"": ""▁h s bc ▁visa""}, {""type"": ""CREDITCARDCVV"", ""start"": 44, ""end"": 45, ""text"": ""▁""}, {""type"": ""CREDITCARDCVV"", ""start"": 45, ""end"": 46, ""text"": ""798""}, {""type"": ""PHONENUMBER"", ""start"": 59, ""end"": 63, ""text"": ""▁03 39 640 651""}]","[{""type"": ""ACCOUNTNAME"", ""start"": 9, ""end"": 14, ""text"": ""▁Tài ▁khoản ▁hư u ▁trí""}, {""type"": ""ACCOUNTNUMBER"", ""start"": 14, ""end"": 23, ""text"": ""▁12 5000 222 444 66 ▁( BI DV ).""}, {""type"": ""CREDITCARDNUMBER"", ""start"": 28, ""end"": 34, ""text"": ""▁25 110 19 124 006 688""}, {""type"": ""CREDITCARDISSUER"", ""start"": 35, ""end"": 39, ""text"": ""▁h s bc ▁visa""}, {""type"": ""CREDITCARDCVV"", ""start"": 44, ""end"": 45, ""text"": ""▁""}, {""type"": ""CREDITCARDCVV"", ""start"": 45, ""end"": 46, ""text"": ""798""}, {""type"": ""PHONENUMBER"", ""start"": 59, ""end"": 63, ""text"": ""▁03 39 640 651""}]",O O O O O O O O O B-ACCOUNTNAME I-ACCOUNTNAME I-ACCOUNTNAME I-ACCOUNTNAME I-ACCOUNTNAME B-ACCOUNTNUMBER I-ACCOUNTNUMBER I-ACCOUNTNUMBER I-ACCOUNTNUMBER I-ACCOUNTNUMBER I-ACCOUNTNUMBER I-ACCOUNTNUMBER I-ACCOUNTNUMBER I-ACCOUNTNUMBER O O O O O B-MASKEDNUMBER I-MASKEDNUMBER I-MASKEDNUMBER I-MASKEDNUMBER I-MASKEDNUMBER I-MASKEDNUMBER O B-CREDITCARDISSUER I-CREDITCARDISSUER I-CREDITCARDISSUER I-CREDITCARDISSUER O O O O O B-CREDITCARDCVV B-CREDITCARDCVV O O O O O O O O O O O O O B-PHONENUMBER I-PHONENUMBER I-PHONENUMBER I-PHONENUMBER O,O O O O O O O O O B-ACCOUNTNAME I-ACCOUNTNAME I-ACCOUNTNAME I-ACCOUNTNAME I-ACCOUNTNAME B-ACCOUNTNUMBER I-ACCOUNTNUMBER I-ACCOUNTNUMBER I-ACCOUNTNUMBER I-ACCOUNTNUMBER I-ACCOUNTNUMBER I-ACCOUNTNUMBER I-ACCOUNTNUMBER I-ACCOUNTNUMBER O O O O O B-CREDITCARDNUMBER I-CREDITCARDNUMBER I-CREDITCARDNUMBER I-CREDITCARDNUMBER I-CREDITCARDNUMBER I-CREDITCARDNUMBER O B-CREDITCARDISSUER I-CREDITCARDISSUER I-CREDITCARDISSUER I-CREDITCARDISSUER O O O O O B-CREDITCARDCVV B-CREDITCARDCVV O O O O O O O O O O O O O B-PHONENUMBER I-PHONENUMBER I-PHONENUMBER I-PHONENUMBER O
3842,"Chào mọi người, đội bóng chày của huấn luyện viên Yến bắt đầu các buổi tập từ 20/06/1970. Tất cả những người trên 20 tuổi đều đủ điều kiện tham gia.",True,0.8571428571428571,"[{""type"": ""FIRSTNAME"", ""start"": 8, ""end"": 9, ""text"": ""Yến""}, {""type"": ""DATE"", ""start"": 14, ""end"": 17, ""text"": ""20/@@ 06/@@ 1970""}, {""type"": ""AGE"", ""start"": 22, ""end"": 23, ""text"": ""20""}]","[{""type"": ""LASTNAME"", ""start"": 7, ""end"": 8, ""text"": ""huấn_luyện_viên""}, {""type"": ""FIRSTNAME"", ""start"": 8, ""end"": 9, ""text"": ""Yến""}, {""type"": ""DATE"", ""start"": 14, ""end"": 17, ""text"": ""20/@@ 06/@@ 1970""}, {""type"": ""AGE"", ""start"": 22, ""end"": 23, ""text"": ""20""}]",O O O O O O O O B-FIRSTNAME O O O O O B-DATE I-DATE I-DATE O O O O O B-AGE O O O O O O,O O O O O O O B-LASTNAME B-FIRSTNAME O O O O O B-DATE I-DATE I-DATE O O O O O B-AGE O O O O O O,0.6666666666666666,"[{""type"": ""FIRSTNAME"", ""start"": 8, ""end"": 9, ""text"": ""Yến""}, {""type"": ""DATE"", ""start"": 14, ""end"": 17, ""text"": ""20/@@ 06/@@ 1970""}, {""type"": ""AGE"", ""start"": 22, ""end"": 23, ""text"": ""20""}]","[{""type"": ""FIRSTNAME"", ""start"": 8, ""end"": 9, ""text"": ""Yến""}, {""type"": ""DOB"", ""start"": 14, ""end"": 17, ""text"": ""20/@@ 06/@@ 1970""}, {""type"": ""AGE"", ""start"": 22, ""end"": 23, ""text"": ""20""}]",O O O O O O O O B-FIRSTNAME O O O O O B-DATE I-DATE I-DATE O O O O O B-AGE O O O O O O,O O O O O O O O B-FIRSTNAME O O O O O B-DOB I-DOB I-DOB O O O O O B-AGE O O O O O O,0.8,"[{""type"": ""FIRSTNAME"", ""start"": 8, ""end"": 9, ""text"": ""Yến""}, {""type"": ""DATE"", ""start"": 14, ""end"": 17, ""text"": ""20/@@ 06/@@ 1970""}, {""type"": ""AGE"", ""start"": 22, ""end"": 23, ""text"": ""20""}]","[{""type"": ""FIRSTNAME"", ""start"": 8, ""end"": 9, ""text"": ""Yến""}, {""type"": ""DATE"", ""start"": 14, ""end"": 17, ""text"": ""20/@@ 06/@@ 1970""}]",O O O O O O O O B-FIRSTNAME O O O O O B-DATE I-DATE I-DATE O O O O O B-AGE O O O O O O,O O O O O O O O B-FIRSTNAME O O O O O B-DATE I-DATE I-DATE O O O O O O O O O O O O,0.8,"[{""type"": ""FIRSTNAME"", ""start"": 12, ""end"": 14, ""text"": ""▁Y ến""}, {""type"": ""DATE"", ""start"": 20, ""end"": 24, ""text"": ""▁20 /06 / 1970""}, {""type"": ""AGE"", ""start"": 30, ""end"": 31, ""text"": ""▁20""}]","[{""type"": ""FIRSTNAME"", ""start"": 12, ""end"": 14, ""text"": ""▁Y ến""}, {""type"": ""DATE"", ""start"": 20, ""end"": 24, ""text"": ""▁20 /06 / 1970""}]",O O O O O O O O O O O O B-FIRSTNAME I-FIRSTNAME O O O O O O B-DATE I-DATE I-DATE I-DATE O O O O O O B-AGE O O O O O O O O,O O O O O O O O O O O O B-FIRSTNAME I-FIRSTNAME O O O O O O B-DATE I-DATE I-DATE I-DATE O O O O O O O O O O O O O O O
3963,"Quang, cảm ơn bạn đã cập nhật thông tin sức khỏe của mình! Kế hoạch đã được tạo dựa trên dữ liệu và giới tính của bạn: Nữ. Các khoản thanh toán sẽ đến hạn vào tuần tới với chi tiết: 5882836093491708, 110.",True,0.75,"[{""type"": ""FIRSTNAME"", ""start"": 0, ""end"": 1, ""text"": ""Quang""}, {""type"": ""SEX"", ""start"": 23, ""end"": 24, ""text"": ""Nữ""}, {""type"": ""MASKEDNUMBER"", ""start"": 37, ""end"": 46, ""text"": ""5@@ 88@@ 28@@ 360@@ 9@@ 34@@ 9@@ 17@@ 08""}, {""type"": ""CREDITCARDCVV"", ""start"": 47, ""end"": 48, ""text"": ""110""}]","[{""type"": ""FIRSTNAME"", ""start"": 0, ""end"": 1, ""text"": ""Quang""}, {""type"": ""SEX"", ""start"": 23, ""end"": 24, ""text"": ""Nữ""}, {""type"": ""CREDITCARDNUMBER"", ""start"": 37, ""end"": 46, ""text"": ""5@@ 88@@ 28@@ 360@@ 9@@ 34@@ 9@@ 17@@ 08""}, {""type"": ""CREDITCARDCVV"", ""start"": 47, ""end"": 48, ""text"": ""110""}]",B-FIRSTNAME O O O O O O O O O O O O O O O O O O O O O O B-SEX O O O O O O O O O O O O O B-MASKEDNUMBER I-MASKEDNUMBER I-MASKEDNUMBER I-MASKEDNUMBER I-MASKEDNUMBER I-MASKEDNUMBER I-MASKEDNUMBER I-MASKEDNUMBER I-MASKEDNUMBER O B-CREDITCARDCVV O,B-FIRSTNAME O O O O O O O O O O O O O O O O O O O O O O B-SEX O O O O O O O O O O O O O B-CREDITCARDNUMBER I-CREDITCARDNUMBER I-CREDITCARDNUMBER I-CREDITCARDNUMBER I-CREDITCARDNUMBER I-CREDITCARDNUMBER I-CREDITCARDNUMBER I-CREDITCARDNUMBER I-CREDITCARDNUMBER O B-CREDITCARDCVV O,0.5,"[{""type"": ""FIRSTNAME"", ""start"": 0, ""end"": 1, ""text"": ""Quang""}, {""type"": ""SEX"", ""start"": 23, ""end"": 24, ""text"": ""Nữ""}, {""type"": ""MASKEDNUMBER"", ""start"": 37, ""end"": 46, ""text"": ""5@@ 88@@ 28@@ 360@@ 9@@ 34@@ 9@@ 17@@ 08""}, {""type"": ""CREDITCARDCVV"", ""start"": 47, ""end"": 48, ""text"": ""110""}]","[{""type"": ""MIDDLENAME"", ""start"": 0, ""end"": 1, ""text"": ""Quang""}, {""type"": ""SEX"", ""start"": 23, ""end"": 24, ""text"": ""Nữ""}, {""type"": ""CREDITCARDNUMBER"", ""start"": 37, ""end"": 46, ""text"": ""5@@ 88@@ 28@@ 360@@ 9@@ 34@@ 9@@ 17@@ 08""}, {""type"": ""CREDITCARDCVV"", ""start"": 47, ""end"": 48, ""text"": ""110""}]",B-FIRSTNAME O O O O O O O O O O O O O O O O O O O O O O B-SEX O O O O O O O O O O O O O B-MASKEDNUMBER I-MASKEDNUMBER I-MASKEDNUMBER I-MASKEDNUMBER I-MASKEDNUMBER I-MASKEDNUMBER I-MASKEDNUMBER I-MASKEDNUMBER I-MASKEDNUMBER O B-CREDITCARDCVV O,B-MIDDLENAME O O O O O O O O O O O O O O O O O O O O O O B-SEX O O O O O O O O O O O O O B-CREDITCARDNUMBER I-CREDITCARDNUMBER I-CREDITCARDNUMBER I-CREDITCARDNUMBER I-CREDITCARDNUMBER I-CREDITCARDNUMBER I-CREDITCARDNUMBER I-CREDITCARDNUMBER I-CREDITCARDNUMBER O B-CREDITCARDCVV O,0.75,"[{""type"": ""FIRSTNAME"", ""start"": 0, ""end"": 1, ""text"": ""Quang""}, {""type"": ""SEX"", ""start"": 23, ""end"": 24, ""text"": ""Nữ""}, {""type"": ""MASKEDNUMBER"", ""start"": 37, ""end"": 46, ""text"": ""5@@ 88@@ 28@@ 360@@ 9@@ 34@@ 9@@ 17@@ 08""}, {""type"": ""CREDITCARDCVV"", ""start"": 47, ""end"": 48, ""text"": ""110""}]","[{""type"": ""FIRSTNAME"", ""start"": 0, ""end"": 1, ""text"": ""Quang""}, {""type"": ""SEX"", ""start"": 23, ""end"": 24, ""text"": ""Nữ""}, {""type"": ""CREDITCARDNUMBER"", ""start"": 37, ""end"": 46, ""text"": ""5@@ 88@@ 28@@ 360@@ 9@@ 34@@ 9@@ 17@@ 08""}, {""type"": ""CREDITCARDCVV"", ""start"": 47, ""end"": 48, ""text"": ""110""}]",B-FIRSTNAME O O O O O O O O O O O O O O O O O O O O O O B-SEX O O O O O O O O O O O O O B-MASKEDNUMBER I-MASKEDNUMBER I-MASKEDNUMBER I-MASKEDNUMBER I-MASKEDNUMBER I-MASKEDNUMBER I-MASKEDNUMBER I-MASKEDNUMBER I-MASKEDNUMBER O B-CREDITCARDCVV O,B-FIRSTNAME O O O O O O O O O O O O O O O O O O O O O O B-SEX O O O O O O O O O O O O O B-CREDITCARDNUMBER I-CREDITCARDNUMBER I-CREDITCARDNUMBER I-CREDITCARDNUMBER I-CREDITCARDNUMBER I-CREDITCARDNUMBER I-CREDITCARDNUMBER I-CREDITCARDNUMBER I-CREDITCARDNUMBER O B-CREDITCARDCVV O,0.75,"[{""type"": ""FIRSTNAME"", ""start"": 0, ""end"": 1, ""text"": ""▁Quang""}, {""type"": ""SEX"", ""start"": 30, ""end"": 31, ""text"": ""▁Nữ""}, {""type"": ""MASKEDNUMBER"", ""start"": 46, ""end"": 52, ""text"": ""▁58 828 360 93 491 708""}, {""type"": ""CREDITCARDCVV"", ""start"": 53, ""end"": 54, ""text"": ""▁110""}]","[{""type"": ""FIRSTNAME"", ""start"": 0, ""end"": 1, ""text"": ""▁Quang""}, {""type"": ""SEX"", ""start"": 30, ""end"": 31, ""text"": ""▁Nữ""}, {""type"": ""CREDITCARDNUMBER"", ""start"": 46, ""end"": 52, ""text"": ""▁58 828 360 93 491 708""}, {""type"": ""CREDITCARDCVV"", ""start"": 53, ""end"": 54, ""text"": ""▁110""}]",B-FIRSTNAME O O O O O O O O O O O O O O O O O O O O O O O O O O O O O B-SEX O O O O O O O O O O O O O O O B-MASKEDNUMBER I-MASKEDNUMBER I-MASKEDNUMBER I-MASKEDNUMBER I-MASKEDNUMBER I-MASKEDNUMBER O B-CREDITCARDCVV O,B-FIRSTNAME O O O O O O O O O O O O O O O O O O O O O O O O O O O O O B-SEX O O O O O O O O O O O O O O O B-CREDITCARDNUMBER I-CREDITCARDNUMBER I-CREDITCARDNUMBER I-CREDITCARDNUMBER I-CREDITCARDNUMBER I-CREDITCARDNUMBER O B-CREDITCARDCVV O
4019,Chúng tôi đã phát hành thẻ tín dụng trường học cho các chi phí đi lại. Thẻ của bạn là mcredit với số 9693872933834848 và CVV 637. Chúng tôi sẽ chi trả tất cả các chi phí.,True,0.6666666666666666,"[{""type"": ""CREDITCARDISSUER"", ""start"": 14, ""end"": 17, ""text"": ""m@@ cre@@ dit""}, {""type"": ""MASKEDNUMBER"", ""start"": 19, ""end"": 29, ""text"": ""9@@ 69@@ 38@@ 7@@ 29@@ 3@@ 38@@ 34@@ 8@@ 48""}, {""type"": ""CREDITCARDCVV"", ""start"": 32, ""end"": 34, ""text"": ""6@@ 37""}]","[{""type"": ""CREDITCARDISSUER"", ""start"": 14, ""end"": 17, ""text"": ""m@@ cre@@ dit""}, {""type"": ""CREDITCARDNUMBER"", ""start"": 19, ""end"": 29, ""text"": ""9@@ 69@@ 38@@ 7@@ 29@@ 3@@ 38@@ 34@@ 8@@ 48""}, {""type"": ""CREDITCARDCVV"", ""start"": 32, ""end"": 34, ""text"": ""6@@ 37""}]",O O O O O O O O O O O O O O B-CREDITCARDISSUER I-CREDITCARDISSUER I-CREDITCARDISSUER O O B-MASKEDNUMBER I-MASKEDNUMBER I-MASKEDNUMBER I-MASKEDNUMBER I-MASKEDNUMBER I-MASKEDNUMBER I-MASKEDNUMBER I-MASKEDNUMBER I-MASKEDNUMBER I-MASKEDNUMBER O O O B-CREDITCARDCVV I-CREDITCARDCVV O O O O O O O O,O O O O O O O O O O O O O O B-CREDITCARDISSUER I-CREDITCARDISSUER I-CREDITCARDISSUER O O B-CREDITCARDNUMBER I-CREDITCARDNUMBER I-CREDITCARDNUMBER I-CREDITCARDNUMBER I-CREDITCARDNUMBER I-CREDITCARDNUMBER I-CREDITCARDNUMBER I-CREDITCARDNUMBER I-CREDITCARDNUMBER I-CREDITCARDNUMBER O O O B-CREDITCARDCVV I-CREDITCARDCVV O O O O O O O O,0.6666666666666666,"[{""type"": ""CREDITCARDISSUER"", ""start"": 14, ""end"": 17, ""text"": ""m@@ cre@@ dit""}, {""type"": ""MASKEDNUMBER"", ""start"": 19, ""end"": 29, ""text"": ""9@@ 69@@ 38@@ 7@@ 29@@ 3@@ 38@@ 34@@ 8@@ 48""}, {""type"": ""CREDITCARDCVV"", ""start"": 32, ""end"": 34, ""text"": ""6@@ 37""}]","[{""type"": ""CREDITCARDISSUER"", ""start"": 14, ""end"": 17, ""text"": ""m@@ cre@@ dit""}, {""type"": ""CREDITCARDNUMBER"", ""start"": 19, ""end"": 29, ""text"": ""9@@ 69@@ 38@@ 7@@ 29@@ 3@@ 38@@ 34@@ 8@@ 48""}, {""type"": ""CREDITCARDCVV"", ""start"": 32, ""end"": 34, ""text"": ""6@@ 37""}]",O O O O O O O O O O O O O O B-CREDITCARDISSUER I-CREDITCARDISSUER I-CREDITCARDISSUER O O B-MASKEDNUMBER I-MASKEDNUMBER I-MASKEDNUMBER I-MASKEDNUMBER I-MASKEDNUMBER I-MASKEDNUMBER I-MASKEDNUMBER I-MASKEDNUMBER I-MASKEDNUMBER I-MASKEDNUMBER O O O B-CREDITCARDCVV I-CREDITCARDCVV O O O O O O O O,O O O O O O O O O O O O O O B-CREDITCARDISSUER I-CREDITCARDISSUER I-CREDITCARDISSUER O O B-CREDITCARDNUMBER I-CREDITCARDNUMBER I-CREDITCARDNUMBER I-CREDITCARDNUMBER I-CREDITCARDNUMBER I-CREDITCARDNUMBER I-CREDITCARDNUMBER I-CREDITCARDNUMBER I-CREDITCARDNUMBER I-CREDITCARDNUMBER O O O B-CREDITCARDCVV I-CREDITCARDCVV O O O O O O O O,0.6666666666666666,"[{""type"": ""CREDITCARDISSUER"", ""start"": 14, ""end"": 17, ""text"": ""m@@ cre@@ dit""}, {""type"": ""MASKEDNUMBER"", ""start"": 19, ""end"": 29, ""text"": ""9@@ 69@@ 38@@ 7@@ 29@@ 3@@ 38@@ 34@@ 8@@ 48""}, {""type"": ""CREDITCARDCVV"", ""start"": 32, ""end"": 34, ""text"": ""6@@ 37""}]","[{""type"": ""CREDITCARDISSUER"", ""start"": 14, ""end"": 17, ""text"": ""m@@ cre@@ dit""}, {""type"": ""CREDITCARDNUMBER"", ""start"": 19, ""end"": 29, ""text"": ""9@@ 69@@ 38@@ 7@@ 29@@ 3@@ 38@@ 34@@ 8@@ 48""}, {""type"": ""CREDITCARDCVV"", ""start"": 32, ""end"": 34, ""text"": ""6@@ 37""}]",O O O O O O O O O O O O O O B-CREDITCARDISSUER I-CREDITCARDISSUER I-CREDITCARDISSUER O O B-MASKEDNUMBER I-MASKEDNUMBER I-MASKEDNUMBER I-MASKEDNUMBER I-MASKEDNUMBER I-MASKEDNUMBER I-MASKEDNUMBER I-MASKEDNUMBER I-MASKEDNUMBER I-MASKEDNUMBER O O O B-CREDITCARDCVV I-CREDITCARDCVV O O O O O O O O,O O O O O O O O O O O O O O B-CREDITCARDISSUER I-CREDITCARDISSUER I-CREDITCARDISSUER O O B-CREDITCARDNUMBER I-CREDITCARDNUMBER I-CREDITCARDNUMBER I-CREDITCARDNUMBER I-CREDITCARDNUMBER I-CREDITCARDNUMBER I-CREDITCARDNUMBER I-CREDITCARDNUMBER I-CREDITCARDNUMBER I-CREDITCARDNUMBER O O O B-CREDITCARDCVV I-CREDITCARDCVV O O O O O O O O,0.6,"[{""type"": ""CREDITCARDISSUER"", ""start"": 22, ""end"": 24, ""text"": ""▁m credit""}, {""type"": ""MASKEDNUMBER"", ""start"": 26, ""end"": 27, ""text"": ""▁""}, {""type"": ""MASKEDNUMBER"", ""start"": 27, ""end"": 33, ""text"": ""969 387 29 338 348 48""}, {""type"": ""CREDITCARDCVV"", ""start"": 36, ""end"": 37, ""text"": ""▁""}, {""type"": ""CREDITCARDCVV"", ""start"": 37, ""end"": 38, ""text"": ""637""}]","[{""type"": ""CREDITCARDISSUER"", ""start"": 22, ""end"": 24, ""text"": ""▁m credit""}, {""type"": ""CREDITCARDNUMBER"", ""start"": 26, ""end"": 27, ""text"": ""▁""}, {""type"": ""CREDITCARDNUMBER"", ""start"": 27, ""end"": 33, ""text"": ""969 387 29 338 348 48""}, {""type"": ""CREDITCARDCVV"", ""start"": 36, ""end"": 37, ""text"": ""▁""}, {""type"": ""CREDITCARDCVV"", ""start"": 37, ""end"": 38, ""text"": ""637""}]",O O O O O O O O O O O O O O O O O O O O O O B-CREDITCARDISSUER I-CREDITCARDISSUER O O B-MASKEDNUMBER B-MASKEDNUMBER I-MASKEDNUMBER I-MASKEDNUMBER I-MASKEDNUMBER I-MASKEDNUMBER I-MASKEDNUMBER O O O B-CREDITCARDCVV B-CREDITCARDCVV O O O O O O O O O O O O,O O O O O O O O O O O O O O O O O O O O O O B-CREDITCARDISSUER I-CREDITCARDISSUER O O B-CREDITCARDNUMBER B-CREDITCARDNUMBER I-CREDITCARDNUMBER I-CREDITCARDNUMBER I-CREDITCARDNUMBER I-CREDITCARDNUMBER I-CREDITCARDNUMBER O O O B-CREDITCARDCVV B-CREDITCARDCVV O O O O O O O O O O O O
4057,"Chúng tôi rất cảm ơn bạn xác nhận liệu số tiền cho các tài khoản chung, tiết kiệm và hộp an toàn của bạn có được ghi bằng Bảng Anh (VND) trong các tài liệu lập kế hoạch di sản hay không.",True,0.5,"[{""type"": ""CURRENCYNAME"", ""start"": 23, ""end"": 25, ""text"": ""Bảng Anh""}, {""type"": ""CURRENCYSYMBOL"", ""start"": 26, ""end"": 27, ""text"": ""VND""}]","[{""type"": ""CURRENCYNAME"", ""start"": 23, ""end"": 25, ""text"": ""Bảng Anh""}, {""type"": ""CURRENCYCODE"", ""start"": 26, ""end"": 27, ""text"": ""VND""}]",O O O O O O O O O O O O O O O O O O O O O O O B-CURRENCYNAME I-CURRENCYNAME O B-CURRENCYSYMBOL O O O O O O O O O O,O O O O O O O O O O O O O O O O O O O O O O O B-CURRENCYNAME I-CURRENCYNAME O B-CURRENCYCODE O O O O O O O O O O,0.5,"[{""type"": ""CURRENCYNAME"", ""start"": 23, ""end"": 25, ""text"": ""Bảng Anh""}, {""type"": ""CURRENCYSYMBOL"", ""start"": 26, ""end"": 27, ""text"": ""VND""}]","[{""type"": ""CURRENCYNAME"", ""start"": 23, ""end"": 25, ""text"": ""Bảng Anh""}, {""type"": ""CURRENCYCODE"", ""start"": 26, ""end"": 27, ""text"": ""VND""}]",O O O O O O O O O O O O O O O O O O O O O O O B-CURRENCYNAME I-CURRENCYNAME O B-CURRENCYSYMBOL O O O O O O O O O O,O O O O O O O O O O O O O O O O O O O O O O O B-CURRENCYNAME I-CURRENCYNAME O B-CURRENCYCODE O O O O O O O O O O,0.5,"[{""type"": ""CURRENCYNAME"", ""start"": 23, ""end"": 25, ""text"": ""Bảng Anh""}, {""type"": ""CURRENCYSYMBOL"", ""start"": 26, ""end"": 27, ""text"": ""VND""}]","[{""type"": ""CURRENCYNAME"", ""start"": 23, ""end"": 25, ""text"": ""Bảng Anh""}, {""type"": ""CURRENCYCODE"", ""start"": 26, ""end"": 27, ""text"": ""VND""}]",O O O O O O O O O O O O O O O O O O O O O O O B-CURRENCYNAME I-CURRENCYNAME O B-CURRENCYSYMBOL O O O O O O O O O O,O O O O O O O O O O O O O O O O O O O O O O O B-CURRENCYNAME I-CURRENCYNAME O B-CURRENCYCODE O O O O O O O O O O,0.5,"[{""type"": ""CURRENCYNAME"", ""start"": 29, ""end"": 31, ""text"": ""▁Bảng ▁Anh""}, {""type"": ""CURRENCYSYMBOL"", ""start"": 32, ""end"": 34, ""text"": ""VN D""}]","[{""type"": ""CURRENCYNAME"", ""start"": 29, ""end"": 31, ""text"": ""▁Bảng ▁Anh""}, {""type"": ""CURRENCYCODE"", ""start"": 32, ""end"": 34, ""text"": ""VN D""}]",O O O O O O O O O O O O O O O O O O O O O O O O O O O O O B-CURRENCYNAME I-CURRENCYNAME O B-CURRENCYSYMBOL I-CURRENCYSYMBOL O O O O O O O O O O O O O,O O O O O O O O O O O O O O O O O O O O O O O O O O O O O B-CURRENCYNAME I-CURRENCYNAME O B-CURRENCYCODE I-CURRENCYCODE O O O O O O O O O O O O O
4078,"Xuất thân từ 956Phố Lê Văn Lương, Thành phố Chí Linh, những trải nghiệm của tôi với tư cách là một Trưởng nhóm trong suốt 100 năm qua đã rất phong phú. Tôi tin tưởng mạnh mẽ rằng Quốc phòng có thể tạo ra tác động tích cực đối với những người gặp khó khăn trong việc học.",True,0.8333333333333334,"[{""type"": ""BUILDINGNUMBER"", ""start"": 2, ""end"": 4, ""text"": ""95@@ 6@@""}, {""type"": ""STREET"", ""start"": 4, ""end"": 6, ""text"": ""Phố Lê_Văn_Lương""}, {""type"": ""COUNTY"", ""start"": 7, ""end"": 9, ""text"": ""Thành_phố Chí_Linh""}, {""type"": ""JOBTYPE"", ""start"": 18, ""end"": 20, ""text"": ""Trưởng nhóm""}, {""type"": ""AGE"", ""start"": 22, ""end"": 23, ""text"": ""100""}, {""type"": ""JOBAREA"", ""start"": 33, ""end"": 34, ""text"": ""Quốc_phòng""}]","[{""type"": ""BUILDINGNUMBER"", ""start"": 2, ""end"": 4, ""text"": ""95@@ 6@@""}, {""type"": ""STREET"", ""start"": 4, ""end"": 6, ""text"": ""Phố Lê_Văn_Lương""}, {""type"": ""COUNTY"", ""start"": 7, ""end"": 9, ""text"": ""Thành_phố Chí_Linh""}, {""type"": ""JOBTITLE"", ""start"": 18, ""end"": 20, ""text"": ""Trưởng nhóm""}, {""type"": ""AGE"", ""start"": 22, ""end"": 23, ""text"": ""100""}, {""type"": ""JOBAREA"", ""start"": 33, ""end"": 34, ""text"": ""Quốc_phòng""}]",O O B-BUILDINGNUMBER I-BUILDINGNUMBER B-STREET I-STREET O B-COUNTY I-COUNTY O O O O O O O O O B-JOBTYPE I-JOBTYPE O O B-AGE O O O O O O O O O O B-JOBAREA O O O O O O O O O O O O O O,O O B-BUILDINGNUMBER I-BUILDINGNUMBER B-STREET I-STREET O B-COUNTY I-COUNTY O O O O O O O O O B-JOBTITLE I-JOBTITLE O O B-AGE O O O O O O O O O O B-JOBAREA O O O O O O O O O O O O O O,0.8333333333333334,"[{""type"": ""BUILDINGNUMBER"", ""start"": 2, ""end"": 4, ""text"": ""95@@ 6@@""}, {""type"": ""STREET"", ""start"": 4, ""end"": 6, ""text"": ""Phố Lê_Văn_Lương""}, {""type"": ""COUNTY"", ""start"": 7, ""end"": 9, ""text"": ""Thành_phố Chí_Linh""}, {""type"": ""JOBTYPE"", ""start"": 18, ""end"": 20, ""text"": ""Trưởng nhóm""}, {""type"": ""AGE"", ""start"": 22, ""end"": 23, ""text"": ""100""}, {""type"": ""JOBAREA"", ""start"": 33, ""end"": 34, ""text"": ""Quốc_phòng""}]","[{""type"": ""BUILDINGNUMBER"", ""start"": 2, ""end"": 4, ""text"": ""95@@ 6@@""}, {""type"": ""STREET"", ""start"": 4, ""end"": 6, ""text"": ""Phố Lê_Văn_Lương""}, {""type"": ""COUNTY"", ""start"": 7, ""end"": 9, ""text"": ""Thành_phố Chí_Linh""}, {""type"": ""JOBTITLE"", ""start"": 18, ""end"": 20, ""text"": ""Trưởng nhóm""}, {""type"": ""AGE"", ""start"": 22, ""end"": 23, ""text"": ""100""}, {""type"": ""JOBAREA"", ""start"": 33, ""end"": 34, ""text"": ""Quốc_phòng""}]",O O B-BUILDINGNUMBER I-BUILDINGNUMBER B-STREET I-STREET O B-COUNTY I-COUNTY O O O O O O O O O B-JOBTYPE I-JOBTYPE O O B-AGE O O O O O O O O O O B-JOBAREA O O O O O O O O O O O O O O,O O B-BUILDINGNUMBER I-BUILDINGNUMBER B-STREET I-STREET O B-COUNTY I-COUNTY O O O O O O O O O B-JOBTITLE I-JOBTITLE O O B-AGE O O O O O O O O O O B-JOBAREA O O O O O O O O O O O O O O,0.8333333333333334,"[{""type"": ""BUILDINGNUMBER"", ""start"": 2, ""end"": 4, ""text"": ""95@@ 6@@""}, {""type"": ""STREET"", ""start"": 4, ""end"": 6, ""text"": ""Phố Lê_Văn_Lương""}, {""type"": ""COUNTY"", ""start"": 7, ""end"": 9, ""text"": ""Thành_phố Chí_Linh""}, {""type"": ""JOBTYPE"", ""start"": 18, ""end"": 20, ""text"": ""Trưởng nhóm""}, {""type"": ""AGE"", ""start"": 22, ""end"": 23, ""text"": ""100""}, {""type"": ""JOBAREA"", ""start"": 33, ""end"": 34, ""text"": ""Quốc_phòng""}]","[{""type"": ""BUILDINGNUMBER"", ""start"": 2, ""end"": 4, ""text"": ""95@@ 6@@""}, {""type"": ""STREET"", ""start"": 4, ""end"": 6, ""text"": ""Phố Lê_Văn_Lương""}, {""type"": ""COUNTY"", ""start"": 7, ""end"": 9, ""text"": ""Thành_phố Chí_Linh""}, {""type"": ""JOBTITLE"", ""start"": 18, ""end"": 20, ""text"": ""Trưởng nhóm""}, {""type"": ""AGE"", ""start"": 22, ""end"": 23, ""text"": ""100""}, {""type"": ""JOBAREA"", ""start"": 33, ""end"": 34, ""text"": ""Quốc_phòng""}]",O O B-BUILDINGNUMBER I-BUILDINGNUMBER B-STREET I-STREET O B-COUNTY I-COUNTY O O O O O O O O O B-JOBTYPE I-JOBTYPE O O B-AGE O O O O O O O O O O B-JOBAREA O O O O O O O O O O O O O O,O O B-BUILDINGNUMBER I-BUILDINGNUMBER B-STREET I-STREET O B-COUNTY I-COUNTY O O O O O O O O O B-JOBTITLE I-JOBTITLE O O B-AGE O O O O O O O O O O B-JOBAREA O O O O O O O O O O O O O O,0.8333333333333334,"[{""type"": ""BUILDINGNUMBER"", ""start"": 3, ""end"": 5, ""text"": ""▁9 56""}, {""type"": ""STREET"", ""start"": 5, ""end"": 10, ""text"": ""Ph ố ▁Lê ▁Văn ▁Lương""}, {""type"": ""COUNTY"", ""start"": 11, ""end"": 15, ""text"": ""▁Thành ▁phố ▁Chí ▁Linh""}, {""type"": ""JOBTYPE"", ""start"": 26, ""end"": 28, ""text"": ""▁Trưởng ▁nhóm""}, {""type"": ""AGE"", ""start"": 30, ""end"": 31, ""text"": ""▁100""}, {""type"": ""JOBAREA"", ""start"": 44, ""end"": 46, ""text"": ""▁Quốc ▁phòng""}]","[{""type"": ""BUILDINGNUMBER"", ""start"": 3, ""end"": 5, ""text"": ""▁9 56""}, {""type"": ""STREET"", ""start"": 5, ""end"": 10, ""text"": ""Ph ố ▁Lê ▁Văn ▁Lương""}, {""type"": ""COUNTY"", ""start"": 11, ""end"": 15, ""text"": ""▁Thành ▁phố ▁Chí ▁Linh""}, {""type"": ""JOBTITLE"", ""start"": 26, ""end"": 28, ""text"": ""▁Trưởng ▁nhóm""}, {""type"": ""AGE"", ""start"": 30, ""end"": 31, ""text"": ""▁100""}, {""type"": ""JOBAREA"", ""start"": 44, ""end"": 46, ""text"": ""▁Quốc ▁phòng""}]",O O O B-BUILDINGNUMBER I-BUILDINGNUMBER B-STREET I-STREET I-STREET I-STREET I-STREET O B-COUNTY I-COUNTY I-COUNTY I-COUNTY O O O O O O O O O O O B-JOBTYPE I-JOBTYPE O O B-AGE O O O O O O O O O O O O O B-JOBAREA I-JOBAREA O O O O O O O O O O O O O O O O O O O,O O O B-BUILDINGNUMBER I-BUILDINGNUMBER B-STREET I-STREET I-STREET I-STREET I-STREET O B-COUNTY I-COUNTY I-COUNTY I-COUNTY O O O O O O O O O O O B-JOBTITLE I-JOBTITLE O O B-AGE O O O O O O O O O O O O O B-JOBAREA I-JOBAREA O O O O O O O O O O O O O O O O O O O
4155,"Luyến Lý, chúng tôi xác nhận buổi trị liệu nhận thức được lên lịch vào ngày 1999/10/10 lúc 08:30:01. Buổi trị liệu sẽ được thực hiện bởi Kỹ sư phần mềm tại 143, Hẻm 316 Nguyễn Trãi, Xã Hạnh Phúc, Đắk Lắk. Thanh toán số tiền $249262 sẽ được thực hiện bằng thẻ master card 3169584124339768.",True,0.8,"[{""type"": ""FIRSTNAME"", ""start"": 0, ""end"": 2, ""text"": ""Luy@@ ến_@@""}, {""type"": ""LASTNAME"", ""start"": 2, ""end"": 3, ""text"": ""Lý""}, {""type"": ""DATE"", ""start"": 14, ""end"": 17, ""text"": ""199@@ 9/@@ 10/10""}, {""type"": ""TIME"", ""start"": 18, ""end"": 22, ""text"": ""08:@@ 30@@ :@@ 01""}, {""type"": ""JOBTYPE"", ""start"": 29, ""end"": 31, ""text"": ""Kỹ_sư phần_mềm""}, {""type"": ""BUILDINGNUMBER"", ""start"": 32, ""end"": 33, ""text"": ""143""}, {""type"": ""STREET"", ""start"": 34, ""end"": 37, ""text"": ""Hẻm 316 Nguyễn_Trãi""}, {""type"": ""CITY"", ""start"": 38, ""end"": 40, ""text"": ""Xã Hạnh_Phúc""}, {""type"": ""STATE"", ""start"": 41, ""end"": 42, ""text"": ""Đắk_Lắk""}, {""type"": ""AMOUNT"", ""start"": 47, ""end"": 50, ""text"": ""24@@ 9@@ 262""}, {""type"": ""CREDITCARDISSUER"", ""start"": 55, ""end"": 57, ""text"": ""master card""}, {""type"": ""MASKEDNUMBER"", ""start"": 57, ""end"": 65, ""text"": ""3@@ 16@@ 95@@ 84@@ 12@@ 43@@ 39@@ 768""}]","[{""type"": ""FIRSTNAME"", ""start"": 0, ""end"": 2, ""text"": ""Luy@@ ến_@@""}, {""type"": ""LASTNAME"", ""start"": 2, ""end"": 3, ""text"": ""Lý""}, {""type"": ""DATE"", ""start"": 14, ""end"": 17, ""text"": ""199@@ 9/@@ 10/10""}, {""type"": ""TIME"", ""start"": 18, ""end"": 22, ""text"": ""08:@@ 30@@ :@@ 01""}, {""type"": ""JOBTITLE"", ""start"": 29, ""end"": 31, ""text"": ""Kỹ_sư phần_mềm""}, {""type"": ""BUILDINGNUMBER"", ""start"": 32, ""end"": 33, ""text"": ""143""}, {""type"": ""STREET"", ""start"": 34, ""end"": 37, ""text"": ""Hẻm 316 Nguyễn_Trãi""}, {""type"": ""CITY"", ""start"": 38, ""end"": 40, ""text"": ""Xã Hạnh_Phúc""}, {""type"": ""STATE"", ""start"": 41, ""end"": 42, ""text"": ""Đắk_Lắk""}, {""type"": ""CURRENCYSYMBOL"", ""start"": 46, ""end"": 47, ""text"": ""$@@""}, {""type"": ""AMOUNT"", ""start"": 47, ""end"": 50, ""text"": ""24@@ 9@@ 262""}, {""type"": ""CREDITCARDISSUER"", ""start"": 55, ""end"": 57, ""text"": ""master card""}, {""type"": ""CREDITCARDNUMBER"", ""start"": 57, ""end"": 65, ""text"": ""3@@ 16@@ 95@@ 84@@ 12@@ 43@@ 39@@ 768""}]",B-FIRSTNAME I-FIRSTNAME B-LASTNAME O O O O O O O O O O O B-DATE I-DATE I-DATE O B-TIME I-TIME I-TIME I-TIME O O O O O O O B-JOBTYPE I-JOBTYPE O B-BUILDINGNUMBER O B-STREET I-STREET I-STREET O B-CITY I-CITY O B-STATE O O O O O B-AMOUNT I-AMOUNT I-AMOUNT O O O O O B-CREDITCARDISSUER I-CREDITCARDISSUER B-MASKEDNUMBER I-MASKEDNUMBER I-MASKEDNUMBER I-MASKEDNUMBER I-MASKEDNUMBER I-MASKEDNUMBER I-MASKEDNUMBER I-MASKEDNUMBER O,B-FIRSTNAME I-FIRSTNAME B-LASTNAME O O O O O O O O O O O B-DATE I-DATE I-DATE O B-TIME I-TIME I-TIME I-TIME O O O O O O O B-JOBTITLE I-JOBTITLE O B-BUILDINGNUMBER O B-STREET I-STREET I-STREET O B-CITY I-CITY O B-STATE O O O O B-CURRENCYSYMBOL B-AMOUNT I-AMOUNT I-AMOUNT O O O O O B-CREDITCARDISSUER I-CREDITCARDISSUER B-CREDITCARDNUMBER I-CREDITCARDNUMBER I-CREDITCARDNUMBER I-CREDITCARDNUMBER I-CREDITCARDNUMBER I-CREDITCARDNUMBER I-CREDITCARDNUMBER I-CREDITCARDNUMBER O,0.7199999999999999,"[{""type"": ""FIRSTNAME"", ""start"": 0, ""end"": 2, ""text"": ""Luy@@ ến_@@""}, {""type"": ""LASTNAME"", ""start"": 2, ""end"": 3, ""text"": ""Lý""}, {""type"": ""DATE"", ""start"": 14, ""end"": 17, ""text"": ""199@@ 9/@@ 10/10""}, {""type"": ""TIME"", ""start"": 18, ""end"": 22, ""text"": ""08:@@ 30@@ :@@ 01""}, {""type"": ""JOBTYPE"", ""start"": 29, ""end"": 31, ""text"": ""Kỹ_sư phần_mềm""}, {""type"": ""BUILDINGNUMBER"", ""start"": 32, ""end"": 33, ""text"": ""143""}, {""type"": ""STREET"", ""start"": 34, ""end"": 37, ""text"": ""Hẻm 316 Nguyễn_Trãi""}, {""type"": ""CITY"", ""start"": 38, ""end"": 40, ""text"": ""Xã Hạnh_Phúc""}, {""type"": ""STATE"", ""start"": 41, ""end"": 42, ""text"": ""Đắk_Lắk""}, {""type"": ""AMOUNT"", ""start"": 47, ""end"": 50, ""text"": ""24@@ 9@@ 262""}, {""type"": ""CREDITCARDISSUER"", ""start"": 55, ""end"": 57, ""text"": ""master card""}, {""type"": ""MASKEDNUMBER"", ""start"": 57, ""end"": 65, ""text"": ""3@@ 16@@ 95@@ 84@@ 12@@ 43@@ 39@@ 768""}]","[{""type"": ""FIRSTNAME"", ""start"": 0, ""end"": 2, ""text"": ""Luy@@ ến_@@""}, {""type"": ""LASTNAME"", ""start"": 2, ""end"": 3, ""text"": ""Lý""}, {""type"": ""DATE"", ""start"": 14, ""end"": 17, ""text"": ""199@@ 9/@@ 10/10""}, {""type"": ""TIME"", ""start"": 18, ""end"": 22, ""text"": ""08:@@ 30@@ :@@ 01""}, {""type"": ""JOBTITLE"", ""start"": 29, ""end"": 31, ""text"": ""Kỹ_sư phần_mềm""}, {""type"": ""COMPANYNAME"", ""start"": 32, ""end"": 33, ""text"": ""143""}, {""type"": ""STREET"", ""start"": 34, ""end"": 37, ""text"": ""Hẻm 316 Nguyễn_Trãi""}, {""type"": ""CITY"", ""start"": 38, ""end"": 40, ""text"": ""Xã Hạnh_Phúc""}, {""type"": ""STATE"", ""start"": 41, ""end"": 42, ""text"": ""Đắk_Lắk""}, {""type"": ""CURRENCYSYMBOL"", ""start"": 46, ""end"": 47, ""text"": ""$@@""}, {""type"": ""AMOUNT"", ""start"": 47, ""end"": 50, ""text"": ""24@@ 9@@ 262""}, {""type"": ""CREDITCARDISSUER"", ""start"": 55, ""end"": 57, ""text"": ""master card""}, {""type"": ""CREDITCARDNUMBER"", ""start"": 57, ""end"": 65, ""text"": ""3@@ 16@@ 95@@ 84@@ 12@@ 43@@ 39@@ 768""}]",B-FIRSTNAME I-FIRSTNAME B-LASTNAME O O O O O O O O O O O B-DATE I-DATE I-DATE O B-TIME I-TIME I-TIME I-TIME O O O O O O O B-JOBTYPE I-JOBTYPE O B-BUILDINGNUMBER O B-STREET I-STREET I-STREET O B-CITY I-CITY O B-STATE O O O O O B-AMOUNT I-AMOUNT I-AMOUNT O O O O O B-CREDITCARDISSUER I-CREDITCARDISSUER B-MASKEDNUMBER I-MASKEDNUMBER I-MASKEDNUMBER I-MASKEDNUMBER I-MASKEDNUMBER I-MASKEDNUMBER I-MASKEDNUMBER I-MASKEDNUMBER O,B-FIRSTNAME I-FIRSTNAME B-LASTNAME O O O O O O O O O O O B-DATE I-DATE I-DATE O B-TIME I-TIME I-TIME I-TIME O O O O O O O B-JOBTITLE I-JOBTITLE O B-COMPANYNAME O B-STREET I-STREET I-STREET O B-CITY I-CITY O B-STATE O O O O B-CURRENCYSYMBOL B-AMOUNT I-AMOUNT I-AMOUNT O O O O O B-CREDITCARDISSUER I-CREDITCARDISSUER B-CREDITCARDNUMBER I-CREDITCARDNUMBER I-CREDITCARDNUMBER I-CREDITCARDNUMBER I-CREDITCARDNUMBER I-CREDITCARDNUMBER I-CREDITCARDNUMBER I-CREDITCARDNUMBER O,0.8,"[{""type"": ""FIRSTNAME"", ""start"": 0, ""end"": 2, ""text"": ""Luy@@ ến_@@""}, {""type"": ""LASTNAME"", ""start"": 2, ""end"": 3, ""text"": ""Lý""}, {""type"": ""DATE"", ""start"": 14, ""end"": 17, ""text"": ""199@@ 9/@@ 10/10""}, {""type"": ""TIME"", ""start"": 18, ""end"": 22, ""text"": ""08:@@ 30@@ :@@ 01""}, {""type"": ""JOBTYPE"", ""start"": 29, ""end"": 31, ""text"": ""Kỹ_sư phần_mềm""}, {""type"": ""BUILDINGNUMBER"", ""start"": 32, ""end"": 33, ""text"": ""143""}, {""type"": ""STREET"", ""start"": 34, ""end"": 37, ""text"": ""Hẻm 316 Nguyễn_Trãi""}, {""type"": ""CITY"", ""start"": 38, ""end"": 40, ""text"": ""Xã Hạnh_Phúc""}, {""type"": ""STATE"", ""start"": 41, ""end"": 42, ""text"": ""Đắk_Lắk""}, {""type"": ""AMOUNT"", ""start"": 47, ""end"": 50, ""text"": ""24@@ 9@@ 262""}, {""type"": ""CREDITCARDISSUER"", ""start"": 55, ""end"": 57, ""text"": ""master card""}, {""type"": ""MASKEDNUMBER"", ""start"": 57, ""end"": 65, ""text"": ""3@@ 16@@ 95@@ 84@@ 12@@ 43@@ 39@@ 768""}]","[{""type"": ""FIRSTNAME"", ""start"": 0, ""end"": 2, ""text"": ""Luy@@ ến_@@""}, {""type"": ""LASTNAME"", ""start"": 2, ""end"": 3, ""text"": ""Lý""}, {""type"": ""DATE"", ""start"": 14, ""end"": 17, ""text"": ""199@@ 9/@@ 10/10""}, {""type"": ""TIME"", ""start"": 18, ""end"": 22, ""text"": ""08:@@ 30@@ :@@ 01""}, {""type"": ""JOBTITLE"", ""start"": 29, ""end"": 31, ""text"": ""Kỹ_sư phần_mềm""}, {""type"": ""BUILDINGNUMBER"", ""start"": 32, ""end"": 33, ""text"": ""143""}, {""type"": ""STREET"", ""start"": 34, ""end"": 37, ""text"": ""Hẻm 316 Nguyễn_Trãi""}, {""type"": ""CITY"", ""start"": 38, ""end"": 40, ""text"": ""Xã Hạnh_Phúc""}, {""type"": ""STATE"", ""start"": 41, ""end"": 42, ""text"": ""Đắk_Lắk""}, {""type"": ""CURRENCYSYMBOL"", ""start"": 46, ""end"": 47, ""text"": ""$@@""}, {""type"": ""AMOUNT"", ""start"": 47, ""end"": 50, ""text"": ""24@@ 9@@ 262""}, {""type"": ""CREDITCARDISSUER"", ""start"": 55, ""end"": 57, ""text"": ""master card""}, {""type"": ""CREDITCARDNUMBER"", ""start"": 57, ""end"": 65, ""text"": ""3@@ 16@@ 95@@ 84@@ 12@@ 43@@ 39@@ 768""}]",B-FIRSTNAME I-FIRSTNAME B-LASTNAME O O O O O O O O O O O B-DATE I-DATE I-DATE O B-TIME I-TIME I-TIME I-TIME O O O O O O O B-JOBTYPE I-JOBTYPE O B-BUILDINGNUMBER O B-STREET I-STREET I-STREET O B-CITY I-CITY O B-STATE O O O O O B-AMOUNT I-AMOUNT I-AMOUNT O O O O O B-CREDITCARDISSUER I-CREDITCARDISSUER B-MASKEDNUMBER I-MASKEDNUMBER I-MASKEDNUMBER I-MASKEDNUMBER I-MASKEDNUMBER I-MASKEDNUMBER I-MASKEDNUMBER I-MASKEDNUMBER O,B-FIRSTNAME I-FIRSTNAME B-LASTNAME O O O O O O O O O O O B-DATE I-DATE I-DATE O B-TIME I-TIME I-TIME I-TIME O O O O O O O B-JOBTITLE I-JOBTITLE O B-BUILDINGNUMBER O B-STREET I-STREET I-STREET O B-CITY I-CITY O B-STATE O O O O B-CURRENCYSYMBOL B-AMOUNT I-AMOUNT I-AMOUNT O O O O O B-CREDITCARDISSUER I-CREDITCARDISSUER B-CREDITCARDNUMBER I-CREDITCARDNUMBER I-CREDITCARDNUMBER I-CREDITCARDNUMBER I-CREDITCARDNUMBER I-CREDITCARDNUMBER I-CREDITCARDNUMBER I-CREDITCARDNUMBER O,0.8,"[{""type"": ""FIRSTNAME"", ""start"": 0, ""end"": 3, ""text"": ""▁Lu y ến""}, {""type"": ""LASTNAME"", ""start"": 3, ""end"": 4, ""text"": ""▁Lý""}, {""type"": ""DATE"", ""start"": 19, ""end"": 22, ""text"": ""▁1999 /10/ 10""}, {""type"": ""TIME"", ""start"": 23, ""end"": 27, ""text"": ""▁08 : 30 :01""}, {""type"": ""JOBTYPE"", ""start"": 37, ""end"": 41, ""text"": ""▁Kỹ ▁sư ▁phần ▁mềm""}, {""type"": ""BUILDINGNUMBER"", ""start"": 42, ""end"": 43, ""text"": ""▁143""}, {""type"": ""STREET"", ""start"": 44, ""end"": 52, ""text"": ""▁H ẻ m ▁316 ▁Nguyễn ▁Tr ã i""}, {""type"": ""CITY"", ""start"": 53, ""end"": 56, ""text"": ""▁Xã ▁Hạnh ▁Phúc""}, {""type"": ""STATE"", ""start"": 57, ""end"": 63, ""text"": ""▁Đ ắ k ▁L ắ k""}, {""type"": ""AMOUNT"", ""start"": 69, ""end"": 71, ""text"": ""492 62""}, {""type"": ""CREDITCARDISSUER"", ""start"": 77, ""end"": 79, ""text"": ""▁master ▁card""}, {""type"": ""MASKEDNUMBER"", ""start"": 79, ""end"": 85, ""text"": ""▁31 695 84 124 339 768""}]","[{""type"": ""FIRSTNAME"", ""start"": 0, ""end"": 3, ""text"": ""▁Lu y ến""}, {""type"": ""LASTNAME"", ""start"": 3, ""end"": 4, ""text"": ""▁Lý""}, {""type"": ""DATE"", ""start"": 19, ""end"": 22, ""text"": ""▁1999 /10/ 10""}, {""type"": ""TIME"", ""start"": 23, ""end"": 27, ""text"": ""▁08 : 30 :01""}, {""type"": ""JOBTITLE"", ""start"": 37, ""end"": 41, ""text"": ""▁Kỹ ▁sư ▁phần ▁mềm""}, {""type"": ""BUILDINGNUMBER"", ""start"": 42, ""end"": 43, ""text"": ""▁143""}, {""type"": ""STREET"", ""start"": 44, ""end"": 52, ""text"": ""▁H ẻ m ▁316 ▁Nguyễn ▁Tr ã i""}, {""type"": ""CITY"", ""start"": 53, ""end"": 56, ""text"": ""▁Xã ▁Hạnh ▁Phúc""}, {""type"": ""STATE"", ""start"": 57, ""end"": 63, ""text"": ""▁Đ ắ k ▁L ắ k""}, {""type"": ""CURRENCYSYMBOL"", ""start"": 68, ""end"": 69, ""text"": ""▁$2""}, {""type"": ""AMOUNT"", ""start"": 69, ""end"": 71, ""text"": ""492 62""}, {""type"": ""CREDITCARDISSUER"", ""start"": 77, ""end"": 79, ""text"": ""▁master ▁card""}, {""type"": ""CREDITCARDNUMBER"", ""start"": 79, ""end"": 85, ""text"": ""▁31 695 84 124 339 768""}]",B-FIRSTNAME I-FIRSTNAME I-FIRSTNAME B-LASTNAME O O O O O O O O O O O O O O O B-DATE I-DATE I-DATE O B-TIME I-TIME I-TIME I-TIME O O O O O O O O O O B-JOBTYPE I-JOBTYPE I-JOBTYPE I-JOBTYPE O B-BUILDINGNUMBER O B-STREET I-STREET I-STREET I-STREET I-STREET I-STREET I-STREET I-STREET O B-CITY I-CITY I-CITY O B-STATE I-STATE I-STATE I-STATE I-STATE I-STATE O O O O O O I-AMOUNT I-AMOUNT O O O O O O B-CREDITCARDISSUER I-CREDITCARDISSUER B-MASKEDNUMBER I-MASKEDNUMBER I-MASKEDNUMBER I-MASKEDNUMBER I-MASKEDNUMBER I-MASKEDNUMBER O,B-FIRSTNAME I-FIRSTNAME I-FIRSTNAME B-LASTNAME O O O O O O O O O O O O O O O B-DATE I-DATE I-DATE O B-TIME I-TIME I-TIME I-TIME O O O O O O O O O O B-JOBTITLE I-JOBTITLE I-JOBTITLE I-JOBTITLE O B-BUILDINGNUMBER O B-STREET I-STREET I-STREET I-STREET I-STREET I-STREET I-STREET I-STREET O B-CITY I-CITY I-CITY O B-STATE I-STATE I-STATE I-STATE I-STATE I-STATE O O O O O B-CURRENCYSYMBOL I-AMOUNT I-AMOUNT O O O O O O B-CREDITCARDISSUER I-CREDITCARDISSUER B-CREDITCARDNUMBER I-CREDITCARDNUMBER I-CREDITCARDNUMBER I-CREDITCARDNUMBER I-CREDITCARDNUMBER I-CREDITCARDNUMBER O
4182,"Đại diện của Châu Thành Dental Care: Thông báo một lần rất mềm mại về lịch hẹn bạn với đ dentist lần này trên 02/02/2001. Nếu bạn có bất kỳ câu hỏi nào hoặc cần huỷ lịch hẹn, vui lòng liên hệ với chúng tôi qua số điện thoại đã được đóng gói: 6898987828602038. Cảm ơn, Kiên Hải Dental Care.",True,0.2,"[{""type"": ""COMPANYNAME"", ""start"": 2, ""end"": 3, ""text"": ""Châu_Thành""}, {""type"": ""DOB"", ""start"": 25, ""end"": 28, ""text"": ""02/@@ 02/@@ 2001""}, {""type"": ""MASKEDNUMBER"", ""start"": 53, ""end"": 61, ""text"": ""68@@ 98@@ 98@@ 78@@ 28@@ 60@@ 20@@ 38""}, {""type"": ""COMPANYNAME"", ""start"": 64, ""end"": 66, ""text"": ""Kiên_@@ Hải""}]","[{""type"": ""COMPANYNAME"", ""start"": 2, ""end"": 4, ""text"": ""Châu_Thành D@@""}, {""type"": ""DATE"", ""start"": 25, ""end"": 28, ""text"": ""02/@@ 02/@@ 2001""}, {""type"": ""MASKEDNUMBER"", ""start"": 53, ""end"": 61, ""text"": ""68@@ 98@@ 98@@ 78@@ 28@@ 60@@ 20@@ 38""}, {""type"": ""FIRSTNAME"", ""start"": 64, ""end"": 65, ""text"": ""Kiên_@@""}, {""type"": ""MIDDLENAME"", ""start"": 65, ""end"": 66, ""text"": ""Hải""}, {""type"": ""LASTNAME"", ""start"": 66, ""end"": 67, ""text"": ""D@@""}]",O O B-COMPANYNAME O O O O O O O O O O O O O O O O O O O O O O B-DOB I-DOB I-DOB O O O O O O O O O O O O O O O O O O O O O O O O O B-MASKEDNUMBER I-MASKEDNUMBER I-MASKEDNUMBER I-MASKEDNUMBER I-MASKEDNUMBER I-MASKEDNUMBER I-MASKEDNUMBER I-MASKEDNUMBER O O O B-COMPANYNAME I-COMPANYNAME O O O O O,O O B-COMPANYNAME I-COMPANYNAME O O O O O O O O O O O O O O O O O O O O O B-DATE I-DATE I-DATE O O O O O O O O O O O O O O O O O O O O O O O O O B-MASKEDNUMBER I-MASKEDNUMBER I-MASKEDNUMBER I-MASKEDNUMBER I-MASKEDNUMBER I-MASKEDNUMBER I-MASKEDNUMBER I-MASKEDNUMBER O O O B-FIRSTNAME B-MIDDLENAME I-LASTNAME O O O O,0.25,"[{""type"": ""COMPANYNAME"", ""start"": 2, ""end"": 3, ""text"": ""Châu_Thành""}, {""type"": ""DOB"", ""start"": 25, ""end"": 28, ""text"": ""02/@@ 02/@@ 2001""}, {""type"": ""MASKEDNUMBER"", ""start"": 53, ""end"": 61, ""text"": ""68@@ 98@@ 98@@ 78@@ 28@@ 60@@ 20@@ 38""}, {""type"": ""COMPANYNAME"", ""start"": 64, ""end"": 66, ""text"": ""Kiên_@@ Hải""}]","[{""type"": ""COMPANYNAME"", ""start"": 2, ""end"": 4, ""text"": ""Châu_Thành D@@""}, {""type"": ""DATE"", ""start"": 25, ""end"": 28, ""text"": ""02/@@ 02/@@ 2001""}, {""type"": ""MASKEDNUMBER"", ""start"": 53, ""end"": 61, ""text"": ""68@@ 98@@ 98@@ 78@@ 28@@ 60@@ 20@@ 38""}, {""type"": ""VEHICLEVRM"", ""start"": 64, ""end"": 69, ""text"": ""Kiên_@@ Hải D@@ ent@@ al_C@@""}]",O O B-COMPANYNAME O O O O O O O O O O O O O O O O O O O O O O B-DOB I-DOB I-DOB O O O O O O O O O O O O O O O O O O O O O O O O O B-MASKEDNUMBER I-MASKEDNUMBER I-MASKEDNUMBER I-MASKEDNUMBER I-MASKEDNUMBER I-MASKEDNUMBER I-MASKEDNUMBER I-MASKEDNUMBER O O O B-COMPANYNAME I-COMPANYNAME O O O O O,O O B-COMPANYNAME I-COMPANYNAME O O O O O O O O O O O O O O O O O O O O O B-DATE I-DATE I-DATE O O O O O O O O O O O O O O O O O O O O O O O O O B-MASKEDNUMBER I-MASKEDNUMBER I-MASKEDNUMBER I-MASKEDNUMBER I-MASKEDNUMBER I-MASKEDNUMBER I-MASKEDNUMBER I-MASKEDNUMBER O O O B-VEHICLEVRM I-VEHICLEVRM I-VEHICLEVRM I-VEHICLEVRM I-VEHICLEVRM O O,0.6666666666666665,"[{""type"": ""COMPANYNAME"", ""start"": 2, ""end"": 3, ""text"": ""Châu_Thành""}, {""type"": ""DOB"", ""start"": 25, ""end"": 28, ""text"": ""02/@@ 02/@@ 2001""}, {""type"": ""MASKEDNUMBER"", ""start"": 53, ""end"": 61, ""text"": ""68@@ 98@@ 98@@ 78@@ 28@@ 60@@ 20@@ 38""}, {""type"": ""COMPANYNAME"", ""start"": 64, ""end"": 66, ""text"": ""Kiên_@@ Hải""}]","[{""type"": ""COMPANYNAME"", ""start"": 2, ""end"": 3, ""text"": ""Châu_Thành""}, {""type"": ""CURRENCYSYMBOL"", ""start"": 18, ""end"": 19, ""text"": ""đ""}, {""type"": ""DATE"", ""start"": 25, ""end"": 28, ""text"": ""02/@@ 02/@@ 2001""}, {""type"": ""MASKEDNUMBER"", ""start"": 53, ""end"": 61, ""text"": ""68@@ 98@@ 98@@ 78@@ 28@@ 60@@ 20@@ 38""}, {""type"": ""COMPANYNAME"", ""start"": 64, ""end"": 66, ""text"": ""Kiên_@@ Hải""}]",O O B-COMPANYNAME O O O O O O O O O O O O O O O O O O O O O O B-DOB I-DOB I-DOB O O O O O O O O O O O O O O O O O O O O O O O O O B-MASKEDNUMBER I-MASKEDNUMBER I-MASKEDNUMBER I-MASKEDNUMBER I-MASKEDNUMBER I-MASKEDNUMBER I-MASKEDNUMBER I-MASKEDNUMBER O O O B-COMPANYNAME I-COMPANYNAME O O O O O,O O B-COMPANYNAME O O O O O O O O O O O O O O O B-CURRENCYSYMBOL O O O O O O B-DATE I-DATE I-DATE O O O O O O O O O O O O O O O O O O O O O O O O O B-MASKEDNUMBER I-MASKEDNUMBER I-MASKEDNUMBER I-MASKEDNUMBER I-MASKEDNUMBER I-MASKEDNUMBER I-MASKEDNUMBER I-MASKEDNUMBER O O O B-COMPANYNAME I-COMPANYNAME O O O O O,0.6666666666666665,"[{""type"": ""COMPANYNAME"", ""start"": 3, ""end"": 5, ""text"": ""▁Châu ▁Thành""}, {""type"": ""DOB"", ""start"": 26, ""end"": 29, ""text"": ""▁02 /02/ 2001""}, {""type"": ""MASKEDNUMBER"", ""start"": 61, ""end"": 68, ""text"": ""▁68 989 878 28 60 20 38""}, {""type"": ""COMPANYNAME"", ""start"": 72, ""end"": 75, ""text"": ""▁Ki ên ▁Hải""}]","[{""type"": ""COMPANYNAME"", ""start"": 3, ""end"": 5, ""text"": ""▁Châu ▁Thành""}, {""type"": ""CURRENCYSYMBOL"", ""start"": 21, ""end"": 22, ""text"": ""▁đ""}, {""type"": ""DATE"", ""start"": 26, ""end"": 29, ""text"": ""▁02 /02/ 2001""}, {""type"": ""MASKEDNUMBER"", ""start"": 61, ""end"": 68, ""text"": ""▁68 989 878 28 60 20 38""}, {""type"": ""COMPANYNAME"", ""start"": 72, ""end"": 75, ""text"": ""▁Ki ên ▁Hải""}]",O O O B-COMPANYNAME I-COMPANYNAME O O O O O O O O O O O O O O O O O O O O O B-DOB I-DOB I-DOB O O O O O O O O O O O O O O O O O O O O O O O O O O O O O O O O B-MASKEDNUMBER I-MASKEDNUMBER I-MASKEDNUMBER I-MASKEDNUMBER I-MASKEDNUMBER I-MASKEDNUMBER I-MASKEDNUMBER O O O O B-COMPANYNAME I-COMPANYNAME I-COMPANYNAME O O O O,O O O B-COMPANYNAME I-COMPANYNAME O O O O O O O O O O O O O O O O B-CURRENCYSYMBOL O O O O B-DATE I-DATE I-DATE O O O O O O O O O O O O O O O O O O O O O O O O O O O O O O O O B-MASKEDNUMBER I-MASKEDNUMBER I-MASKEDNUMBER I-MASKEDNUMBER I-MASKEDNUMBER I-MASKEDNUMBER I-MASKEDNUMBER O O O O B-COMPANYNAME I-COMPANYNAME I-COMPANYNAME O O O O
4192,Đã có sự gia tăng rõ rệt về các rối loạn sức khỏe tâm thần ở nữ. Trung bình 55 đã tăng lên một cách đáng kể. Các phát hiện hiện tại cho thấy có sự thiên hướng di truyền liên quan đến nam có tiền sử gia đình mắc phải. Xin vui lòng tham gia hội thảo trực tuyến của chúng tôi vào ngày 26/02/1975. Sử dụng 2022078912497211.,True,0.8000000000000002,"[{""type"": ""GENDER"", ""start"": 11, ""end"": 12, ""text"": ""nữ""}, {""type"": ""AGE"", ""start"": 14, ""end"": 15, ""text"": ""55""}, {""type"": ""GENDER"", ""start"": 32, ""end"": 33, ""text"": ""nam""}, {""type"": ""DATE"", ""start"": 48, ""end"": 51, ""text"": ""26/@@ 02/@@ 1975""}, {""type"": ""CREDITCARDNUMBER"", ""start"": 53, ""end"": 61, ""text"": ""20@@ 220@@ 78@@ 9@@ 12@@ 4@@ 97@@ 211""}]","[{""type"": ""GENDER"", ""start"": 11, ""end"": 12, ""text"": ""nữ""}, {""type"": ""USERNAME"", ""start"": 13, ""end"": 15, ""text"": ""Trung_bình 55""}, {""type"": ""GENDER"", ""start"": 32, ""end"": 33, ""text"": ""nam""}, {""type"": ""DATE"", ""start"": 48, ""end"": 51, ""text"": ""26/@@ 02/@@ 1975""}, {""type"": ""CREDITCARDNUMBER"", ""start"": 53, ""end"": 61, ""text"": ""20@@ 220@@ 78@@ 9@@ 12@@ 4@@ 97@@ 211""}]",O O O O O O O O O O O B-GENDER O O B-AGE O O O O O O O O O O O O O O O O O B-GENDER O O O O O O O O O O O O O O O B-DATE I-DATE I-DATE O O B-CREDITCARDNUMBER I-CREDITCARDNUMBER I-CREDITCARDNUMBER I-CREDITCARDNUMBER I-CREDITCARDNUMBER I-CREDITCARDNUMBER I-CREDITCARDNUMBER I-CREDITCARDNUMBER O,O O O O O O O O O O O B-GENDER O B-USERNAME I-USERNAME O O O O O O O O O O O O O O O O O B-GENDER O O O O O O O O O O O O O O O B-DATE I-DATE I-DATE O O B-CREDITCARDNUMBER I-CREDITCARDNUMBER I-CREDITCARDNUMBER I-CREDITCARDNUMBER I-CREDITCARDNUMBER I-CREDITCARDNUMBER I-CREDITCARDNUMBER I-CREDITCARDNUMBER O,0.8000000000000002,"[{""type"": ""GENDER"", ""start"": 11, ""end"": 12, ""text"": ""nữ""}, {""type"": ""AGE"", ""start"": 14, ""end"": 15, ""text"": ""55""}, {""type"": ""GENDER"", ""start"": 32, ""end"": 33, ""text"": ""nam""}, {""type"": ""DATE"", ""start"": 48, ""end"": 51, ""text"": ""26/@@ 02/@@ 1975""}, {""type"": ""CREDITCARDNUMBER"", ""start"": 53, ""end"": 61, ""text"": ""20@@ 220@@ 78@@ 9@@ 12@@ 4@@ 97@@ 211""}]","[{""type"": ""GENDER"", ""start"": 11, ""end"": 12, ""text"": ""nữ""}, {""type"": ""AGE"", ""start"": 14, ""end"": 15, ""text"": ""55""}, {""type"": ""GENDER"", ""start"": 32, ""end"": 33, ""text"": ""nam""}, {""type"": ""DOB"", ""start"": 48, ""end"": 51, ""text"": ""26/@@ 02/@@ 1975""}, {""type"": ""CREDITCARDNUMBER"", ""start"": 53, ""end"": 61, ""text"": ""20@@ 220@@ 78@@ 9@@ 12@@ 4@@ 97@@ 211""}]",O O O O O O O O O O O B-GENDER O O B-AGE O O O O O O O O O O O O O O O O O B-GENDER O O O O O O O O O O O O O O O B-DATE I-DATE I-DATE O O B-CREDITCARDNUMBER I-CREDITCARDNUMBER I-CREDITCARDNUMBER I-CREDITCARDNUMBER I-CREDITCARDNUMBER I-CREDITCARDNUMBER I-CREDITCARDNUMBER I-CREDITCARDNUMBER O,O O O O O O O O O O O B-GENDER O O B-AGE O O O O O O O O O O O O O O O O O B-GENDER O O O O O O O O O O O O O O O B-DOB I-DOB I-DOB O O B-CREDITCARDNUMBER I-CREDITCARDNUMBER I-CREDITCARDNUMBER I-CREDITCARDNUMBER I-CREDITCARDNUMBER I-CREDITCARDNUMBER I-CREDITCARDNUMBER I-CREDITCARDNUMBER O,0.8000000000000002,"[{""type"": ""GENDER"", ""start"": 11, ""end"": 12, ""text"": ""nữ""}, {""type"": ""AGE"", ""start"": 14, ""end"": 15, ""text"": ""55""}, {""type"": ""GENDER"", ""start"": 32, ""end"": 33, ""text"": ""nam""}, {""type"": ""DATE"", ""start"": 48, ""end"": 51, ""text"": ""26/@@ 02/@@ 1975""}, {""type"": ""CREDITCARDNUMBER"", ""start"": 53, ""end"": 61, ""text"": ""20@@ 220@@ 78@@ 9@@ 12@@ 4@@ 97@@ 211""}]","[{""type"": ""GENDER"", ""start"": 11, ""end"": 12, ""text"": ""nữ""}, {""type"": ""AGE"", ""start"": 14, ""end"": 15, ""text"": ""55""}, {""type"": ""GENDER"", ""start"": 32, ""end"": 33, ""text"": ""nam""}, {""type"": ""DOB"", ""start"": 48, ""end"": 51, ""text"": ""26/@@ 02/@@ 1975""}, {""type"": ""CREDITCARDNUMBER"", ""start"": 53, ""end"": 61, ""text"": ""20@@ 220@@ 78@@ 9@@ 12@@ 4@@ 97@@ 211""}]",O O O O O O O O O O O B-GENDER O O B-AGE O O O O O O O O O O O O O O O O O B-GENDER O O O O O O O O O O O O O O O B-DATE I-DATE I-DATE O O B-CREDITCARDNUMBER I-CREDITCARDNUMBER I-CREDITCARDNUMBER I-CREDITCARDNUMBER I-CREDITCARDNUMBER I-CREDITCARDNUMBER I-CREDITCARDNUMBER I-CREDITCARDNUMBER O,O O O O O O O O O O O B-GENDER O O B-AGE O O O O O O O O O O O O O O O O O B-GENDER O O O O O O O O O O O O O O O B-DOB I-DOB I-DOB O O B-CREDITCARDNUMBER I-CREDITCARDNUMBER I-CREDITCARDNUMBER I-CREDITCARDNUMBER I-CREDITCARDNUMBER I-CREDITCARDNUMBER I-CREDITCARDNUMBER I-CREDITCARDNUMBER O,0.7272727272727272,"[{""type"": ""GENDER"", ""start"": 17, ""end"": 18, ""text"": ""▁nữ""}, {""type"": ""AGE"", ""start"": 21, ""end"": 22, ""text"": ""▁55""}, {""type"": ""GENDER"", ""start"": 46, ""end"": 47, ""text"": ""▁nam""}, {""type"": ""DATE"", ""start"": 69, ""end"": 72, ""text"": ""▁26 /02/ 1975""}, {""type"": ""CREDITCARDNUMBER"", ""start"": 75, ""end"": 82, ""text"": ""▁20 220 789 12 497 2 11""}]","[{""type"": ""GENDER"", ""start"": 17, ""end"": 18, ""text"": ""▁nữ""}, {""type"": ""AGE"", ""start"": 21, ""end"": 22, ""text"": ""▁55""}, {""type"": ""GENDER"", ""start"": 46, ""end"": 47, ""text"": ""▁nam""}, {""type"": ""DATE"", ""start"": 69, ""end"": 70, ""text"": ""▁26""}, {""type"": ""DOB"", ""start"": 70, ""end"": 72, ""text"": ""/02/ 1975""}, {""type"": ""CREDITCARDNUMBER"", ""start"": 75, ""end"": 82, ""text"": ""▁20 220 789 12 497 2 11""}]",O O O O O O O O O O O O O O O O O B-GENDER O O O B-AGE O O O O O O O O O O O O O O O O O O O O O O O O B-GENDER O O O O O O O O O O O O O O O O O O O O O O B-DATE I-DATE I-DATE O O O B-CREDITCARDNUMBER I-CREDITCARDNUMBER I-CREDITCARDNUMBER I-CREDITCARDNUMBER I-CREDITCARDNUMBER I-CREDITCARDNUMBER I-CREDITCARDNUMBER O,O O O O O O O O O O O O O O O O O B-GENDER O O O B-AGE O O O O O O O O O O O O O O O O O O O O O O O O B-GENDER O O O O O O O O O O O O O O O O O O O O O O B-DATE I-DOB I-DOB O O O B-CREDITCARDNUMBER I-CREDITCARDNUMBER I-CREDITCARDNUMBER I-CREDITCARDNUMBER I-CREDITCARDNUMBER I-CREDITCARDNUMBER I-CREDITCARDNUMBER O
4197,"Payment notice for Nhung, could you please confirm your DK4889040083608911 and XKZMTKBOXXX? Please send the verification to admin@peertutor.com.",True,0.8571428571428571,"[{""type"": ""FIRSTNAME"", ""start"": 5, ""end"": 6, ""text"": ""Nhung""}, {""type"": ""IBAN"", ""start"": 17, ""end"": 26, ""text"": ""DK@@ 48@@ 8@@ 90@@ 400@@ 83@@ 60@@ 8@@ 911""}, {""type"": ""BIC"", ""start"": 27, ""end"": 34, ""text"": ""XK@@ Z@@ MT@@ K@@ BO@@ X@@ XX""}]","[{""type"": ""FIRSTNAME"", ""start"": 5, ""end"": 6, ""text"": ""Nhung""}, {""type"": ""IBAN"", ""start"": 17, ""end"": 26, ""text"": ""DK@@ 48@@ 8@@ 90@@ 400@@ 83@@ 60@@ 8@@ 911""}, {""type"": ""BIC"", ""start"": 27, ""end"": 34, ""text"": ""XK@@ Z@@ MT@@ K@@ BO@@ X@@ XX""}, {""type"": ""EMAIL"", ""start"": 44, ""end"": 52, ""text"": ""ad@@ min@@ @@@ pe@@ er@@ tu@@ tor@@ .com.""}]",O O O O O B-FIRSTNAME O O O O O O O O O O O B-IBAN I-IBAN I-IBAN I-IBAN I-IBAN I-IBAN I-IBAN I-IBAN I-IBAN O B-BIC I-BIC I-BIC I-BIC I-BIC I-BIC I-BIC O O O O O O O O O O O O O O O O O O,O O O O O B-FIRSTNAME O O O O O O O O O O O B-IBAN I-IBAN I-IBAN I-IBAN I-IBAN I-IBAN I-IBAN I-IBAN I-IBAN O B-BIC I-BIC I-BIC I-BIC I-BIC I-BIC I-BIC O O O O O O O O O O B-EMAIL I-EMAIL I-EMAIL I-EMAIL I-EMAIL I-EMAIL I-EMAIL I-EMAIL,0.8571428571428571,"[{""type"": ""FIRSTNAME"", ""start"": 5, ""end"": 6, ""text"": ""Nhung""}, {""type"": ""IBAN"", ""start"": 17, ""end"": 26, ""text"": ""DK@@ 48@@ 8@@ 90@@ 400@@ 83@@ 60@@ 8@@ 911""}, {""type"": ""BIC"", ""start"": 27, ""end"": 34, ""text"": ""XK@@ Z@@ MT@@ K@@ BO@@ X@@ XX""}]","[{""type"": ""FIRSTNAME"", ""start"": 5, ""end"": 6, ""text"": ""Nhung""}, {""type"": ""IBAN"", ""start"": 17, ""end"": 26, ""text"": ""DK@@ 48@@ 8@@ 90@@ 400@@ 83@@ 60@@ 8@@ 911""}, {""type"": ""BIC"", ""start"": 27, ""end"": 34, ""text"": ""XK@@ Z@@ MT@@ K@@ BO@@ X@@ XX""}, {""type"": ""EMAIL"", ""start"": 47, ""end"": 52, ""text"": ""pe@@ er@@ tu@@ tor@@ .com.""}]",O O O O O B-FIRSTNAME O O O O O O O O O O O B-IBAN I-IBAN I-IBAN I-IBAN I-IBAN I-IBAN I-IBAN I-IBAN I-IBAN O B-BIC I-BIC I-BIC I-BIC I-BIC I-BIC I-BIC O O O O O O O O O O O O O O O O O O,O O O O O B-FIRSTNAME O O O O O O O O O O O B-IBAN I-IBAN I-IBAN I-IBAN I-IBAN I-IBAN I-IBAN I-IBAN I-IBAN O B-BIC I-BIC I-BIC I-BIC I-BIC I-BIC I-BIC O O O O O O O O O O O O O B-EMAIL I-EMAIL I-EMAIL I-EMAIL I-EMAIL,0.8571428571428571,"[{""type"": ""FIRSTNAME"", ""start"": 5, ""end"": 6, ""text"": ""Nhung""}, {""type"": ""IBAN"", ""start"": 17, ""end"": 26, ""text"": ""DK@@ 48@@ 8@@ 90@@ 400@@ 83@@ 60@@ 8@@ 911""}, {""type"": ""BIC"", ""start"": 27, ""end"": 34, ""text"": ""XK@@ Z@@ MT@@ K@@ BO@@ X@@ XX""}]","[{""type"": ""FIRSTNAME"", ""start"": 5, ""end"": 6, ""text"": ""Nhung""}, {""type"": ""IBAN"", ""start"": 17, ""end"": 26, ""text"": ""DK@@ 48@@ 8@@ 90@@ 400@@ 83@@ 60@@ 8@@ 911""}, {""type"": ""BIC"", ""start"": 27, ""end"": 34, ""text"": ""XK@@ Z@@ MT@@ K@@ BO@@ X@@ XX""}, {""type"": ""EMAIL"", ""start"": 45, ""end"": 52, ""text"": ""min@@ @@@ pe@@ er@@ tu@@ tor@@ .com.""}]",O O O O O B-FIRSTNAME O O O O O O O O O O O B-IBAN I-IBAN I-IBAN I-IBAN I-IBAN I-IBAN I-IBAN I-IBAN I-IBAN O B-BIC I-BIC I-BIC I-BIC I-BIC I-BIC I-BIC O O O O O O O O O O O O O O O O O O,O O O O O B-FIRSTNAME O O O O O O O O O O O B-IBAN I-IBAN I-IBAN I-IBAN I-IBAN I-IBAN I-IBAN I-IBAN I-IBAN O B-BIC I-BIC I-BIC I-BIC I-BIC I-BIC I-BIC O O O O O O O O O O O I-EMAIL I-EMAIL I-EMAIL I-EMAIL I-EMAIL I-EMAIL I-EMAIL,0.8571428571428571,"[{""type"": ""FIRSTNAME"", ""start"": 4, ""end"": 6, ""text"": ""▁N hung""}, {""type"": ""IBAN"", ""start"": 12, ""end"": 20, ""text"": ""▁DK 488 90 400 8 360 89 11""}, {""type"": ""BIC"", ""start"": 21, ""end"": 27, ""text"": ""▁X KZ M TK BO XXX""}]","[{""type"": ""FIRSTNAME"", ""start"": 4, ""end"": 6, ""text"": ""▁N hung""}, {""type"": ""IBAN"", ""start"": 12, ""end"": 20, ""text"": ""▁DK 488 90 400 8 360 89 11""}, {""type"": ""BIC"", ""start"": 21, ""end"": 27, ""text"": ""▁X KZ M TK BO XXX""}, {""type"": ""EMAIL"", ""start"": 34, ""end"": 42, ""text"": ""▁admin @ pe er tu tor . com""}]",O O O O B-FIRSTNAME I-FIRSTNAME O O O O O O B-IBAN I-IBAN I-IBAN I-IBAN I-IBAN I-IBAN I-IBAN I-IBAN O B-BIC I-BIC I-BIC I-BIC I-BIC I-BIC O O O O O O O O O O O O O O O O,O O O O B-FIRSTNAME I-FIRSTNAME O O O O O O B-IBAN I-IBAN I-IBAN I-IBAN I-IBAN I-IBAN I-IBAN I-IBAN O B-BIC I-BIC I-BIC I-BIC I-BIC I-BIC O O O O O O O B-EMAIL I-EMAIL I-EMAIL I-EMAIL I-EMAIL I-EMAIL I-EMAIL I-EMAIL O
4202,Cần sắp xếp cho cuộc hẹn vào lúc mười hai giờ mười lăm phút trưa cho bệnh nhân Bác Thị. Cần được xử lý bởi Họa sĩ Thư ký.,True,0.6666666666666665,"[{""type"": ""TIME"", ""start"": 7, ""end"": 12, ""text"": ""mười_hai giờ mười_lăm phút trưa""}, {""type"": ""PREFIX"", ""start"": 14, ""end"": 15, ""text"": ""Bác""}, {""type"": ""MIDDLENAME"", ""start"": 15, ""end"": 16, ""text"": ""Thị""}, {""type"": ""JOBTYPE"", ""start"": 21, ""end"": 22, ""text"": ""Hoạ_sĩ""}, {""type"": ""JOBTITLE"", ""start"": 22, ""end"": 23, ""text"": ""Thư_ký""}]","[{""type"": ""TIME"", ""start"": 7, ""end"": 12, ""text"": ""mười_hai giờ mười_lăm phút trưa""}, {""type"": ""PREFIX"", ""start"": 14, ""end"": 15, ""text"": ""Bác""}, {""type"": ""MIDDLENAME"", ""start"": 15, ""end"": 16, ""text"": ""Thị""}, {""type"": ""JOBTYPE"", ""start"": 21, ""end"": 23, ""text"": ""Hoạ_sĩ Thư_ký""}]",O O O O O O O B-TIME I-TIME I-TIME I-TIME I-TIME O O B-PREFIX B-MIDDLENAME O O O O O B-JOBTYPE B-JOBTITLE O,O O O O O O O B-TIME I-TIME I-TIME I-TIME I-TIME O O B-PREFIX B-MIDDLENAME O O O O O B-JOBTYPE I-JOBTYPE O,0.6666666666666665,"[{""type"": ""TIME"", ""start"": 7, ""end"": 12, ""text"": ""mười_hai giờ mười_lăm phút trưa""}, {""type"": ""PREFIX"", ""start"": 14, ""end"": 15, ""text"": ""Bác""}, {""type"": ""MIDDLENAME"", ""start"": 15, ""end"": 16, ""text"": ""Thị""}, {""type"": ""JOBTYPE"", ""start"": 21, ""end"": 22, ""text"": ""Hoạ_sĩ""}, {""type"": ""JOBTITLE"", ""start"": 22, ""end"": 23, ""text"": ""Thư_ký""}]","[{""type"": ""TIME"", ""start"": 7, ""end"": 12, ""text"": ""mười_hai giờ mười_lăm phút trưa""}, {""type"": ""PREFIX"", ""start"": 14, ""end"": 15, ""text"": ""Bác""}, {""type"": ""MIDDLENAME"", ""start"": 15, ""end"": 16, ""text"": ""Thị""}, {""type"": ""JOBTYPE"", ""start"": 21, ""end"": 23, ""text"": ""Hoạ_sĩ Thư_ký""}]",O O O O O O O B-TIME I-TIME I-TIME I-TIME I-TIME O O B-PREFIX B-MIDDLENAME O O O O O B-JOBTYPE B-JOBTITLE O,O O O O O O O B-TIME I-TIME I-TIME I-TIME I-TIME O O B-PREFIX B-MIDDLENAME O O O O O B-JOBTYPE I-JOBTYPE O,0.8000000000000002,"[{""type"": ""TIME"", ""start"": 7, ""end"": 12, ""text"": ""mười_hai giờ mười_lăm phút trưa""}, {""type"": ""PREFIX"", ""start"": 14, ""end"": 15, ""text"": ""Bác""}, {""type"": ""MIDDLENAME"", ""start"": 15, ""end"": 16, ""text"": ""Thị""}, {""type"": ""JOBTYPE"", ""start"": 21, ""end"": 22, ""text"": ""Hoạ_sĩ""}, {""type"": ""JOBTITLE"", ""start"": 22, ""end"": 23, ""text"": ""Thư_ký""}]","[{""type"": ""TIME"", ""start"": 7, ""end"": 12, ""text"": ""mười_hai giờ mười_lăm phút trưa""}, {""type"": ""PREFIX"", ""start"": 14, ""end"": 15, ""text"": ""Bác""}, {""type"": ""MIDDLENAME"", ""start"": 15, ""end"": 16, ""text"": ""Thị""}, {""type"": ""JOBTYPE"", ""start"": 21, ""end"": 22, ""text"": ""Hoạ_sĩ""}, {""type"": ""JOBAREA"", ""start"": 22, ""end"": 23, ""text"": ""Thư_ký""}]",O O O O O O O B-TIME I-TIME I-TIME I-TIME I-TIME O O B-PREFIX B-MIDDLENAME O O O O O B-JOBTYPE B-JOBTITLE O,O O O O O O O B-TIME I-TIME I-TIME I-TIME I-TIME O O B-PREFIX B-MIDDLENAME O O O O O B-JOBTYPE B-JOBAREA O,0.6666666666666665,"[{""type"": ""TIME"", ""start"": 8, ""end"": 16, ""text"": ""▁mười ▁hai ▁giờ ▁mười ▁l ăm ▁phút ▁trưa""}, {""type"": ""PREFIX"", ""start"": 19, ""end"": 20, ""text"": ""▁Bác""}, {""type"": ""MIDDLENAME"", ""start"": 20, ""end"": 21, ""text"": ""▁Thị""}, {""type"": ""JOBTYPE"", ""start"": 27, ""end"": 30, ""text"": ""▁Họ a ▁sĩ""}, {""type"": ""JOBTITLE"", ""start"": 30, ""end"": 32, ""text"": ""▁Thư ▁ký""}]","[{""type"": ""TIME"", ""start"": 8, ""end"": 16, ""text"": ""▁mười ▁hai ▁giờ ▁mười ▁l ăm ▁phút ▁trưa""}, {""type"": ""PREFIX"", ""start"": 19, ""end"": 20, ""text"": ""▁Bác""}, {""type"": ""MIDDLENAME"", ""start"": 20, ""end"": 21, ""text"": ""▁Thị""}, {""type"": ""JOBTYPE"", ""start"": 27, ""end"": 32, ""text"": ""▁Họ a ▁sĩ ▁Thư ▁ký""}]",O O O O O O O O B-TIME I-TIME I-TIME I-TIME I-TIME I-TIME I-TIME I-TIME O O O B-PREFIX B-MIDDLENAME O O O O O O B-JOBTYPE I-JOBTYPE I-JOBTYPE B-JOBTITLE I-JOBTITLE O,O O O O O O O O B-TIME I-TIME I-TIME I-TIME I-TIME I-TIME I-TIME I-TIME O O O B-PREFIX B-MIDDLENAME O O O O O O B-JOBTYPE I-JOBTYPE I-JOBTYPE I-JOBTYPE I-JOBTYPE O
4203,"Chào Anh, tôi cần thảo luận về một số cải tiến trong chế độ ăn uống. Đã gửi kế hoạch - mật khẩu là W1EQXyFRCs1j.",True,0.5,"[{""type"": ""FIRSTNAME"", ""start"": 1, ""end"": 2, ""text"": ""Anh""}, {""type"": ""PASSWORD"", ""start"": 19, ""end"": 29, ""text"": ""W@@ 1@@ E@@ Q@@ Xy@@ F@@ RC@@ s@@ 1@@ j""}]","[{""type"": ""PREFIX"", ""start"": 1, ""end"": 2, ""text"": ""Anh""}, {""type"": ""PASSWORD"", ""start"": 19, ""end"": 29, ""text"": ""W@@ 1@@ E@@ Q@@ Xy@@ F@@ RC@@ s@@ 1@@ j""}]",O B-FIRSTNAME O O O O O O O O O O O O O O O O O B-PASSWORD I-PASSWORD I-PASSWORD I-PASSWORD I-PASSWORD I-PASSWORD I-PASSWORD I-PASSWORD I-PASSWORD I-PASSWORD O,O B-PREFIX O O O O O O O O O O O O O O O O O B-PASSWORD I-PASSWORD I-PASSWORD I-PASSWORD I-PASSWORD I-PASSWORD I-PASSWORD I-PASSWORD I-PASSWORD I-PASSWORD O,0.5,"[{""type"": ""FIRSTNAME"", ""start"": 1, ""end"": 2, ""text"": ""Anh""}, {""type"": ""PASSWORD"", ""start"": 19, ""end"": 29, ""text"": ""W@@ 1@@ E@@ Q@@ Xy@@ F@@ RC@@ s@@ 1@@ j""}]","[{""type"": ""PREFIX"", ""start"": 1, ""end"": 2, ""text"": ""Anh""}, {""type"": ""PASSWORD"", ""start"": 19, ""end"": 29, ""text"": ""W@@ 1@@ E@@ Q@@ Xy@@ F@@ RC@@ s@@ 1@@ j""}]",O B-FIRSTNAME O O O O O O O O O O O O O O O O O B-PASSWORD I-PASSWORD I-PASSWORD I-PASSWORD I-PASSWORD I-PASSWORD I-PASSWORD I-PASSWORD I-PASSWORD I-PASSWORD O,O B-PREFIX O O O O O O O O O O O O O O O O O B-PASSWORD I-PASSWORD I-PASSWORD I-PASSWORD I-PASSWORD I-PASSWORD I-PASSWORD I-PASSWORD I-PASSWORD I-PASSWORD O,0.5,"[{""type"": ""FIRSTNAME"", ""start"": 1, ""end"": 2, ""text"": ""Anh""}, {""type"": ""PASSWORD"", ""start"": 19, ""end"": 29, ""text"": ""W@@ 1@@ E@@ Q@@ Xy@@ F@@ RC@@ s@@ 1@@ j""}]","[{""type"": ""PREFIX"", ""start"": 1, ""end"": 2, ""text"": ""Anh""}, {""type"": ""PASSWORD"", ""start"": 19, ""end"": 29, ""text"": ""W@@ 1@@ E@@ Q@@ Xy@@ F@@ RC@@ s@@ 1@@ j""}]",O B-FIRSTNAME O O O O O O O O O O O O O O O O O B-PASSWORD I-PASSWORD I-PASSWORD I-PASSWORD I-PASSWORD I-PASSWORD I-PASSWORD I-PASSWORD I-PASSWORD I-PASSWORD O,O B-PREFIX O O O O O O O O O O O O O O O O O B-PASSWORD I-PASSWORD I-PASSWORD I-PASSWORD I-PASSWORD I-PASSWORD I-PASSWORD I-PASSWORD I-PASSWORD I-PASSWORD O,0.5,"[{""type"": ""FIRSTNAME"", ""start"": 1, ""end"": 2, ""text"": ""▁Anh""}, {""type"": ""PASSWORD"", ""start"": 26, ""end"": 36, ""text"": ""▁W 1 EQ X y FR C s 1 j""}]","[{""type"": ""PREFIX"", ""start"": 1, ""end"": 2, ""text"": ""▁Anh""}, {""type"": ""PASSWORD"", ""start"": 26, ""end"": 36, ""text"": ""▁W 1 EQ X y FR C s 1 j""}]",O B-FIRSTNAME O O O O O O O O O O O O O O O O O O O O O O O O B-PASSWORD I-PASSWORD I-PASSWORD I-PASSWORD I-PASSWORD I-PASSWORD I-PASSWORD I-PASSWORD I-PASSWORD I-PASSWORD O,O B-PREFIX O O O O O O O O O O O O O O O O O O O O O O O O B-PASSWORD I-PASSWORD I-PASSWORD I-PASSWORD I-PASSWORD I-PASSWORD I-PASSWORD I-PASSWORD I-PASSWORD I-PASSWORD O
4204,"Tại Quận 6, chúng tôi cam kết cung cấp một môi trường làm việc an toàn xung quanh [-31.7365, 138.2123]. Vui lòng tham khảo hướng dẫn an toàn đính kèm và gọi 0360248733 để biết thêm thông tin. Chúng tôi rất trân trọng thời gian và sự cống hiến của bạn cho công tác an toàn.",True,0.6666666666666666,"[{""type"": ""COMPANYNAME"", ""start"": 1, ""end"": 3, ""text"": ""Quận 6""}, {""type"": ""NEARBYGPSCOORDINATE"", ""start"": 12, ""end"": 23, ""text"": ""[ -@@ 31.@@ 7@@ 365 , 13@@ 8.@@ 2@@ 123 ]""}, {""type"": ""PHONENUMBER"", ""start"": 33, ""end"": 38, ""text"": ""03@@ 60@@ 24@@ 87@@ 33""}]","[{""type"": ""COUNTY"", ""start"": 1, ""end"": 3, ""text"": ""Quận 6""}, {""type"": ""NEARBYGPSCOORDINATE"", ""start"": 12, ""end"": 23, ""text"": ""[ -@@ 31.@@ 7@@ 365 , 13@@ 8.@@ 2@@ 123 ]""}, {""type"": ""PHONENUMBER"", ""start"": 33, ""end"": 38, ""text"": ""03@@ 60@@ 24@@ 87@@ 33""}]",O B-COMPANYNAME I-COMPANYNAME O O O O O O O O O B-NEARBYGPSCOORDINATE I-NEARBYGPSCOORDINATE I-NEARBYGPSCOORDINATE I-NEARBYGPSCOORDINATE I-NEARBYGPSCOORDINATE I-NEARBYGPSCOORDINATE I-NEARBYGPSCOORDINATE I-NEARBYGPSCOORDINATE I-NEARBYGPSCOORDINATE I-NEARBYGPSCOORDINATE I-NEARBYGPSCOORDINATE O O O O O O O O O O B-PHONENUMBER I-PHONENUMBER I-PHONENUMBER I-PHONENUMBER I-PHONENUMBER O O O O O O O O O O O O O O O O O O,O B-COUNTY I-COUNTY O O O O O O O O O B-NEARBYGPSCOORDINATE I-NEARBYGPSCOORDINATE I-NEARBYGPSCOORDINATE I-NEARBYGPSCOORDINATE I-NEARBYGPSCOORDINATE I-NEARBYGPSCOORDINATE I-NEARBYGPSCOORDINATE I-NEARBYGPSCOORDINATE I-NEARBYGPSCOORDINATE I-NEARBYGPSCOORDINATE I-NEARBYGPSCOORDINATE O O O O O O O O O O B-PHONENUMBER I-PHONENUMBER I-PHONENUMBER I-PHONENUMBER I-PHONENUMBER O O O O O O O O O O O O O O O O O O,0.6666666666666666,"[{""type"": ""COMPANYNAME"", ""start"": 1, ""end"": 3, ""text"": ""Quận 6""}, {""type"": ""NEARBYGPSCOORDINATE"", ""start"": 12, ""end"": 23, ""text"": ""[ -@@ 31.@@ 7@@ 365 , 13@@ 8.@@ 2@@ 123 ]""}, {""type"": ""PHONENUMBER"", ""start"": 33, ""end"": 38, ""text"": ""03@@ 60@@ 24@@ 87@@ 33""}]","[{""type"": ""COUNTY"", ""start"": 1, ""end"": 3, ""text"": ""Quận 6""}, {""type"": ""NEARBYGPSCOORDINATE"", ""start"": 12, ""end"": 23, ""text"": ""[ -@@ 31.@@ 7@@ 365 , 13@@ 8.@@ 2@@ 123 ]""}, {""type"": ""PHONENUMBER"", ""start"": 33, ""end"": 38, ""text"": ""03@@ 60@@ 24@@ 87@@ 33""}]",O B-COMPANYNAME I-COMPANYNAME O O O O O O O O O B-NEARBYGPSCOORDINATE I-NEARBYGPSCOORDINATE I-NEARBYGPSCOORDINATE I-NEARBYGPSCOORDINATE I-NEARBYGPSCOORDINATE I-NEARBYGPSCOORDINATE I-NEARBYGPSCOORDINATE I-NEARBYGPSCOORDINATE I-NEARBYGPSCOORDINATE I-NEARBYGPSCOORDINATE I-NEARBYGPSCOORDINATE O O O O O O O O O O B-PHONENUMBER I-PHONENUMBER I-PHONENUMBER I-PHONENUMBER I-PHONENUMBER O O O O O O O O O O O O O O O O O O,O B-COUNTY I-COUNTY O O O O O O O O O B-NEARBYGPSCOORDINATE I-NEARBYGPSCOORDINATE I-NEARBYGPSCOORDINATE I-NEARBYGPSCOORDINATE I-NEARBYGPSCOORDINATE I-NEARBYGPSCOORDINATE I-NEARBYGPSCOORDINATE I-NEARBYGPSCOORDINATE I-NEARBYGPSCOORDINATE I-NEARBYGPSCOORDINATE I-NEARBYGPSCOORDINATE O O O O O O O O O O B-PHONENUMBER I-PHONENUMBER I-PHONENUMBER I-PHONENUMBER I-PHONENUMBER O O O O O O O O O O O O O O O O O O,0.6666666666666666,"[{""type"": ""COMPANYNAME"", ""start"": 1, ""end"": 3, ""text"": ""Quận 6""}, {""type"": ""NEARBYGPSCOORDINATE"", ""start"": 12, ""end"": 23, ""text"": ""[ -@@ 31.@@ 7@@ 365 , 13@@ 8.@@ 2@@ 123 ]""}, {""type"": ""PHONENUMBER"", ""start"": 33, ""end"": 38, ""text"": ""03@@ 60@@ 24@@ 87@@ 33""}]","[{""type"": ""COUNTY"", ""start"": 1, ""end"": 3, ""text"": ""Quận 6""}, {""type"": ""NEARBYGPSCOORDINATE"", ""start"": 12, ""end"": 23, ""text"": ""[ -@@ 31.@@ 7@@ 365 , 13@@ 8.@@ 2@@ 123 ]""}, {""type"": ""PHONENUMBER"", ""start"": 33, ""end"": 38, ""text"": ""03@@ 60@@ 24@@ 87@@ 33""}]",O B-COMPANYNAME I-COMPANYNAME O O O O O O O O O B-NEARBYGPSCOORDINATE I-NEARBYGPSCOORDINATE I-NEARBYGPSCOORDINATE I-NEARBYGPSCOORDINATE I-NEARBYGPSCOORDINATE I-NEARBYGPSCOORDINATE I-NEARBYGPSCOORDINATE I-NEARBYGPSCOORDINATE I-NEARBYGPSCOORDINATE I-NEARBYGPSCOORDINATE I-NEARBYGPSCOORDINATE O O O O O O O O O O B-PHONENUMBER I-PHONENUMBER I-PHONENUMBER I-PHONENUMBER I-PHONENUMBER O O O O O O O O O O O O O O O O O O,O B-COUNTY I-COUNTY O O O O O O O O O B-NEARBYGPSCOORDINATE I-NEARBYGPSCOORDINATE I-NEARBYGPSCOORDINATE I-NEARBYGPSCOORDINATE I-NEARBYGPSCOORDINATE I-NEARBYGPSCOORDINATE I-NEARBYGPSCOORDINATE I-NEARBYGPSCOORDINATE I-NEARBYGPSCOORDINATE I-NEARBYGPSCOORDINATE I-NEARBYGPSCOORDINATE O O O O O O O O O O B-PHONENUMBER I-PHONENUMBER I-PHONENUMBER I-PHONENUMBER I-PHONENUMBER O O O O O O O O O O O O O O O O O O,0.6666666666666666,"[{""type"": ""COMPANYNAME"", ""start"": 1, ""end"": 3, ""text"": ""▁Quận ▁6""}, {""type"": ""NEARBYGPSCOORDINATE"", ""start"": 19, ""end"": 28, ""text"": ""▁[ -3 1.7 365 , ▁13 8.2 123 ]""}, {""type"": ""PHONENUMBER"", ""start"": 41, ""end"": 46, ""text"": ""▁03 60 24 87 33""}]","[{""type"": ""COUNTY"", ""start"": 1, ""end"": 3, ""text"": ""▁Quận ▁6""}, {""type"": ""NEARBYGPSCOORDINATE"", ""start"": 19, ""end"": 28, ""text"": ""▁[ -3 1.7 365 , ▁13 8.2 123 ]""}, {""type"": ""PHONENUMBER"", ""start"": 41, ""end"": 46, ""text"": ""▁03 60 24 87 33""}]",O B-COMPANYNAME I-COMPANYNAME O O O O O O O O O O O O O O O O B-NEARBYGPSCOORDINATE I-NEARBYGPSCOORDINATE I-NEARBYGPSCOORDINATE I-NEARBYGPSCOORDINATE I-NEARBYGPSCOORDINATE I-NEARBYGPSCOORDINATE I-NEARBYGPSCOORDINATE I-NEARBYGPSCOORDINATE I-NEARBYGPSCOORDINATE O O O O O O O O O O O O O B-PHONENUMBER I-PHONENUMBER I-PHONENUMBER I-PHONENUMBER I-PHONENUMBER O O O O O O O O O O O O O O O O O O O O O O O O O O O,O B-COUNTY I-COUNTY O O O O O O O O O O O O O O O O B-NEARBYGPSCOORDINATE I-NEARBYGPSCOORDINATE I-NEARBYGPSCOORDINATE I-NEARBYGPSCOORDINATE I-NEARBYGPSCOORDINATE I-NEARBYGPSCOORDINATE I-NEARBYGPSCOORDINATE I-NEARBYGPSCOORDINATE I-NEARBYGPSCOORDINATE O O O O O O O O O O O O O B-PHONENUMBER I-PHONENUMBER I-PHONENUMBER I-PHONENUMBER I-PHONENUMBER O O O O O O O O O O O O O O O O O O O O O O O O O O O
4234,"Báo cáo sự cố tại tọa độ vĩ độ và kinh độ [41.9699, -53.5889] vào ngày 21-06-76. Bộ phận An ninh Khuôn viên đang tiến hành điều tra.",True,0.5,"[{""type"": ""NEARBYGPSCOORDINATE"", ""start"": 8, ""end"": 19, ""text"": ""[ 4@@ 1.9@@ 699 , -@@ 5@@ 3.@@ 58@@ 89 ]""}, {""type"": ""DOB"", ""start"": 21, ""end"": 25, ""text"": ""21-@@ 0@@ 6-@@ 76""}]","[{""type"": ""NEARBYGPSCOORDINATE"", ""start"": 8, ""end"": 19, ""text"": ""[ 4@@ 1.9@@ 699 , -@@ 5@@ 3.@@ 58@@ 89 ]""}, {""type"": ""DATE"", ""start"": 21, ""end"": 25, ""text"": ""21-@@ 0@@ 6-@@ 76""}]",O O O O O O O O B-NEARBYGPSCOORDINATE I-NEARBYGPSCOORDINATE I-NEARBYGPSCOORDINATE I-NEARBYGPSCOORDINATE I-NEARBYGPSCOORDINATE I-NEARBYGPSCOORDINATE I-NEARBYGPSCOORDINATE I-NEARBYGPSCOORDINATE I-NEARBYGPSCOORDINATE I-NEARBYGPSCOORDINATE I-NEARBYGPSCOORDINATE O O B-DOB I-DOB I-DOB I-DOB O O O O O O O O,O O O O O O O O B-NEARBYGPSCOORDINATE I-NEARBYGPSCOORDINATE I-NEARBYGPSCOORDINATE I-NEARBYGPSCOORDINATE I-NEARBYGPSCOORDINATE I-NEARBYGPSCOORDINATE I-NEARBYGPSCOORDINATE I-NEARBYGPSCOORDINATE I-NEARBYGPSCOORDINATE I-NEARBYGPSCOORDINATE I-NEARBYGPSCOORDINATE O O B-DATE I-DATE I-DATE I-DATE O O O O O O O O,0.5,"[{""type"": ""NEARBYGPSCOORDINATE"", ""start"": 8, ""end"": 19, ""text"": ""[ 4@@ 1.9@@ 699 , -@@ 5@@ 3.@@ 58@@ 89 ]""}, {""type"": ""DOB"", ""start"": 21, ""end"": 25, ""text"": ""21-@@ 0@@ 6-@@ 76""}]","[{""type"": ""NEARBYGPSCOORDINATE"", ""start"": 8, ""end"": 19, ""text"": ""[ 4@@ 1.9@@ 699 , -@@ 5@@ 3.@@ 58@@ 89 ]""}, {""type"": ""DATE"", ""start"": 21, ""end"": 25, ""text"": ""21-@@ 0@@ 6-@@ 76""}]",O O O O O O O O B-NEARBYGPSCOORDINATE I-NEARBYGPSCOORDINATE I-NEARBYGPSCOORDINATE I-NEARBYGPSCOORDINATE I-NEARBYGPSCOORDINATE I-NEARBYGPSCOORDINATE I-NEARBYGPSCOORDINATE I-NEARBYGPSCOORDINATE I-NEARBYGPSCOORDINATE I-NEARBYGPSCOORDINATE I-NEARBYGPSCOORDINATE O O B-DOB I-DOB I-DOB I-DOB O O O O O O O O,O O O O O O O O B-NEARBYGPSCOORDINATE I-NEARBYGPSCOORDINATE I-NEARBYGPSCOORDINATE I-NEARBYGPSCOORDINATE I-NEARBYGPSCOORDINATE I-NEARBYGPSCOORDINATE I-NEARBYGPSCOORDINATE I-NEARBYGPSCOORDINATE I-NEARBYGPSCOORDINATE I-NEARBYGPSCOORDINATE I-NEARBYGPSCOORDINATE O O B-DATE I-DATE I-DATE I-DATE O O O O O O O O,0.5,"[{""type"": ""NEARBYGPSCOORDINATE"", ""start"": 8, ""end"": 19, ""text"": ""[ 4@@ 1.9@@ 699 , -@@ 5@@ 3.@@ 58@@ 89 ]""}, {""type"": ""DOB"", ""start"": 21, ""end"": 25, ""text"": ""21-@@ 0@@ 6-@@ 76""}]","[{""type"": ""NEARBYGPSCOORDINATE"", ""start"": 8, ""end"": 19, ""text"": ""[ 4@@ 1.9@@ 699 , -@@ 5@@ 3.@@ 58@@ 89 ]""}, {""type"": ""DATE"", ""start"": 21, ""end"": 25, ""text"": ""21-@@ 0@@ 6-@@ 76""}]",O O O O O O O O B-NEARBYGPSCOORDINATE I-NEARBYGPSCOORDINATE I-NEARBYGPSCOORDINATE I-NEARBYGPSCOORDINATE I-NEARBYGPSCOORDINATE I-NEARBYGPSCOORDINATE I-NEARBYGPSCOORDINATE I-NEARBYGPSCOORDINATE I-NEARBYGPSCOORDINATE I-NEARBYGPSCOORDINATE I-NEARBYGPSCOORDINATE O O B-DOB I-DOB I-DOB I-DOB O O O O O O O O,O O O O O O O O B-NEARBYGPSCOORDINATE I-NEARBYGPSCOORDINATE I-NEARBYGPSCOORDINATE I-NEARBYGPSCOORDINATE I-NEARBYGPSCOORDINATE I-NEARBYGPSCOORDINATE I-NEARBYGPSCOORDINATE I-NEARBYGPSCOORDINATE I-NEARBYGPSCOORDINATE I-NEARBYGPSCOORDINATE I-NEARBYGPSCOORDINATE O O B-DATE I-DATE I-DATE I-DATE O O O O O O O O,0.4,"[{""type"": ""NEARBYGPSCOORDINATE"", ""start"": 12, ""end"": 23, ""text"": ""▁[ 41 . 96 99 , ▁- 5 3.5 889 ]""}, {""type"": ""DOB"", ""start"": 25, ""end"": 28, ""text"": ""▁21 -06- 76""}]","[{""type"": ""NEARBYGPSCOORDINATE"", ""start"": 12, ""end"": 23, ""text"": ""▁[ 41 . 96 99 , ▁- 5 3.5 889 ]""}, {""type"": ""DATE"", ""start"": 25, ""end"": 27, ""text"": ""▁21 -06-""}, {""type"": ""DOB"", ""start"": 27, ""end"": 28, ""text"": ""76""}]",O O O O O O O O O O O O B-NEARBYGPSCOORDINATE I-NEARBYGPSCOORDINATE I-NEARBYGPSCOORDINATE I-NEARBYGPSCOORDINATE I-NEARBYGPSCOORDINATE I-NEARBYGPSCOORDINATE I-NEARBYGPSCOORDINATE I-NEARBYGPSCOORDINATE I-NEARBYGPSCOORDINATE I-NEARBYGPSCOORDINATE I-NEARBYGPSCOORDINATE O O B-DOB I-DOB I-DOB O O O O O O O O O O O O O O,O O O O O O O O O O O O B-NEARBYGPSCOORDINATE I-NEARBYGPSCOORDINATE I-NEARBYGPSCOORDINATE I-NEARBYGPSCOORDINATE I-NEARBYGPSCOORDINATE I-NEARBYGPSCOORDINATE I-NEARBYGPSCOORDINATE I-NEARBYGPSCOORDINATE I-NEARBYGPSCOORDINATE I-NEARBYGPSCOORDINATE I-NEARBYGPSCOORDINATE O O B-DATE I-DATE I-DOB O O O O O O O O O O O O O O
4251,Nhắc nhở: Hạn chót cho Hội nghị Năng lực Học tập tại Quận Thanh Khê dành cho học sinh 96 tuổi là vào 1/12/1955. Đăng ký trực tuyến bằng Tài khoản vay mua xe với phí là B ah rain i Dina r đã được chỉ định.,True,0.8000000000000002,"[{""type"": ""COUNTY"", ""start"": 11, ""end"": 13, ""text"": ""Quận Thanh_Khê""}, {""type"": ""AGE"", ""start"": 16, ""end"": 17, ""text"": ""96""}, {""type"": ""DOB"", ""start"": 20, ""end"": 23, ""text"": ""1/@@ 12/@@ 1955""}, {""type"": ""ACCOUNTNAME"", ""start"": 27, ""end"": 31, ""text"": ""Tài_khoản vay mua xe""}, {""type"": ""CURRENCY"", ""start"": 34, ""end"": 41, ""text"": ""B ah rain i D@@ ina r""}]","[{""type"": ""COUNTY"", ""start"": 11, ""end"": 13, ""text"": ""Quận Thanh_Khê""}, {""type"": ""AGE"", ""start"": 16, ""end"": 17, ""text"": ""96""}, {""type"": ""DATE"", ""start"": 20, ""end"": 23, ""text"": ""1/@@ 12/@@ 1955""}, {""type"": ""ACCOUNTNAME"", ""start"": 27, ""end"": 31, ""text"": ""Tài_khoản vay mua xe""}, {""type"": ""CURRENCY"", ""start"": 34, ""end"": 41, ""text"": ""B ah rain i D@@ ina r""}]",O O O O O O O O O O O B-COUNTY I-COUNTY O O O B-AGE O O O B-DOB I-DOB I-DOB O O O O B-ACCOUNTNAME I-ACCOUNTNAME I-ACCOUNTNAME I-ACCOUNTNAME O O O B-CURRENCY I-CURRENCY I-CURRENCY I-CURRENCY I-CURRENCY I-CURRENCY I-CURRENCY O O O O,O O O O O O O O O O O B-COUNTY I-COUNTY O O O B-AGE O O O B-DATE I-DATE I-DATE O O O O B-ACCOUNTNAME I-ACCOUNTNAME I-ACCOUNTNAME I-ACCOUNTNAME O O O B-CURRENCY I-CURRENCY I-CURRENCY I-CURRENCY I-CURRENCY I-CURRENCY I-CURRENCY O O O O,0.8000000000000002,"[{""type"": ""COUNTY"", ""start"": 11, ""end"": 13, ""text"": ""Quận Thanh_Khê""}, {""type"": ""AGE"", ""start"": 16, ""end"": 17, ""text"": ""96""}, {""type"": ""DOB"", ""start"": 20, ""end"": 23, ""text"": ""1/@@ 12/@@ 1955""}, {""type"": ""ACCOUNTNAME"", ""start"": 27, ""end"": 31, ""text"": ""Tài_khoản vay mua xe""}, {""type"": ""CURRENCY"", ""start"": 34, ""end"": 41, ""text"": ""B ah rain i D@@ ina r""}]","[{""type"": ""COUNTY"", ""start"": 11, ""end"": 13, ""text"": ""Quận Thanh_Khê""}, {""type"": ""AGE"", ""start"": 16, ""end"": 17, ""text"": ""96""}, {""type"": ""DATE"", ""start"": 20, ""end"": 23, ""text"": ""1/@@ 12/@@ 1955""}, {""type"": ""ACCOUNTNAME"", ""start"": 27, ""end"": 31, ""text"": ""Tài_khoản vay mua xe""}, {""type"": ""CURRENCY"", ""start"": 34, ""end"": 41, ""text"": ""B ah rain i D@@ ina r""}]",O O O O O O O O O O O B-COUNTY I-COUNTY O O O B-AGE O O O B-DOB I-DOB I-DOB O O O O B-ACCOUNTNAME I-ACCOUNTNAME I-ACCOUNTNAME I-ACCOUNTNAME O O O B-CURRENCY I-CURRENCY I-CURRENCY I-CURRENCY I-CURRENCY I-CURRENCY I-CURRENCY O O O O,O O O O O O O O O O O B-COUNTY I-COUNTY O O O B-AGE O O O B-DATE I-DATE I-DATE O O O O B-ACCOUNTNAME I-ACCOUNTNAME I-ACCOUNTNAME I-ACCOUNTNAME O O O B-CURRENCY I-CURRENCY I-CURRENCY I-CURRENCY I-CURRENCY I-CURRENCY I-CURRENCY O O O O,0.6666666666666666,"[{""type"": ""COUNTY"", ""start"": 11, ""end"": 13, ""text"": ""Quận Thanh_Khê""}, {""type"": ""AGE"", ""start"": 16, ""end"": 17, ""text"": ""96""}, {""type"": ""DOB"", ""start"": 20, ""end"": 23, ""text"": ""1/@@ 12/@@ 1955""}, {""type"": ""ACCOUNTNAME"", ""start"": 27, ""end"": 31, ""text"": ""Tài_khoản vay mua xe""}, {""type"": ""CURRENCY"", ""start"": 34, ""end"": 41, ""text"": ""B ah rain i D@@ ina r""}]","[{""type"": ""COUNTY"", ""start"": 11, ""end"": 13, ""text"": ""Quận Thanh_Khê""}, {""type"": ""AGE"", ""start"": 16, ""end"": 17, ""text"": ""96""}, {""type"": ""DATE"", ""start"": 20, ""end"": 21, ""text"": ""1/@@""}, {""type"": ""DOB"", ""start"": 21, ""end"": 22, ""text"": ""12/@@""}, {""type"": ""DATE"", ""start"": 22, ""end"": 23, ""text"": ""1955""}, {""type"": ""ACCOUNTNAME"", ""start"": 27, ""end"": 31, ""text"": ""Tài_khoản vay mua xe""}, {""type"": ""CURRENCY"", ""start"": 34, ""end"": 41, ""text"": ""B ah rain i D@@ ina r""}]",O O O O O O O O O O O B-COUNTY I-COUNTY O O O B-AGE O O O B-DOB I-DOB I-DOB O O O O B-ACCOUNTNAME I-ACCOUNTNAME I-ACCOUNTNAME I-ACCOUNTNAME O O O B-CURRENCY I-CURRENCY I-CURRENCY I-CURRENCY I-CURRENCY I-CURRENCY I-CURRENCY O O O O,O O O O O O O O O O O B-COUNTY I-COUNTY O O O B-AGE O O O B-DATE I-DOB I-DATE O O O O B-ACCOUNTNAME I-ACCOUNTNAME I-ACCOUNTNAME I-ACCOUNTNAME O O O B-CURRENCY I-CURRENCY I-CURRENCY I-CURRENCY I-CURRENCY I-CURRENCY I-CURRENCY O O O O,0.8000000000000002,"[{""type"": ""COUNTY"", ""start"": 18, ""end"": 22, ""text"": ""▁Quận ▁Thanh ▁K hê""}, {""type"": ""AGE"", ""start"": 26, ""end"": 27, ""text"": ""▁96""}, {""type"": ""DOB"", ""start"": 30, ""end"": 33, ""text"": ""▁1 /12/ 1955""}, {""type"": ""ACCOUNTNAME"", ""start"": 39, ""end"": 44, ""text"": ""▁Tài ▁khoản ▁vay ▁mua ▁xe""}, {""type"": ""CURRENCY"", ""start"": 47, ""end"": 53, ""text"": ""▁B ▁ah ▁rain ▁i ▁Dina ▁r""}]","[{""type"": ""COUNTY"", ""start"": 18, ""end"": 22, ""text"": ""▁Quận ▁Thanh ▁K hê""}, {""type"": ""AGE"", ""start"": 26, ""end"": 27, ""text"": ""▁96""}, {""type"": ""DATE"", ""start"": 30, ""end"": 33, ""text"": ""▁1 /12/ 1955""}, {""type"": ""ACCOUNTNAME"", ""start"": 39, ""end"": 44, ""text"": ""▁Tài ▁khoản ▁vay ▁mua ▁xe""}, {""type"": ""CURRENCY"", ""start"": 47, ""end"": 53, ""text"": ""▁B ▁ah ▁rain ▁i ▁Dina ▁r""}]",O O O O O O O O O O O O O O O O O O B-COUNTY I-COUNTY I-COUNTY I-COUNTY O O O O B-AGE O O O B-DOB I-DOB I-DOB O O O O O O B-ACCOUNTNAME I-ACCOUNTNAME I-ACCOUNTNAME I-ACCOUNTNAME I-ACCOUNTNAME O O O B-CURRENCY I-CURRENCY I-CURRENCY I-CURRENCY I-CURRENCY I-CURRENCY O O O O O,O O O O O O O O O O O O O O O O O O B-COUNTY I-COUNTY I-COUNTY I-COUNTY O O O O B-AGE O O O B-DATE I-DATE I-DATE O O O O O O B-ACCOUNTNAME I-ACCOUNTNAME I-ACCOUNTNAME I-ACCOUNTNAME I-ACCOUNTNAME O O O B-CURRENCY I-CURRENCY I-CURRENCY I-CURRENCY I-CURRENCY I-CURRENCY O O O O O
4257,Chúng tôi đang tiến hành một nghiên cứu đánh giá các rủi ro sức khỏe ở bệnh nhân nữ trên 60 tuổi. Xuyên (Nữ) đủ điều kiện tham gia.,True,0.8571428571428571,"[{""type"": ""GENDER"", ""start"": 11, ""end"": 12, ""text"": ""nữ""}, {""type"": ""FIRSTNAME"", ""start"": 16, ""end"": 17, ""text"": ""Xuyên""}, {""type"": ""SEX"", ""start"": 18, ""end"": 19, ""text"": ""Nữ""}]","[{""type"": ""GENDER"", ""start"": 11, ""end"": 12, ""text"": ""nữ""}, {""type"": ""AGE"", ""start"": 13, ""end"": 14, ""text"": ""60""}, {""type"": ""FIRSTNAME"", ""start"": 16, ""end"": 17, ""text"": ""Xuyên""}, {""type"": ""SEX"", ""start"": 18, ""end"": 19, ""text"": ""Nữ""}]",O O O O O O O O O O O B-GENDER O O O O B-FIRSTNAME O B-SEX O O O O O,O O O O O O O O O O O B-GENDER O B-AGE O O B-FIRSTNAME O B-SEX O O O O O,0.8571428571428571,"[{""type"": ""GENDER"", ""start"": 11, ""end"": 12, ""text"": ""nữ""}, {""type"": ""FIRSTNAME"", ""start"": 16, ""end"": 17, ""text"": ""Xuyên""}, {""type"": ""SEX"", ""start"": 18, ""end"": 19, ""text"": ""Nữ""}]","[{""type"": ""GENDER"", ""start"": 11, ""end"": 12, ""text"": ""nữ""}, {""type"": ""AGE"", ""start"": 13, ""end"": 14, ""text"": ""60""}, {""type"": ""FIRSTNAME"", ""start"": 16, ""end"": 17, ""text"": ""Xuyên""}, {""type"": ""SEX"", ""start"": 18, ""end"": 19, ""text"": ""Nữ""}]",O O O O O O O O O O O B-GENDER O O O O B-FIRSTNAME O B-SEX O O O O O,O O O O O O O O O O O B-GENDER O B-AGE O O B-FIRSTNAME O B-SEX O O O O O,0.8,"[{""type"": ""GENDER"", ""start"": 11, ""end"": 12, ""text"": ""nữ""}, {""type"": ""FIRSTNAME"", ""start"": 16, ""end"": 17, ""text"": ""Xuyên""}, {""type"": ""SEX"", ""start"": 18, ""end"": 19, ""text"": ""Nữ""}]","[{""type"": ""FIRSTNAME"", ""start"": 16, ""end"": 17, ""text"": ""Xuyên""}, {""type"": ""SEX"", ""start"": 18, ""end"": 19, ""text"": ""Nữ""}]",O O O O O O O O O O O B-GENDER O O O O B-FIRSTNAME O B-SEX O O O O O,O O O O O O O O O O O O O O O O B-FIRSTNAME O B-SEX O O O O O,0.6666666666666666,"[{""type"": ""GENDER"", ""start"": 18, ""end"": 19, ""text"": ""▁nữ""}, {""type"": ""FIRSTNAME"", ""start"": 23, ""end"": 25, ""text"": ""▁Xu yên""}, {""type"": ""SEX"", ""start"": 26, ""end"": 28, ""text"": ""N ữ""}]","[{""type"": ""AGE"", ""start"": 20, ""end"": 21, ""text"": ""▁60""}, {""type"": ""FIRSTNAME"", ""start"": 23, ""end"": 25, ""text"": ""▁Xu yên""}, {""type"": ""SEX"", ""start"": 26, ""end"": 28, ""text"": ""N ữ""}]",O O O O O O O O O O O O O O O O O O B-GENDER O O O O B-FIRSTNAME I-FIRSTNAME O B-SEX I-SEX O O O O O O O,O O O O O O O O O O O O O O O O O O O O B-AGE O O B-FIRSTNAME I-FIRSTNAME O B-SEX I-SEX O O O O O O O
4315,"Giá trị chuyển khoản 796505 Serbian Dina r qua 9561582900290220, được bảo mật bằng 5955, đã được hoàn tất vào 21/07/2016 lúc 22 giờ 50 phút. Vui lòng tham khảo biên lai điện tử qua ánh.đào@gmail.com.",True,0.8571428571428571,"[{""type"": ""AMOUNT"", ""start"": 2, ""end"": 5, ""text"": ""79@@ 6@@ 505""}, {""type"": ""CURRENCY"", ""start"": 5, ""end"": 11, ""text"": ""Ser@@ bi@@ an_@@ D@@ ina r""}, {""type"": ""MASKEDNUMBER"", ""start"": 12, ""end"": 21, ""text"": ""95@@ 6@@ 15@@ 8@@ 29@@ 00@@ 29@@ 02@@ 20""}, {""type"": ""PIN"", ""start"": 25, ""end"": 27, ""text"": ""59@@ 55""}, {""type"": ""DATE"", ""start"": 32, ""end"": 35, ""text"": ""21/@@ 07@@ /2016""}, {""type"": ""TIME"", ""start"": 36, ""end"": 40, ""text"": ""22 giờ 50 phút""}, {""type"": ""EMAIL"", ""start"": 47, ""end"": 52, ""text"": ""á@@ nh.@@ đà@@ o@@ @gmail.com.""}]","[{""type"": ""AMOUNT"", ""start"": 2, ""end"": 5, ""text"": ""79@@ 6@@ 505""}, {""type"": ""CURRENCY"", ""start"": 5, ""end"": 11, ""text"": ""Ser@@ bi@@ an_@@ D@@ ina r""}, {""type"": ""CREDITCARDNUMBER"", ""start"": 12, ""end"": 21, ""text"": ""95@@ 6@@ 15@@ 8@@ 29@@ 00@@ 29@@ 02@@ 20""}, {""type"": ""PIN"", ""start"": 25, ""end"": 27, ""text"": ""59@@ 55""}, {""type"": ""DATE"", ""start"": 32, ""end"": 35, ""text"": ""21/@@ 07@@ /2016""}, {""type"": ""TIME"", ""start"": 36, ""end"": 40, ""text"": ""22 giờ 50 phút""}, {""type"": ""EMAIL"", ""start"": 47, ""end"": 52, ""text"": ""á@@ nh.@@ đà@@ o@@ @gmail.com.""}]",O O B-AMOUNT I-AMOUNT I-AMOUNT B-CURRENCY I-CURRENCY I-CURRENCY I-CURRENCY I-CURRENCY I-CURRENCY O B-MASKEDNUMBER I-MASKEDNUMBER I-MASKEDNUMBER I-MASKEDNUMBER I-MASKEDNUMBER I-MASKEDNUMBER I-MASKEDNUMBER I-MASKEDNUMBER I-MASKEDNUMBER O O O O B-PIN I-PIN O O O O O B-DATE I-DATE I-DATE O B-TIME I-TIME I-TIME I-TIME O O O O O O O B-EMAIL I-EMAIL I-EMAIL I-EMAIL I-EMAIL,O O B-AMOUNT I-AMOUNT I-AMOUNT B-CURRENCY I-CURRENCY I-CURRENCY I-CURRENCY I-CURRENCY I-CURRENCY O B-CREDITCARDNUMBER I-CREDITCARDNUMBER I-CREDITCARDNUMBER I-CREDITCARDNUMBER I-CREDITCARDNUMBER I-CREDITCARDNUMBER I-CREDITCARDNUMBER I-CREDITCARDNUMBER I-CREDITCARDNUMBER O O O O B-PIN I-PIN O O O O O B-DATE I-DATE I-DATE O B-TIME I-TIME I-TIME I-TIME O O O O O O O B-EMAIL I-EMAIL I-EMAIL I-EMAIL I-EMAIL,0.8571428571428571,"[{""type"": ""AMOUNT"", ""start"": 2, ""end"": 5, ""text"": ""79@@ 6@@ 505""}, {""type"": ""CURRENCY"", ""start"": 5, ""end"": 11, ""text"": ""Ser@@ bi@@ an_@@ D@@ ina r""}, {""type"": ""MASKEDNUMBER"", ""start"": 12, ""end"": 21, ""text"": ""95@@ 6@@ 15@@ 8@@ 29@@ 00@@ 29@@ 02@@ 20""}, {""type"": ""PIN"", ""start"": 25, ""end"": 27, ""text"": ""59@@ 55""}, {""type"": ""DATE"", ""start"": 32, ""end"": 35, ""text"": ""21/@@ 07@@ /2016""}, {""type"": ""TIME"", ""start"": 36, ""end"": 40, ""text"": ""22 giờ 50 phút""}, {""type"": ""EMAIL"", ""start"": 47, ""end"": 52, ""text"": ""á@@ nh.@@ đà@@ o@@ @gmail.com.""}]","[{""type"": ""AMOUNT"", ""start"": 2, ""end"": 5, ""text"": ""79@@ 6@@ 505""}, {""type"": ""CURRENCY"", ""start"": 5, ""end"": 11, ""text"": ""Ser@@ bi@@ an_@@ D@@ ina r""}, {""type"": ""CREDITCARDNUMBER"", ""start"": 12, ""end"": 21, ""text"": ""95@@ 6@@ 15@@ 8@@ 29@@ 00@@ 29@@ 02@@ 20""}, {""type"": ""PIN"", ""start"": 25, ""end"": 27, ""text"": ""59@@ 55""}, {""type"": ""DATE"", ""start"": 32, ""end"": 35, ""text"": ""21/@@ 07@@ /2016""}, {""type"": ""TIME"", ""start"": 36, ""end"": 40, ""text"": ""22 giờ 50 phút""}, {""type"": ""EMAIL"", ""start"": 47, ""end"": 52, ""text"": ""á@@ nh.@@ đà@@ o@@ @gmail.com.""}]",O O B-AMOUNT I-AMOUNT I-AMOUNT B-CURRENCY I-CURRENCY I-CURRENCY I-CURRENCY I-CURRENCY I-CURRENCY O B-MASKEDNUMBER I-MASKEDNUMBER I-MASKEDNUMBER I-MASKEDNUMBER I-MASKEDNUMBER I-MASKEDNUMBER I-MASKEDNUMBER I-MASKEDNUMBER I-MASKEDNUMBER O O O O B-PIN I-PIN O O O O O B-DATE I-DATE I-DATE O B-TIME I-TIME I-TIME I-TIME O O O O O O O B-EMAIL I-EMAIL I-EMAIL I-EMAIL I-EMAIL,O O B-AMOUNT I-AMOUNT I-AMOUNT B-CURRENCY I-CURRENCY I-CURRENCY I-CURRENCY I-CURRENCY I-CURRENCY O B-CREDITCARDNUMBER I-CREDITCARDNUMBER I-CREDITCARDNUMBER I-CREDITCARDNUMBER I-CREDITCARDNUMBER I-CREDITCARDNUMBER I-CREDITCARDNUMBER I-CREDITCARDNUMBER I-CREDITCARDNUMBER O O O O B-PIN I-PIN O O O O O B-DATE I-DATE I-DATE O B-TIME I-TIME I-TIME I-TIME O O O O O O O B-EMAIL I-EMAIL I-EMAIL I-EMAIL I-EMAIL,0.8571428571428571,"[{""type"": ""AMOUNT"", ""start"": 2, ""end"": 5, ""text"": ""79@@ 6@@ 505""}, {""type"": ""CURRENCY"", ""start"": 5, ""end"": 11, ""text"": ""Ser@@ bi@@ an_@@ D@@ ina r""}, {""type"": ""MASKEDNUMBER"", ""start"": 12, ""end"": 21, ""text"": ""95@@ 6@@ 15@@ 8@@ 29@@ 00@@ 29@@ 02@@ 20""}, {""type"": ""PIN"", ""start"": 25, ""end"": 27, ""text"": ""59@@ 55""}, {""type"": ""DATE"", ""start"": 32, ""end"": 35, ""text"": ""21/@@ 07@@ /2016""}, {""type"": ""TIME"", ""start"": 36, ""end"": 40, ""text"": ""22 giờ 50 phút""}, {""type"": ""EMAIL"", ""start"": 47, ""end"": 52, ""text"": ""á@@ nh.@@ đà@@ o@@ @gmail.com.""}]","[{""type"": ""AMOUNT"", ""start"": 2, ""end"": 5, ""text"": ""79@@ 6@@ 505""}, {""type"": ""CURRENCY"", ""start"": 5, ""end"": 11, ""text"": ""Ser@@ bi@@ an_@@ D@@ ina r""}, {""type"": ""CREDITCARDNUMBER"", ""start"": 12, ""end"": 21, ""text"": ""95@@ 6@@ 15@@ 8@@ 29@@ 00@@ 29@@ 02@@ 20""}, {""type"": ""PIN"", ""start"": 25, ""end"": 27, ""text"": ""59@@ 55""}, {""type"": ""DATE"", ""start"": 32, ""end"": 35, ""text"": ""21/@@ 07@@ /2016""}, {""type"": ""TIME"", ""start"": 36, ""end"": 40, ""text"": ""22 giờ 50 phút""}, {""type"": ""EMAIL"", ""start"": 47, ""end"": 52, ""text"": ""á@@ nh.@@ đà@@ o@@ @gmail.com.""}]",O O B-AMOUNT I-AMOUNT I-AMOUNT B-CURRENCY I-CURRENCY I-CURRENCY I-CURRENCY I-CURRENCY I-CURRENCY O B-MASKEDNUMBER I-MASKEDNUMBER I-MASKEDNUMBER I-MASKEDNUMBER I-MASKEDNUMBER I-MASKEDNUMBER I-MASKEDNUMBER I-MASKEDNUMBER I-MASKEDNUMBER O O O O B-PIN I-PIN O O O O O B-DATE I-DATE I-DATE O B-TIME I-TIME I-TIME I-TIME O O O O O O O B-EMAIL I-EMAIL I-EMAIL I-EMAIL I-EMAIL,O O B-AMOUNT I-AMOUNT I-AMOUNT B-CURRENCY I-CURRENCY I-CURRENCY I-CURRENCY I-CURRENCY I-CURRENCY O B-CREDITCARDNUMBER I-CREDITCARDNUMBER I-CREDITCARDNUMBER I-CREDITCARDNUMBER I-CREDITCARDNUMBER I-CREDITCARDNUMBER I-CREDITCARDNUMBER I-CREDITCARDNUMBER I-CREDITCARDNUMBER O O O O B-PIN I-PIN O O O O O B-DATE I-DATE I-DATE O B-TIME I-TIME I-TIME I-TIME O O O O O O O B-EMAIL I-EMAIL I-EMAIL I-EMAIL I-EMAIL,0.8571428571428571,"[{""type"": ""AMOUNT"", ""start"": 4, ""end"": 7, ""text"": ""▁7 965 05""}, {""type"": ""CURRENCY"", ""start"": 7, ""end"": 11, ""text"": ""▁Serbia n ▁Dina ▁r""}, {""type"": ""MASKEDNUMBER"", ""start"": 12, ""end"": 19, ""text"": ""▁9 56 15 82 900 290 220""}, {""type"": ""PIN"", ""start"": 24, ""end"": 26, ""text"": ""▁5 955""}, {""type"": ""DATE"", ""start"": 32, ""end"": 35, ""text"": ""▁21 /07/ 2016""}, {""type"": ""TIME"", ""start"": 36, ""end"": 40, ""text"": ""▁22 ▁giờ ▁50 ▁phút""}, {""type"": ""EMAIL"", ""start"": 50, ""end"": 59, ""text"": ""▁ánh . đ à o @ gmail . com""}]","[{""type"": ""AMOUNT"", ""start"": 4, ""end"": 7, ""text"": ""▁7 965 05""}, {""type"": ""CURRENCY"", ""start"": 7, ""end"": 11, ""text"": ""▁Serbia n ▁Dina ▁r""}, {""type"": ""CREDITCARDNUMBER"", ""start"": 12, ""end"": 19, ""text"": ""▁9 56 15 82 900 290 220""}, {""type"": ""PIN"", ""start"": 24, ""end"": 26, ""text"": ""▁5 955""}, {""type"": ""DATE"", ""start"": 32, ""end"": 35, ""text"": ""▁21 /07/ 2016""}, {""type"": ""TIME"", ""start"": 36, ""end"": 40, ""text"": ""▁22 ▁giờ ▁50 ▁phút""}, {""type"": ""EMAIL"", ""start"": 50, ""end"": 59, ""text"": ""▁ánh . đ à o @ gmail . com""}]",O O O O B-AMOUNT I-AMOUNT I-AMOUNT B-CURRENCY I-CURRENCY I-CURRENCY I-CURRENCY O B-MASKEDNUMBER I-MASKEDNUMBER I-MASKEDNUMBER I-MASKEDNUMBER I-MASKEDNUMBER I-MASKEDNUMBER I-MASKEDNUMBER O O O O O B-PIN I-PIN O O O O O O B-DATE I-DATE I-DATE O B-TIME I-TIME I-TIME I-TIME O O O O O O O O O O B-EMAIL I-EMAIL I-EMAIL I-EMAIL I-EMAIL I-EMAIL I-EMAIL I-EMAIL I-EMAIL O,O O O O B-AMOUNT I-AMOUNT I-AMOUNT B-CURRENCY I-CURRENCY I-CURRENCY I-CURRENCY O B-CREDITCARDNUMBER I-CREDITCARDNUMBER I-CREDITCARDNUMBER I-CREDITCARDNUMBER I-CREDITCARDNUMBER I-CREDITCARDNUMBER I-CREDITCARDNUMBER O O O O O B-PIN I-PIN O O O O O O B-DATE I-DATE I-DATE O B-TIME I-TIME I-TIME I-TIME O O O O O O O O O O B-EMAIL I-EMAIL I-EMAIL I-EMAIL I-EMAIL I-EMAIL I-EMAIL I-EMAIL I-EMAIL O
4418,"Đào tạo cho giáo viên sẽ được tổ chức tại [51.7705, -87.2366]. Phóng viên của chúng tôi, Thị, sẽ hỗ trợ. Hạn chót để đăng ký là ngày 04-04-2013. Gọi cho chúng tôi theo số 0287784898453948 nếu có thắc mắc. Sử dụng 143.2.85.65 để truy cập trực tuyến.",True,0.7272727272727272,"[{""type"": ""NEARBYGPSCOORDINATE"", ""start"": 7, ""end"": 18, ""text"": ""[ 5@@ 1.7@@ 705 , -@@ 8@@ 7.@@ 23@@ 66 ]""}, {""type"": ""MIDDLENAME"", ""start"": 23, ""end"": 24, ""text"": ""Thị""}, {""type"": ""DOB"", ""start"": 33, ""end"": 37, ""text"": ""ngày 04-@@ 04-@@ 2013""}, {""type"": ""MASKEDNUMBER"", ""start"": 43, ""end"": 52, ""text"": ""0@@ 28@@ 77@@ 8@@ 48@@ 98@@ 45@@ 39@@ 48""}, {""type"": ""IPADDRESS"", ""start"": 57, ""end"": 62, ""text"": ""14@@ 3.@@ 2.8@@ 5.@@ 65""}]","[{""type"": ""NEARBYGPSCOORDINATE"", ""start"": 7, ""end"": 18, ""text"": ""[ 5@@ 1.7@@ 705 , -@@ 8@@ 7.@@ 23@@ 66 ]""}, {""type"": ""JOBTYPE"", ""start"": 19, ""end"": 20, ""text"": ""Phóng_viên""}, {""type"": ""MIDDLENAME"", ""start"": 23, ""end"": 24, ""text"": ""Thị""}, {""type"": ""DATE"", ""start"": 33, ""end"": 37, ""text"": ""ngày 04-@@ 04-@@ 2013""}, {""type"": ""MASKEDNUMBER"", ""start"": 43, ""end"": 52, ""text"": ""0@@ 28@@ 77@@ 8@@ 48@@ 98@@ 45@@ 39@@ 48""}, {""type"": ""IPADDRESS"", ""start"": 57, ""end"": 62, ""text"": ""14@@ 3.@@ 2.8@@ 5.@@ 65""}]",O O O O O O O B-NEARBYGPSCOORDINATE I-NEARBYGPSCOORDINATE I-NEARBYGPSCOORDINATE I-NEARBYGPSCOORDINATE I-NEARBYGPSCOORDINATE I-NEARBYGPSCOORDINATE I-NEARBYGPSCOORDINATE I-NEARBYGPSCOORDINATE I-NEARBYGPSCOORDINATE I-NEARBYGPSCOORDINATE I-NEARBYGPSCOORDINATE O O O O O B-MIDDLENAME O O O O O O O O O B-DOB I-DOB I-DOB I-DOB O O O O O O B-MASKEDNUMBER I-MASKEDNUMBER I-MASKEDNUMBER I-MASKEDNUMBER I-MASKEDNUMBER I-MASKEDNUMBER I-MASKEDNUMBER I-MASKEDNUMBER I-MASKEDNUMBER O O O O O B-IPADDRESS I-IPADDRESS I-IPADDRESS I-IPADDRESS I-IPADDRESS O O O O,O O O O O O O B-NEARBYGPSCOORDINATE I-NEARBYGPSCOORDINATE I-NEARBYGPSCOORDINATE I-NEARBYGPSCOORDINATE I-NEARBYGPSCOORDINATE I-NEARBYGPSCOORDINATE I-NEARBYGPSCOORDINATE I-NEARBYGPSCOORDINATE I-NEARBYGPSCOORDINATE I-NEARBYGPSCOORDINATE I-NEARBYGPSCOORDINATE O B-JOBTYPE O O O B-MIDDLENAME O O O O O O O O O B-DATE I-DATE I-DATE I-DATE O O O O O O B-MASKEDNUMBER I-MASKEDNUMBER I-MASKEDNUMBER I-MASKEDNUMBER I-MASKEDNUMBER I-MASKEDNUMBER I-MASKEDNUMBER I-MASKEDNUMBER I-MASKEDNUMBER O O O O O B-IPADDRESS I-IPADDRESS I-IPADDRESS I-IPADDRESS I-IPADDRESS O O O O,0.9090909090909091,"[{""type"": ""NEARBYGPSCOORDINATE"", ""start"": 7, ""end"": 18, ""text"": ""[ 5@@ 1.7@@ 705 , -@@ 8@@ 7.@@ 23@@ 66 ]""}, {""type"": ""MIDDLENAME"", ""start"": 23, ""end"": 24, ""text"": ""Thị""}, {""type"": ""DOB"", ""start"": 33, ""end"": 37, ""text"": ""ngày 04-@@ 04-@@ 2013""}, {""type"": ""MASKEDNUMBER"", ""start"": 43, ""end"": 52, ""text"": ""0@@ 28@@ 77@@ 8@@ 48@@ 98@@ 45@@ 39@@ 48""}, {""type"": ""IPADDRESS"", ""start"": 57, ""end"": 62, ""text"": ""14@@ 3.@@ 2.8@@ 5.@@ 65""}]","[{""type"": ""NEARBYGPSCOORDINATE"", ""start"": 7, ""end"": 18, ""text"": ""[ 5@@ 1.7@@ 705 , -@@ 8@@ 7.@@ 23@@ 66 ]""}, {""type"": ""JOBTYPE"", ""start"": 19, ""end"": 20, ""text"": ""Phóng_viên""}, {""type"": ""MIDDLENAME"", ""start"": 23, ""end"": 24, ""text"": ""Thị""}, {""type"": ""DOB"", ""start"": 33, ""end"": 37, ""text"": ""ngày 04-@@ 04-@@ 2013""}, {""type"": ""MASKEDNUMBER"", ""start"": 43, ""end"": 52, ""text"": ""0@@ 28@@ 77@@ 8@@ 48@@ 98@@ 45@@ 39@@ 48""}, {""type"": ""IPADDRESS"", ""start"": 57, ""end"": 62, ""text"": ""14@@ 3.@@ 2.8@@ 5.@@ 65""}]",O O O O O O O B-NEARBYGPSCOORDINATE I-NEARBYGPSCOORDINATE I-NEARBYGPSCOORDINATE I-NEARBYGPSCOORDINATE I-NEARBYGPSCOORDINATE I-NEARBYGPSCOORDINATE I-NEARBYGPSCOORDINATE I-NEARBYGPSCOORDINATE I-NEARBYGPSCOORDINATE I-NEARBYGPSCOORDINATE I-NEARBYGPSCOORDINATE O O O O O B-MIDDLENAME O O O O O O O O O B-DOB I-DOB I-DOB I-DOB O O O O O O B-MASKEDNUMBER I-MASKEDNUMBER I-MASKEDNUMBER I-MASKEDNUMBER I-MASKEDNUMBER I-MASKEDNUMBER I-MASKEDNUMBER I-MASKEDNUMBER I-MASKEDNUMBER O O O O O B-IPADDRESS I-IPADDRESS I-IPADDRESS I-IPADDRESS I-IPADDRESS O O O O,O O O O O O O B-NEARBYGPSCOORDINATE I-NEARBYGPSCOORDINATE I-NEARBYGPSCOORDINATE I-NEARBYGPSCOORDINATE I-NEARBYGPSCOORDINATE I-NEARBYGPSCOORDINATE I-NEARBYGPSCOORDINATE I-NEARBYGPSCOORDINATE I-NEARBYGPSCOORDINATE I-NEARBYGPSCOORDINATE I-NEARBYGPSCOORDINATE O B-JOBTYPE O O O B-MIDDLENAME O O O O O O O O O B-DOB I-DOB I-DOB I-DOB O O O O O O B-MASKEDNUMBER I-MASKEDNUMBER I-MASKEDNUMBER I-MASKEDNUMBER I-MASKEDNUMBER I-MASKEDNUMBER I-MASKEDNUMBER I-MASKEDNUMBER I-MASKEDNUMBER O O O O O B-IPADDRESS I-IPADDRESS I-IPADDRESS I-IPADDRESS I-IPADDRESS O O O O,0.9090909090909091,"[{""type"": ""NEARBYGPSCOORDINATE"", ""start"": 7, ""end"": 18, ""text"": ""[ 5@@ 1.7@@ 705 , -@@ 8@@ 7.@@ 23@@ 66 ]""}, {""type"": ""MIDDLENAME"", ""start"": 23, ""end"": 24, ""text"": ""Thị""}, {""type"": ""DOB"", ""start"": 33, ""end"": 37, ""text"": ""ngày 04-@@ 04-@@ 2013""}, {""type"": ""MASKEDNUMBER"", ""start"": 43, ""end"": 52, ""text"": ""0@@ 28@@ 77@@ 8@@ 48@@ 98@@ 45@@ 39@@ 48""}, {""type"": ""IPADDRESS"", ""start"": 57, ""end"": 62, ""text"": ""14@@ 3.@@ 2.8@@ 5.@@ 65""}]","[{""type"": ""NEARBYGPSCOORDINATE"", ""start"": 7, ""end"": 18, ""text"": ""[ 5@@ 1.7@@ 705 , -@@ 8@@ 7.@@ 23@@ 66 ]""}, {""type"": ""JOBTYPE"", ""start"": 19, ""end"": 20, ""text"": ""Phóng_viên""}, {""type"": ""MIDDLENAME"", ""start"": 23, ""end"": 24, ""text"": ""Thị""}, {""type"": ""DOB"", ""start"": 33, ""end"": 37, ""text"": ""ngày 04-@@ 04-@@ 2013""}, {""type"": ""MASKEDNUMBER"", ""start"": 43, ""end"": 52, ""text"": ""0@@ 28@@ 77@@ 8@@ 48@@ 98@@ 45@@ 39@@ 48""}, {""type"": ""IPADDRESS"", ""start"": 57, ""end"": 62, ""text"": ""14@@ 3.@@ 2.8@@ 5.@@ 65""}]",O O O O O O O B-NEARBYGPSCOORDINATE I-NEARBYGPSCOORDINATE I-NEARBYGPSCOORDINATE I-NEARBYGPSCOORDINATE I-NEARBYGPSCOORDINATE I-NEARBYGPSCOORDINATE I-NEARBYGPSCOORDINATE I-NEARBYGPSCOORDINATE I-NEARBYGPSCOORDINATE I-NEARBYGPSCOORDINATE I-NEARBYGPSCOORDINATE O O O O O B-MIDDLENAME O O O O O O O O O B-DOB I-DOB I-DOB I-DOB O O O O O O B-MASKEDNUMBER I-MASKEDNUMBER I-MASKEDNUMBER I-MASKEDNUMBER I-MASKEDNUMBER I-MASKEDNUMBER I-MASKEDNUMBER I-MASKEDNUMBER I-MASKEDNUMBER O O O O O B-IPADDRESS I-IPADDRESS I-IPADDRESS I-IPADDRESS I-IPADDRESS O O O O,O O O O O O O B-NEARBYGPSCOORDINATE I-NEARBYGPSCOORDINATE I-NEARBYGPSCOORDINATE I-NEARBYGPSCOORDINATE I-NEARBYGPSCOORDINATE I-NEARBYGPSCOORDINATE I-NEARBYGPSCOORDINATE I-NEARBYGPSCOORDINATE I-NEARBYGPSCOORDINATE I-NEARBYGPSCOORDINATE I-NEARBYGPSCOORDINATE O B-JOBTYPE O O O B-MIDDLENAME O O O O O O O O O B-DOB I-DOB I-DOB I-DOB O O O O O O B-MASKEDNUMBER I-MASKEDNUMBER I-MASKEDNUMBER I-MASKEDNUMBER I-MASKEDNUMBER I-MASKEDNUMBER I-MASKEDNUMBER I-MASKEDNUMBER I-MASKEDNUMBER O O O O O B-IPADDRESS I-IPADDRESS I-IPADDRESS I-IPADDRESS I-IPADDRESS O O O O,0.7272727272727272,"[{""type"": ""NEARBYGPSCOORDINATE"", ""start"": 10, ""end"": 20, ""text"": ""▁[ 5 1.7 705 , ▁- 8 7.2 366 ]""}, {""type"": ""MIDDLENAME"", ""start"": 28, ""end"": 29, ""text"": ""▁Thị""}, {""type"": ""DOB"", ""start"": 42, ""end"": 46, ""text"": ""▁ngày ▁04 -04- 2013""}, {""type"": ""MASKEDNUMBER"", ""start"": 55, ""end"": 62, ""text"": ""▁02 877 84 898 45 39 48""}, {""type"": ""IPADDRESS"", ""start"": 70, ""end"": 75, ""text"": ""▁143 . 2.8 5.6 5""}]","[{""type"": ""NEARBYGPSCOORDINATE"", ""start"": 10, ""end"": 20, ""text"": ""▁[ 5 1.7 705 , ▁- 8 7.2 366 ]""}, {""type"": ""JOBTYPE"", ""start"": 21, ""end"": 24, ""text"": ""▁Phó ng ▁viên""}, {""type"": ""MIDDLENAME"", ""start"": 28, ""end"": 29, ""text"": ""▁Thị""}, {""type"": ""DATE"", ""start"": 42, ""end"": 46, ""text"": ""▁ngày ▁04 -04- 2013""}, {""type"": ""MASKEDNUMBER"", ""start"": 55, ""end"": 62, ""text"": ""▁02 877 84 898 45 39 48""}, {""type"": ""IPADDRESS"", ""start"": 70, ""end"": 75, ""text"": ""▁143 . 2.8 5.6 5""}]",O O O O O O O O O O B-NEARBYGPSCOORDINATE I-NEARBYGPSCOORDINATE I-NEARBYGPSCOORDINATE I-NEARBYGPSCOORDINATE I-NEARBYGPSCOORDINATE I-NEARBYGPSCOORDINATE I-NEARBYGPSCOORDINATE I-NEARBYGPSCOORDINATE I-NEARBYGPSCOORDINATE I-NEARBYGPSCOORDINATE O O O O O O O O B-MIDDLENAME O O O O O O O O O O O O O B-DOB I-DOB I-DOB I-DOB O O O O O O O O O B-MASKEDNUMBER I-MASKEDNUMBER I-MASKEDNUMBER I-MASKEDNUMBER I-MASKEDNUMBER I-MASKEDNUMBER I-MASKEDNUMBER O O O O O O O O B-IPADDRESS I-IPADDRESS I-IPADDRESS I-IPADDRESS I-IPADDRESS O O O O O O,O O O O O O O O O O B-NEARBYGPSCOORDINATE I-NEARBYGPSCOORDINATE I-NEARBYGPSCOORDINATE I-NEARBYGPSCOORDINATE I-NEARBYGPSCOORDINATE I-NEARBYGPSCOORDINATE I-NEARBYGPSCOORDINATE I-NEARBYGPSCOORDINATE I-NEARBYGPSCOORDINATE I-NEARBYGPSCOORDINATE O B-JOBTYPE I-JOBTYPE I-JOBTYPE O O O O B-MIDDLENAME O O O O O O O O O O O O O B-DATE I-DATE I-DATE I-DATE O O O O O O O O O B-MASKEDNUMBER I-MASKEDNUMBER I-MASKEDNUMBER I-MASKEDNUMBER I-MASKEDNUMBER I-MASKEDNUMBER I-MASKEDNUMBER O O O O O O O O B-IPADDRESS I-IPADDRESS I-IPADDRESS I-IPADDRESS I-IPADDRESS O O O O O O
4449,"Cha mẹ có thể cung cấp sự đồng ý cho con cái tham gia nghiên cứu hành vi học tập của chúng tôi bằng cách ký vào mẫu trực tuyến tại https://unfinished-honeydew.org trước 16-11-81. Nếu có câu hỏi, vui lòng liên hệ với Chuyên viên tư vấn.",True,0.6666666666666666,"[{""type"": ""URL"", ""start"": 20, ""end"": 33, ""text"": ""htt@@ ps@@ ://@@ un@@ fin@@ ish@@ ed-@@ ho@@ ne@@ y@@ de@@ w@@ .org""}, {""type"": ""DATE"", ""start"": 34, ""end"": 37, ""text"": ""16-@@ 11-@@ 81""}, {""type"": ""JOBTYPE"", ""start"": 46, ""end"": 48, ""text"": ""Chuyên_viên tư_vấn""}]","[{""type"": ""URL"", ""start"": 20, ""end"": 33, ""text"": ""htt@@ ps@@ ://@@ un@@ fin@@ ish@@ ed-@@ ho@@ ne@@ y@@ de@@ w@@ .org""}, {""type"": ""DATE"", ""start"": 34, ""end"": 37, ""text"": ""16-@@ 11-@@ 81""}, {""type"": ""JOBTITLE"", ""start"": 46, ""end"": 48, ""text"": ""Chuyên_viên tư_vấn""}]",O O O O O O O O O O O O O O O O O O O O B-URL I-URL I-URL I-URL I-URL I-URL I-URL I-URL I-URL I-URL I-URL I-URL I-URL O B-DATE I-DATE I-DATE O O O O O O O O O B-JOBTYPE I-JOBTYPE O,O O O O O O O O O O O O O O O O O O O O B-URL I-URL I-URL I-URL I-URL I-URL I-URL I-URL I-URL I-URL I-URL I-URL I-URL O B-DATE I-DATE I-DATE O O O O O O O O O B-JOBTITLE I-JOBTITLE O,0.6666666666666666,"[{""type"": ""URL"", ""start"": 20, ""end"": 33, ""text"": ""htt@@ ps@@ ://@@ un@@ fin@@ ish@@ ed-@@ ho@@ ne@@ y@@ de@@ w@@ .org""}, {""type"": ""DATE"", ""start"": 34, ""end"": 37, ""text"": ""16-@@ 11-@@ 81""}, {""type"": ""JOBTYPE"", ""start"": 46, ""end"": 48, ""text"": ""Chuyên_viên tư_vấn""}]","[{""type"": ""URL"", ""start"": 20, ""end"": 33, ""text"": ""htt@@ ps@@ ://@@ un@@ fin@@ ish@@ ed-@@ ho@@ ne@@ y@@ de@@ w@@ .org""}, {""type"": ""DATE"", ""start"": 34, ""end"": 37, ""text"": ""16-@@ 11-@@ 81""}, {""type"": ""JOBTITLE"", ""start"": 46, ""end"": 48, ""text"": ""Chuyên_viên tư_vấn""}]",O O O O O O O O O O O O O O O O O O O O B-URL I-URL I-URL I-URL I-URL I-URL I-URL I-URL I-URL I-URL I-URL I-URL I-URL O B-DATE I-DATE I-DATE O O O O O O O O O B-JOBTYPE I-JOBTYPE O,O O O O O O O O O O O O O O O O O O O O B-URL I-URL I-URL I-URL I-URL I-URL I-URL I-URL I-URL I-URL I-URL I-URL I-URL O B-DATE I-DATE I-DATE O O O O O O O O O B-JOBTITLE I-JOBTITLE O,0.6666666666666666,"[{""type"": ""URL"", ""start"": 20, ""end"": 33, ""text"": ""htt@@ ps@@ ://@@ un@@ fin@@ ish@@ ed-@@ ho@@ ne@@ y@@ de@@ w@@ .org""}, {""type"": ""DATE"", ""start"": 34, ""end"": 37, ""text"": ""16-@@ 11-@@ 81""}, {""type"": ""JOBTYPE"", ""start"": 46, ""end"": 48, ""text"": ""Chuyên_viên tư_vấn""}]","[{""type"": ""URL"", ""start"": 20, ""end"": 33, ""text"": ""htt@@ ps@@ ://@@ un@@ fin@@ ish@@ ed-@@ ho@@ ne@@ y@@ de@@ w@@ .org""}, {""type"": ""DATE"", ""start"": 34, ""end"": 37, ""text"": ""16-@@ 11-@@ 81""}, {""type"": ""JOBTITLE"", ""start"": 46, ""end"": 48, ""text"": ""Chuyên_viên tư_vấn""}]",O O O O O O O O O O O O O O O O O O O O B-URL I-URL I-URL I-URL I-URL I-URL I-URL I-URL I-URL I-URL I-URL I-URL I-URL O B-DATE I-DATE I-DATE O O O O O O O O O B-JOBTYPE I-JOBTYPE O,O O O O O O O O O O O O O O O O O O O O B-URL I-URL I-URL I-URL I-URL I-URL I-URL I-URL I-URL I-URL I-URL I-URL I-URL O B-DATE I-DATE I-DATE O O O O O O O O O B-JOBTITLE I-JOBTITLE O,0.6666666666666666,"[{""type"": ""URL"", ""start"": 31, ""end"": 43, ""text"": ""▁https :// un fini shed - ho ney de w . org""}, {""type"": ""DATE"", ""start"": 44, ""end"": 47, ""text"": ""▁16 -11- 81""}, {""type"": ""JOBTYPE"", ""start"": 58, ""end"": 62, ""text"": ""▁Chuyên ▁viên ▁tư ▁vấn""}]","[{""type"": ""URL"", ""start"": 31, ""end"": 43, ""text"": ""▁https :// un fini shed - ho ney de w . org""}, {""type"": ""DATE"", ""start"": 44, ""end"": 47, ""text"": ""▁16 -11- 81""}, {""type"": ""JOBTITLE"", ""start"": 58, ""end"": 62, ""text"": ""▁Chuyên ▁viên ▁tư ▁vấn""}]",O O O O O O O O O O O O O O O O O O O O O O O O O O O O O O O B-URL I-URL I-URL I-URL I-URL I-URL I-URL I-URL I-URL I-URL I-URL I-URL O B-DATE I-DATE I-DATE O O O O O O O O O O O B-JOBTYPE I-JOBTYPE I-JOBTYPE I-JOBTYPE O,O O O O O O O O O O O O O O O O O O O O O O O O O O O O O O O B-URL I-URL I-URL I-URL I-URL I-URL I-URL I-URL I-URL I-URL I-URL I-URL O B-DATE I-DATE I-DATE O O O O O O O O O O O B-JOBTITLE I-JOBTITLE I-JOBTITLE I-JOBTITLE O
4450,"Chúng ta có sự kiện tư vấn nghề nghiệp theo loại Giám đốc tại vị trí 62453, Quang. Hãy liên hệ với chúng tôi qua 01-037992-440228-8.",True,0.5,"[{""type"": ""JOBTYPE"", ""start"": 7, ""end"": 8, ""text"": ""Giám_đốc""}, {""type"": ""ZIPCODE"", ""start"": 10, ""end"": 13, ""text"": ""6@@ 24@@ 53""}, {""type"": ""FIRSTNAME"", ""start"": 14, ""end"": 15, ""text"": ""Quang""}, {""type"": ""PHONEIMEI"", ""start"": 21, ""end"": 30, ""text"": ""01-@@ 0@@ 37@@ 99@@ 2-@@ 4@@ 40@@ 228 -8""}]","[{""type"": ""JOBTITLE"", ""start"": 7, ""end"": 8, ""text"": ""Giám_đốc""}, {""type"": ""ZIPCODE"", ""start"": 10, ""end"": 13, ""text"": ""6@@ 24@@ 53""}, {""type"": ""MIDDLENAME"", ""start"": 14, ""end"": 15, ""text"": ""Quang""}, {""type"": ""PHONEIMEI"", ""start"": 21, ""end"": 30, ""text"": ""01-@@ 0@@ 37@@ 99@@ 2-@@ 4@@ 40@@ 228 -8""}]",O O O O O O O B-JOBTYPE O O B-ZIPCODE I-ZIPCODE I-ZIPCODE O B-FIRSTNAME O O O O O O B-PHONEIMEI I-PHONEIMEI I-PHONEIMEI I-PHONEIMEI I-PHONEIMEI I-PHONEIMEI I-PHONEIMEI I-PHONEIMEI I-PHONEIMEI O,O O O O O O O B-JOBTITLE O O B-ZIPCODE I-ZIPCODE I-ZIPCODE O B-MIDDLENAME O O O O O O B-PHONEIMEI I-PHONEIMEI I-PHONEIMEI I-PHONEIMEI I-PHONEIMEI I-PHONEIMEI I-PHONEIMEI I-PHONEIMEI I-PHONEIMEI O,0.75,"[{""type"": ""JOBTYPE"", ""start"": 7, ""end"": 8, ""text"": ""Giám_đốc""}, {""type"": ""ZIPCODE"", ""start"": 10, ""end"": 13, ""text"": ""6@@ 24@@ 53""}, {""type"": ""FIRSTNAME"", ""start"": 14, ""end"": 15, ""text"": ""Quang""}, {""type"": ""PHONEIMEI"", ""start"": 21, ""end"": 30, ""text"": ""01-@@ 0@@ 37@@ 99@@ 2-@@ 4@@ 40@@ 228 -8""}]","[{""type"": ""JOBTYPE"", ""start"": 7, ""end"": 8, ""text"": ""Giám_đốc""}, {""type"": ""ZIPCODE"", ""start"": 10, ""end"": 13, ""text"": ""6@@ 24@@ 53""}, {""type"": ""MIDDLENAME"", ""start"": 14, ""end"": 15, ""text"": ""Quang""}, {""type"": ""PHONEIMEI"", ""start"": 21, ""end"": 30, ""text"": ""01-@@ 0@@ 37@@ 99@@ 2-@@ 4@@ 40@@ 228 -8""}]",O O O O O O O B-JOBTYPE O O B-ZIPCODE I-ZIPCODE I-ZIPCODE O B-FIRSTNAME O O O O O O B-PHONEIMEI I-PHONEIMEI I-PHONEIMEI I-PHONEIMEI I-PHONEIMEI I-PHONEIMEI I-PHONEIMEI I-PHONEIMEI I-PHONEIMEI O,O O O O O O O B-JOBTYPE O O B-ZIPCODE I-ZIPCODE I-ZIPCODE O B-MIDDLENAME O O O O O O B-PHONEIMEI I-PHONEIMEI I-PHONEIMEI I-PHONEIMEI I-PHONEIMEI I-PHONEIMEI I-PHONEIMEI I-PHONEIMEI I-PHONEIMEI O,0.5,"[{""type"": ""JOBTYPE"", ""start"": 7, ""end"": 8, ""text"": ""Giám_đốc""}, {""type"": ""ZIPCODE"", ""start"": 10, ""end"": 13, ""text"": ""6@@ 24@@ 53""}, {""type"": ""FIRSTNAME"", ""start"": 14, ""end"": 15, ""text"": ""Quang""}, {""type"": ""PHONEIMEI"", ""start"": 21, ""end"": 30, ""text"": ""01-@@ 0@@ 37@@ 99@@ 2-@@ 4@@ 40@@ 228 -8""}]","[{""type"": ""JOBTITLE"", ""start"": 7, ""end"": 8, ""text"": ""Giám_đốc""}, {""type"": ""ZIPCODE"", ""start"": 10, ""end"": 13, ""text"": ""6@@ 24@@ 53""}, {""type"": ""MIDDLENAME"", ""start"": 14, ""end"": 15, ""text"": ""Quang""}, {""type"": ""PHONEIMEI"", ""start"": 21, ""end"": 30, ""text"": ""01-@@ 0@@ 37@@ 99@@ 2-@@ 4@@ 40@@ 228 -8""}]",O O O O O O O B-JOBTYPE O O B-ZIPCODE I-ZIPCODE I-ZIPCODE O B-FIRSTNAME O O O O O O B-PHONEIMEI I-PHONEIMEI I-PHONEIMEI I-PHONEIMEI I-PHONEIMEI I-PHONEIMEI I-PHONEIMEI I-PHONEIMEI I-PHONEIMEI O,O O O O O O O B-JOBTITLE O O B-ZIPCODE I-ZIPCODE I-ZIPCODE O B-MIDDLENAME O O O O O O B-PHONEIMEI I-PHONEIMEI I-PHONEIMEI I-PHONEIMEI I-PHONEIMEI I-PHONEIMEI I-PHONEIMEI I-PHONEIMEI I-PHONEIMEI O,0.5,"[{""type"": ""JOBTYPE"", ""start"": 11, ""end"": 13, ""text"": ""▁Giám ▁đốc""}, {""type"": ""ZIPCODE"", ""start"": 16, ""end"": 18, ""text"": ""▁62 453""}, {""type"": ""FIRSTNAME"", ""start"": 19, ""end"": 20, ""text"": ""▁Quang""}, {""type"": ""PHONEIMEI"", ""start"": 28, ""end"": 35, ""text"": ""▁01 -03 799 2- 440 228 -8""}]","[{""type"": ""JOBTITLE"", ""start"": 11, ""end"": 13, ""text"": ""▁Giám ▁đốc""}, {""type"": ""ZIPCODE"", ""start"": 16, ""end"": 18, ""text"": ""▁62 453""}, {""type"": ""MIDDLENAME"", ""start"": 19, ""end"": 20, ""text"": ""▁Quang""}, {""type"": ""PHONEIMEI"", ""start"": 28, ""end"": 35, ""text"": ""▁01 -03 799 2- 440 228 -8""}]",O O O O O O O O O O O B-JOBTYPE I-JOBTYPE O O O B-ZIPCODE I-ZIPCODE O B-FIRSTNAME O O O O O O O O B-PHONEIMEI I-PHONEIMEI I-PHONEIMEI I-PHONEIMEI I-PHONEIMEI I-PHONEIMEI I-PHONEIMEI O,O O O O O O O O O O O B-JOBTITLE I-JOBTITLE O O O B-ZIPCODE I-ZIPCODE O B-MIDDLENAME O O O O O O O O B-PHONEIMEI I-PHONEIMEI I-PHONEIMEI I-PHONEIMEI I-PHONEIMEI I-PHONEIMEI I-PHONEIMEI O
4471,"Xin chào, tôi là trung_1995 từ phòng kiểm tra. Xác nhận lịch kiểm tra của bạn lần này trên ngày 22 tháng Tám năm 1967. Hãy sử dụng bảng điều khiển để theo dõi tiến độ.",True,0.5,"[{""type"": ""USERNAME"", ""start"": 5, ""end"": 8, ""text"": ""trung _ 1995""}, {""type"": ""DOB"", ""start"": 20, ""end"": 26, ""text"": ""ngày 22 tháng Tám năm 1967""}]","[{""type"": ""USERNAME"", ""start"": 5, ""end"": 8, ""text"": ""trung _ 1995""}, {""type"": ""DATE"", ""start"": 20, ""end"": 26, ""text"": ""ngày 22 tháng Tám năm 1967""}]",O O O O O B-USERNAME I-USERNAME I-USERNAME O O O O O O O O O O O O B-DOB I-DOB I-DOB I-DOB I-DOB I-DOB O O O O O O O O O,O O O O O B-USERNAME I-USERNAME I-USERNAME O O O O O O O O O O O O B-DATE I-DATE I-DATE I-DATE I-DATE I-DATE O O O O O O O O O,0.5,"[{""type"": ""USERNAME"", ""start"": 5, ""end"": 8, ""text"": ""trung _ 1995""}, {""type"": ""DOB"", ""start"": 20, ""end"": 26, ""text"": ""ngày 22 tháng Tám năm 1967""}]","[{""type"": ""USERNAME"", ""start"": 5, ""end"": 8, ""text"": ""trung _ 1995""}, {""type"": ""DATE"", ""start"": 20, ""end"": 26, ""text"": ""ngày 22 tháng Tám năm 1967""}]",O O O O O B-USERNAME I-USERNAME I-USERNAME O O O O O O O O O O O O B-DOB I-DOB I-DOB I-DOB I-DOB I-DOB O O O O O O O O O,O O O O O B-USERNAME I-USERNAME I-USERNAME O O O O O O O O O O O O B-DATE I-DATE I-DATE I-DATE I-DATE I-DATE O O O O O O O O O,0.5,"[{""type"": ""USERNAME"", ""start"": 5, ""end"": 8, ""text"": ""trung _ 1995""}, {""type"": ""DOB"", ""start"": 20, ""end"": 26, ""text"": ""ngày 22 tháng Tám năm 1967""}]","[{""type"": ""USERNAME"", ""start"": 5, ""end"": 8, ""text"": ""trung _ 1995""}, {""type"": ""DATE"", ""start"": 20, ""end"": 26, ""text"": ""ngày 22 tháng Tám năm 1967""}]",O O O O O B-USERNAME I-USERNAME I-USERNAME O O O O O O O O O O O O B-DOB I-DOB I-DOB I-DOB I-DOB I-DOB O O O O O O O O O,O O O O O B-USERNAME I-USERNAME I-USERNAME O O O O O O O O O O O O B-DATE I-DATE I-DATE I-DATE I-DATE I-DATE O O O O O O O O O,0.5,"[{""type"": ""USERNAME"", ""start"": 5, ""end"": 8, ""text"": ""▁trung _ 1995""}, {""type"": ""DOB"", ""start"": 24, ""end"": 31, ""text"": ""▁ngày ▁22 ▁tháng ▁Tá m ▁năm ▁1967""}]","[{""type"": ""USERNAME"", ""start"": 5, ""end"": 8, ""text"": ""▁trung _ 1995""}, {""type"": ""DATE"", ""start"": 24, ""end"": 31, ""text"": ""▁ngày ▁22 ▁tháng ▁Tá m ▁năm ▁1967""}]",O O O O O B-USERNAME I-USERNAME I-USERNAME O O O O O O O O O O O O O O O O B-DOB I-DOB I-DOB I-DOB I-DOB I-DOB I-DOB O O O O O O O O O O O O O,O O O O O B-USERNAME I-USERNAME I-USERNAME O O O O O O O O O O O O O O O O B-DATE I-DATE I-DATE I-DATE I-DATE I-DATE I-DATE O O O O O O O O O O O O O
4472,"Thân gửi Nữ, tôi xin thông báo rằng Nhi đã thể hiện thái độ tích cực đối với các bài tập và hoạt động trong lớp. Tuy nhiên, cần cải thiện một chút trong môn toán.",True,0.5,"[{""type"": ""FIRSTNAME"", ""start"": 2, ""end"": 3, ""text"": ""Nữ""}, {""type"": ""FIRSTNAME"", ""start"": 8, ""end"": 9, ""text"": ""Nhi""}]","[{""type"": ""SEX"", ""start"": 2, ""end"": 3, ""text"": ""Nữ""}, {""type"": ""FIRSTNAME"", ""start"": 8, ""end"": 9, ""text"": ""Nhi""}]",O O B-FIRSTNAME O O O O O B-FIRSTNAME O O O O O O O O O O O O O O O O O O O O O,O O B-SEX O O O O O B-FIRSTNAME O O O O O O O O O O O O O O O O O O O O O,0.5,"[{""type"": ""FIRSTNAME"", ""start"": 2, ""end"": 3, ""text"": ""Nữ""}, {""type"": ""FIRSTNAME"", ""start"": 8, ""end"": 9, ""text"": ""Nhi""}]","[{""type"": ""SEX"", ""start"": 2, ""end"": 3, ""text"": ""Nữ""}, {""type"": ""FIRSTNAME"", ""start"": 8, ""end"": 9, ""text"": ""Nhi""}]",O O B-FIRSTNAME O O O O O B-FIRSTNAME O O O O O O O O O O O O O O O O O O O O O,O O B-SEX O O O O O B-FIRSTNAME O O O O O O O O O O O O O O O O O O O O O,0.5,"[{""type"": ""FIRSTNAME"", ""start"": 2, ""end"": 3, ""text"": ""Nữ""}, {""type"": ""FIRSTNAME"", ""start"": 8, ""end"": 9, ""text"": ""Nhi""}]","[{""type"": ""SEX"", ""start"": 2, ""end"": 3, ""text"": ""Nữ""}, {""type"": ""FIRSTNAME"", ""start"": 8, ""end"": 9, ""text"": ""Nhi""}]",O O B-FIRSTNAME O O O O O B-FIRSTNAME O O O O O O O O O O O O O O O O O O O O O,O O B-SEX O O O O O B-FIRSTNAME O O O O O O O O O O O O O O O O O O O O O,0.5,"[{""type"": ""FIRSTNAME"", ""start"": 2, ""end"": 3, ""text"": ""▁Nữ""}, {""type"": ""FIRSTNAME"", ""start"": 9, ""end"": 10, ""text"": ""▁Nhi""}]","[{""type"": ""SEX"", ""start"": 2, ""end"": 3, ""text"": ""▁Nữ""}, {""type"": ""FIRSTNAME"", ""start"": 9, ""end"": 10, ""text"": ""▁Nhi""}]",O O B-FIRSTNAME O O O O O O B-FIRSTNAME O O O O O O O O O O O O O O O O O O O O O O O O O O O O O O,O O B-SEX O O O O O O B-FIRSTNAME O O O O O O O O O O O O O O O O O O O O O O O O O O O O O O
4492,"Đội ngũ pháp lý, mẫu đơn phá sản cho Mẫn Thành đã nhận, vui lòng xác minh số nợ đã yêu cầu bằng VND897092.34 với số tài khoản ngân hàng 098824664222 (VietinBank).",True,0.8000000000000002,"[{""type"": ""FIRSTNAME"", ""start"": 6, ""end"": 7, ""text"": ""Mẫn_@@""}, {""type"": ""MIDDLENAME"", ""start"": 7, ""end"": 8, ""text"": ""Thành""}, {""type"": ""CURRENCYCODE"", ""start"": 18, ""end"": 19, ""text"": ""VND""}, {""type"": ""AMOUNT"", ""start"": 19, ""end"": 24, ""text"": ""8@@ 97@@ 09@@ 2.@@ 34""}, {""type"": ""ACCOUNTNUMBER"", ""start"": 28, ""end"": 37, ""text"": ""09@@ 88@@ 24@@ 6@@ 64@@ 222 ( VietinBank )""}]","[{""type"": ""FIRSTNAME"", ""start"": 6, ""end"": 7, ""text"": ""Mẫn_@@""}, {""type"": ""MIDDLENAME"", ""start"": 7, ""end"": 8, ""text"": ""Thành""}, {""type"": ""CURRENCYSYMBOL"", ""start"": 18, ""end"": 19, ""text"": ""VND""}, {""type"": ""AMOUNT"", ""start"": 19, ""end"": 24, ""text"": ""8@@ 97@@ 09@@ 2.@@ 34""}, {""type"": ""ACCOUNTNUMBER"", ""start"": 28, ""end"": 37, ""text"": ""09@@ 88@@ 24@@ 6@@ 64@@ 222 ( VietinBank )""}]",O O O O O O B-FIRSTNAME B-MIDDLENAME O O O O O O O O O O B-CURRENCYCODE B-AMOUNT I-AMOUNT I-AMOUNT I-AMOUNT I-AMOUNT O O O O B-ACCOUNTNUMBER I-ACCOUNTNUMBER I-ACCOUNTNUMBER I-ACCOUNTNUMBER I-ACCOUNTNUMBER I-ACCOUNTNUMBER I-ACCOUNTNUMBER I-ACCOUNTNUMBER I-ACCOUNTNUMBER O,O O O O O O B-FIRSTNAME B-MIDDLENAME O O O O O O O O O O B-CURRENCYSYMBOL B-AMOUNT I-AMOUNT I-AMOUNT I-AMOUNT I-AMOUNT O O O O B-ACCOUNTNUMBER I-ACCOUNTNUMBER I-ACCOUNTNUMBER I-ACCOUNTNUMBER I-ACCOUNTNUMBER I-ACCOUNTNUMBER I-ACCOUNTNUMBER I-ACCOUNTNUMBER I-ACCOUNTNUMBER O,0.8000000000000002,"[{""type"": ""FIRSTNAME"", ""start"": 6, ""end"": 7, ""text"": ""Mẫn_@@""}, {""type"": ""MIDDLENAME"", ""start"": 7, ""end"": 8, ""text"": ""Thành""}, {""type"": ""CURRENCYCODE"", ""start"": 18, ""end"": 19, ""text"": ""VND""}, {""type"": ""AMOUNT"", ""start"": 19, ""end"": 24, ""text"": ""8@@ 97@@ 09@@ 2.@@ 34""}, {""type"": ""ACCOUNTNUMBER"", ""start"": 28, ""end"": 37, ""text"": ""09@@ 88@@ 24@@ 6@@ 64@@ 222 ( VietinBank )""}]","[{""type"": ""FIRSTNAME"", ""start"": 6, ""end"": 7, ""text"": ""Mẫn_@@""}, {""type"": ""MIDDLENAME"", ""start"": 7, ""end"": 8, ""text"": ""Thành""}, {""type"": ""CURRENCYSYMBOL"", ""start"": 18, ""end"": 19, ""text"": ""VND""}, {""type"": ""AMOUNT"", ""start"": 19, ""end"": 24, ""text"": ""8@@ 97@@ 09@@ 2.@@ 34""}, {""type"": ""ACCOUNTNUMBER"", ""start"": 28, ""end"": 37, ""text"": ""09@@ 88@@ 24@@ 6@@ 64@@ 222 ( VietinBank )""}]",O O O O O O B-FIRSTNAME B-MIDDLENAME O O O O O O O O O O B-CURRENCYCODE B-AMOUNT I-AMOUNT I-AMOUNT I-AMOUNT I-AMOUNT O O O O B-ACCOUNTNUMBER I-ACCOUNTNUMBER I-ACCOUNTNUMBER I-ACCOUNTNUMBER I-ACCOUNTNUMBER I-ACCOUNTNUMBER I-ACCOUNTNUMBER I-ACCOUNTNUMBER I-ACCOUNTNUMBER O,O O O O O O B-FIRSTNAME B-MIDDLENAME O O O O O O O O O O B-CURRENCYSYMBOL B-AMOUNT I-AMOUNT I-AMOUNT I-AMOUNT I-AMOUNT O O O O B-ACCOUNTNUMBER I-ACCOUNTNUMBER I-ACCOUNTNUMBER I-ACCOUNTNUMBER I-ACCOUNTNUMBER I-ACCOUNTNUMBER I-ACCOUNTNUMBER I-ACCOUNTNUMBER I-ACCOUNTNUMBER O,0.4444444444444445,"[{""type"": ""FIRSTNAME"", ""start"": 6, ""end"": 7, ""text"": ""Mẫn_@@""}, {""type"": ""MIDDLENAME"", ""start"": 7, ""end"": 8, ""text"": ""Thành""}, {""type"": ""CURRENCYCODE"", ""start"": 18, ""end"": 19, ""text"": ""VND""}, {""type"": ""AMOUNT"", ""start"": 19, ""end"": 24, ""text"": ""8@@ 97@@ 09@@ 2.@@ 34""}, {""type"": ""ACCOUNTNUMBER"", ""start"": 28, ""end"": 37, ""text"": ""09@@ 88@@ 24@@ 6@@ 64@@ 222 ( VietinBank )""}]","[{""type"": ""COMPANYNAME"", ""start"": 6, ""end"": 8, ""text"": ""Mẫn_@@ Thành""}, {""type"": ""CURRENCYSYMBOL"", ""start"": 18, ""end"": 19, ""text"": ""VND""}, {""type"": ""AMOUNT"", ""start"": 19, ""end"": 24, ""text"": ""8@@ 97@@ 09@@ 2.@@ 34""}, {""type"": ""ACCOUNTNUMBER"", ""start"": 28, ""end"": 37, ""text"": ""09@@ 88@@ 24@@ 6@@ 64@@ 222 ( VietinBank )""}]",O O O O O O B-FIRSTNAME B-MIDDLENAME O O O O O O O O O O B-CURRENCYCODE B-AMOUNT I-AMOUNT I-AMOUNT I-AMOUNT I-AMOUNT O O O O B-ACCOUNTNUMBER I-ACCOUNTNUMBER I-ACCOUNTNUMBER I-ACCOUNTNUMBER I-ACCOUNTNUMBER I-ACCOUNTNUMBER I-ACCOUNTNUMBER I-ACCOUNTNUMBER I-ACCOUNTNUMBER O,O O O O O O B-COMPANYNAME I-COMPANYNAME O O O O O O O O O O B-CURRENCYSYMBOL B-AMOUNT I-AMOUNT I-AMOUNT I-AMOUNT I-AMOUNT O O O O B-ACCOUNTNUMBER I-ACCOUNTNUMBER I-ACCOUNTNUMBER I-ACCOUNTNUMBER I-ACCOUNTNUMBER I-ACCOUNTNUMBER I-ACCOUNTNUMBER I-ACCOUNTNUMBER I-ACCOUNTNUMBER O,0.6,"[{""type"": ""FIRSTNAME"", ""start"": 11, ""end"": 14, ""text"": ""▁M ẫ n""}, {""type"": ""MIDDLENAME"", ""start"": 14, ""end"": 15, ""text"": ""▁Thành""}, {""type"": ""CURRENCYCODE"", ""start"": 28, ""end"": 30, ""text"": ""▁V ND""}, {""type"": ""AMOUNT"", ""start"": 30, ""end"": 34, ""text"": ""89 709 2. 34""}, {""type"": ""ACCOUNTNUMBER"", ""start"": 40, ""end"": 50, ""text"": ""▁09 88 24 664 222 ▁( Vi etin Bank ).""}]","[{""type"": ""FIRSTNAME"", ""start"": 11, ""end"": 14, ""text"": ""▁M ẫ n""}, {""type"": ""COMPANYNAME"", ""start"": 14, ""end"": 15, ""text"": ""▁Thành""}, {""type"": ""CURRENCYSYMBOL"", ""start"": 28, ""end"": 30, ""text"": ""▁V ND""}, {""type"": ""AMOUNT"", ""start"": 30, ""end"": 34, ""text"": ""89 709 2. 34""}, {""type"": ""ACCOUNTNUMBER"", ""start"": 40, ""end"": 50, ""text"": ""▁09 88 24 664 222 ▁( Vi etin Bank ).""}]",O O O O O O O O O O O B-FIRSTNAME I-FIRSTNAME I-FIRSTNAME B-MIDDLENAME O O O O O O O O O O O O O B-CURRENCYCODE I-CURRENCYCODE B-AMOUNT I-AMOUNT I-AMOUNT I-AMOUNT O O O O O O B-ACCOUNTNUMBER I-ACCOUNTNUMBER I-ACCOUNTNUMBER I-ACCOUNTNUMBER I-ACCOUNTNUMBER I-ACCOUNTNUMBER I-ACCOUNTNUMBER I-ACCOUNTNUMBER I-ACCOUNTNUMBER I-ACCOUNTNUMBER,O O O O O O O O O O O B-FIRSTNAME I-FIRSTNAME I-FIRSTNAME I-COMPANYNAME O O O O O O O O O O O O O B-CURRENCYSYMBOL I-CURRENCYSYMBOL B-AMOUNT I-AMOUNT I-AMOUNT I-AMOUNT O O O O O O B-ACCOUNTNUMBER I-ACCOUNTNUMBER I-ACCOUNTNUMBER I-ACCOUNTNUMBER I-ACCOUNTNUMBER I-ACCOUNTNUMBER I-ACCOUNTNUMBER I-ACCOUNTNUMBER I-ACCOUNTNUMBER I-ACCOUNTNUMBER
4534,"Thân gửi Nam, hãy đóng góp cho sứ mệnh của chúng tôi trong việc thúc đẩy giáo dục giới tính. Vui lòng gửi khoản quyên góp của bạn đến 3Z7CsnpwzpoZEWxdfGhb4CJmZh.",True,0.5,"[{""type"": ""SEX"", ""start"": 2, ""end"": 3, ""text"": ""Nam""}, {""type"": ""LITECOINADDRESS"", ""start"": 24, ""end"": 47, ""text"": ""3@@ Z@@ 7@@ C@@ sn@@ p@@ w@@ z@@ po@@ Z@@ E@@ W@@ x@@ d@@ f@@ Gh@@ b@@ 4@@ C@@ J@@ m@@ Z@@ h""}]","[{""type"": ""SEX"", ""start"": 2, ""end"": 3, ""text"": ""Nam""}, {""type"": ""BITCOINADDRESS"", ""start"": 24, ""end"": 47, ""text"": ""3@@ Z@@ 7@@ C@@ sn@@ p@@ w@@ z@@ po@@ Z@@ E@@ W@@ x@@ d@@ f@@ Gh@@ b@@ 4@@ C@@ J@@ m@@ Z@@ h""}]",O O B-SEX O O O O O O O O O O O O O O O O O O O O O B-LITECOINADDRESS I-LITECOINADDRESS I-LITECOINADDRESS I-LITECOINADDRESS I-LITECOINADDRESS I-LITECOINADDRESS I-LITECOINADDRESS I-LITECOINADDRESS I-LITECOINADDRESS I-LITECOINADDRESS I-LITECOINADDRESS I-LITECOINADDRESS I-LITECOINADDRESS I-LITECOINADDRESS I-LITECOINADDRESS I-LITECOINADDRESS I-LITECOINADDRESS I-LITECOINADDRESS I-LITECOINADDRESS I-LITECOINADDRESS I-LITECOINADDRESS I-LITECOINADDRESS I-LITECOINADDRESS O,O O B-SEX O O O O O O O O O O O O O O O O O O O O O B-BITCOINADDRESS I-BITCOINADDRESS I-BITCOINADDRESS I-BITCOINADDRESS I-BITCOINADDRESS I-BITCOINADDRESS I-BITCOINADDRESS I-BITCOINADDRESS I-BITCOINADDRESS I-BITCOINADDRESS I-BITCOINADDRESS I-BITCOINADDRESS I-BITCOINADDRESS I-BITCOINADDRESS I-BITCOINADDRESS I-BITCOINADDRESS I-BITCOINADDRESS I-BITCOINADDRESS I-BITCOINADDRESS I-BITCOINADDRESS I-BITCOINADDRESS I-BITCOINADDRESS I-BITCOINADDRESS O,0.5,"[{""type"": ""SEX"", ""start"": 2, ""end"": 3, ""text"": ""Nam""}, {""type"": ""LITECOINADDRESS"", ""start"": 24, ""end"": 47, ""text"": ""3@@ Z@@ 7@@ C@@ sn@@ p@@ w@@ z@@ po@@ Z@@ E@@ W@@ x@@ d@@ f@@ Gh@@ b@@ 4@@ C@@ J@@ m@@ Z@@ h""}]","[{""type"": ""SEX"", ""start"": 2, ""end"": 3, ""text"": ""Nam""}, {""type"": ""BITCOINADDRESS"", ""start"": 24, ""end"": 47, ""text"": ""3@@ Z@@ 7@@ C@@ sn@@ p@@ w@@ z@@ po@@ Z@@ E@@ W@@ x@@ d@@ f@@ Gh@@ b@@ 4@@ C@@ J@@ m@@ Z@@ h""}]",O O B-SEX O O O O O O O O O O O O O O O O O O O O O B-LITECOINADDRESS I-LITECOINADDRESS I-LITECOINADDRESS I-LITECOINADDRESS I-LITECOINADDRESS I-LITECOINADDRESS I-LITECOINADDRESS I-LITECOINADDRESS I-LITECOINADDRESS I-LITECOINADDRESS I-LITECOINADDRESS I-LITECOINADDRESS I-LITECOINADDRESS I-LITECOINADDRESS I-LITECOINADDRESS I-LITECOINADDRESS I-LITECOINADDRESS I-LITECOINADDRESS I-LITECOINADDRESS I-LITECOINADDRESS I-LITECOINADDRESS I-LITECOINADDRESS I-LITECOINADDRESS O,O O B-SEX O O O O O O O O O O O O O O O O O O O O O B-BITCOINADDRESS I-BITCOINADDRESS I-BITCOINADDRESS I-BITCOINADDRESS I-BITCOINADDRESS I-BITCOINADDRESS I-BITCOINADDRESS I-BITCOINADDRESS I-BITCOINADDRESS I-BITCOINADDRESS I-BITCOINADDRESS I-BITCOINADDRESS I-BITCOINADDRESS I-BITCOINADDRESS I-BITCOINADDRESS I-BITCOINADDRESS I-BITCOINADDRESS I-BITCOINADDRESS I-BITCOINADDRESS I-BITCOINADDRESS I-BITCOINADDRESS I-BITCOINADDRESS I-BITCOINADDRESS O,0.5,"[{""type"": ""SEX"", ""start"": 2, ""end"": 3, ""text"": ""Nam""}, {""type"": ""LITECOINADDRESS"", ""start"": 24, ""end"": 47, ""text"": ""3@@ Z@@ 7@@ C@@ sn@@ p@@ w@@ z@@ po@@ Z@@ E@@ W@@ x@@ d@@ f@@ Gh@@ b@@ 4@@ C@@ J@@ m@@ Z@@ h""}]","[{""type"": ""SEX"", ""start"": 2, ""end"": 3, ""text"": ""Nam""}, {""type"": ""BITCOINADDRESS"", ""start"": 24, ""end"": 47, ""text"": ""3@@ Z@@ 7@@ C@@ sn@@ p@@ w@@ z@@ po@@ Z@@ E@@ W@@ x@@ d@@ f@@ Gh@@ b@@ 4@@ C@@ J@@ m@@ Z@@ h""}]",O O B-SEX O O O O O O O O O O O O O O O O O O O O O B-LITECOINADDRESS I-LITECOINADDRESS I-LITECOINADDRESS I-LITECOINADDRESS I-LITECOINADDRESS I-LITECOINADDRESS I-LITECOINADDRESS I-LITECOINADDRESS I-LITECOINADDRESS I-LITECOINADDRESS I-LITECOINADDRESS I-LITECOINADDRESS I-LITECOINADDRESS I-LITECOINADDRESS I-LITECOINADDRESS I-LITECOINADDRESS I-LITECOINADDRESS I-LITECOINADDRESS I-LITECOINADDRESS I-LITECOINADDRESS I-LITECOINADDRESS I-LITECOINADDRESS I-LITECOINADDRESS O,O O B-SEX O O O O O O O O O O O O O O O O O O O O O B-BITCOINADDRESS I-BITCOINADDRESS I-BITCOINADDRESS I-BITCOINADDRESS I-BITCOINADDRESS I-BITCOINADDRESS I-BITCOINADDRESS I-BITCOINADDRESS I-BITCOINADDRESS I-BITCOINADDRESS I-BITCOINADDRESS I-BITCOINADDRESS I-BITCOINADDRESS I-BITCOINADDRESS I-BITCOINADDRESS I-BITCOINADDRESS I-BITCOINADDRESS I-BITCOINADDRESS I-BITCOINADDRESS I-BITCOINADDRESS I-BITCOINADDRESS I-BITCOINADDRESS I-BITCOINADDRESS O,0.5,"[{""type"": ""SEX"", ""start"": 2, ""end"": 3, ""text"": ""▁Nam""}, {""type"": ""LITECOINADDRESS"", ""start"": 32, ""end"": 54, ""text"": ""▁3 Z 7 C s np w z po ZE W x d f G hb 4 C J m Z h""}]","[{""type"": ""SEX"", ""start"": 2, ""end"": 3, ""text"": ""▁Nam""}, {""type"": ""BITCOINADDRESS"", ""start"": 32, ""end"": 54, ""text"": ""▁3 Z 7 C s np w z po ZE W x d f G hb 4 C J m Z h""}]",O O B-SEX O O O O O O O O O O O O O O O O O O O O O O O O O O O O O B-LITECOINADDRESS I-LITECOINADDRESS I-LITECOINADDRESS I-LITECOINADDRESS I-LITECOINADDRESS I-LITECOINADDRESS I-LITECOINADDRESS I-LITECOINADDRESS I-LITECOINADDRESS I-LITECOINADDRESS I-LITECOINADDRESS I-LITECOINADDRESS I-LITECOINADDRESS I-LITECOINADDRESS I-LITECOINADDRESS I-LITECOINADDRESS I-LITECOINADDRESS I-LITECOINADDRESS I-LITECOINADDRESS I-LITECOINADDRESS I-LITECOINADDRESS I-LITECOINADDRESS O,O O B-SEX O O O O O O O O O O O O O O O O O O O O O O O O O O O O O B-BITCOINADDRESS I-BITCOINADDRESS I-BITCOINADDRESS I-BITCOINADDRESS I-BITCOINADDRESS I-BITCOINADDRESS I-BITCOINADDRESS I-BITCOINADDRESS I-BITCOINADDRESS I-BITCOINADDRESS I-BITCOINADDRESS I-BITCOINADDRESS I-BITCOINADDRESS I-BITCOINADDRESS I-BITCOINADDRESS I-BITCOINADDRESS I-BITCOINADDRESS I-BITCOINADDRESS I-BITCOINADDRESS I-BITCOINADDRESS I-BITCOINADDRESS I-BITCOINADDRESS O
4537,Chúng tôi đang quyên góp VND cho một tổ chức phi chính phủ đang làm việc trong lĩnh vực Y học Dự phòng. Liệu có thể chuyển khoản số tiền này từ BE88009001170066 của chúng tôi không?,True,0.5,"[{""type"": ""CURRENCYSYMBOL"", ""start"": 3, ""end"": 4, ""text"": ""VND""}, {""type"": ""IBAN"", ""start"": 22, ""end"": 29, ""text"": ""BE@@ 88@@ 00@@ 900@@ 117@@ 00@@ 66""}]","[{""type"": ""CURRENCYCODE"", ""start"": 3, ""end"": 4, ""text"": ""VND""}, {""type"": ""IBAN"", ""start"": 22, ""end"": 29, ""text"": ""BE@@ 88@@ 00@@ 900@@ 117@@ 00@@ 66""}]",O O O B-CURRENCYSYMBOL O O O O O O O O O O O O O O O O O O B-IBAN I-IBAN I-IBAN I-IBAN I-IBAN I-IBAN I-IBAN O O O O,O O O B-CURRENCYCODE O O O O O O O O O O O O O O O O O O B-IBAN I-IBAN I-IBAN I-IBAN I-IBAN I-IBAN I-IBAN O O O O,0.5,"[{""type"": ""CURRENCYSYMBOL"", ""start"": 3, ""end"": 4, ""text"": ""VND""}, {""type"": ""IBAN"", ""start"": 22, ""end"": 29, ""text"": ""BE@@ 88@@ 00@@ 900@@ 117@@ 00@@ 66""}]","[{""type"": ""CURRENCYCODE"", ""start"": 3, ""end"": 4, ""text"": ""VND""}, {""type"": ""IBAN"", ""start"": 22, ""end"": 29, ""text"": ""BE@@ 88@@ 00@@ 900@@ 117@@ 00@@ 66""}]",O O O B-CURRENCYSYMBOL O O O O O O O O O O O O O O O O O O B-IBAN I-IBAN I-IBAN I-IBAN I-IBAN I-IBAN I-IBAN O O O O,O O O B-CURRENCYCODE O O O O O O O O O O O O O O O O O O B-IBAN I-IBAN I-IBAN I-IBAN I-IBAN I-IBAN I-IBAN O O O O,0.5,"[{""type"": ""CURRENCYSYMBOL"", ""start"": 3, ""end"": 4, ""text"": ""VND""}, {""type"": ""IBAN"", ""start"": 22, ""end"": 29, ""text"": ""BE@@ 88@@ 00@@ 900@@ 117@@ 00@@ 66""}]","[{""type"": ""CURRENCYCODE"", ""start"": 3, ""end"": 4, ""text"": ""VND""}, {""type"": ""IBAN"", ""start"": 22, ""end"": 29, ""text"": ""BE@@ 88@@ 00@@ 900@@ 117@@ 00@@ 66""}]",O O O B-CURRENCYSYMBOL O O O O O O O O O O O O O O O O O O B-IBAN I-IBAN I-IBAN I-IBAN I-IBAN I-IBAN I-IBAN O O O O,O O O B-CURRENCYCODE O O O O O O O O O O O O O O O O O O B-IBAN I-IBAN I-IBAN I-IBAN I-IBAN I-IBAN I-IBAN O O O O,0.5,"[{""type"": ""CURRENCYSYMBOL"", ""start"": 6, ""end"": 8, ""text"": ""▁V ND""}, {""type"": ""IBAN"", ""start"": 35, ""end"": 41, ""text"": ""▁BE 880 090 011 700 66""}]","[{""type"": ""CURRENCYCODE"", ""start"": 6, ""end"": 8, ""text"": ""▁V ND""}, {""type"": ""IBAN"", ""start"": 35, ""end"": 41, ""text"": ""▁BE 880 090 011 700 66""}]",O O O O O O B-CURRENCYSYMBOL I-CURRENCYSYMBOL O O O O O O O O O O O O O O O O O O O O O O O O O O O B-IBAN I-IBAN I-IBAN I-IBAN I-IBAN I-IBAN O O O O O,O O O O O O B-CURRENCYCODE I-CURRENCYCODE O O O O O O O O O O O O O O O O O O O O O O O O O O O B-IBAN I-IBAN I-IBAN I-IBAN I-IBAN I-IBAN O O O O O
4560,Chuyến đi trao đổi sinh viên Nam đã được xác nhận. Hoàn thành 39396 như điểm đến cuối cùng trong đơn của bạn.,True,0.5,"[{""type"": ""ORDINALDIRECTION"", ""start"": 4, ""end"": 5, ""text"": ""Nam""}, {""type"": ""ZIPCODE"", ""start"": 10, ""end"": 12, ""text"": ""39@@ 396""}]","[{""type"": ""SEX"", ""start"": 4, ""end"": 5, ""text"": ""Nam""}, {""type"": ""ZIPCODE"", ""start"": 10, ""end"": 12, ""text"": ""39@@ 396""}]",O O O O B-ORDINALDIRECTION O O O O O B-ZIPCODE I-ZIPCODE O O O O O O O O O,O O O O B-SEX O O O O O B-ZIPCODE I-ZIPCODE O O O O O O O O O,0.5,"[{""type"": ""ORDINALDIRECTION"", ""start"": 4, ""end"": 5, ""text"": ""Nam""}, {""type"": ""ZIPCODE"", ""start"": 10, ""end"": 12, ""text"": ""39@@ 396""}]","[{""type"": ""SEX"", ""start"": 4, ""end"": 5, ""text"": ""Nam""}, {""type"": ""ZIPCODE"", ""start"": 10, ""end"": 12, ""text"": ""39@@ 396""}]",O O O O B-ORDINALDIRECTION O O O O O B-ZIPCODE I-ZIPCODE O O O O O O O O O,O O O O B-SEX O O O O O B-ZIPCODE I-ZIPCODE O O O O O O O O O,0.5,"[{""type"": ""ORDINALDIRECTION"", ""start"": 4, ""end"": 5, ""text"": ""Nam""}, {""type"": ""ZIPCODE"", ""start"": 10, ""end"": 12, ""text"": ""39@@ 396""}]","[{""type"": ""SEX"", ""start"": 4, ""end"": 5, ""text"": ""Nam""}, {""type"": ""ZIPCODE"", ""start"": 10, ""end"": 12, ""text"": ""39@@ 396""}]",O O O O B-ORDINALDIRECTION O O O O O B-ZIPCODE I-ZIPCODE O O O O O O O O O,O O O O B-SEX O O O O O B-ZIPCODE I-ZIPCODE O O O O O O O O O,0.6666666666666666,"[{""type"": ""ORDINALDIRECTION"", ""start"": 8, ""end"": 9, ""text"": ""▁Nam""}, {""type"": ""ZIPCODE"", ""start"": 16, ""end"": 17, ""text"": ""▁""}, {""type"": ""ZIPCODE"", ""start"": 17, ""end"": 19, ""text"": ""393 96""}]","[{""type"": ""SEX"", ""start"": 8, ""end"": 9, ""text"": ""▁Nam""}, {""type"": ""ZIPCODE"", ""start"": 16, ""end"": 17, ""text"": ""▁""}, {""type"": ""ZIPCODE"", ""start"": 17, ""end"": 19, ""text"": ""393 96""}]",O O O O O O O O B-ORDINALDIRECTION O O O O O O O B-ZIPCODE B-ZIPCODE I-ZIPCODE O O O O O O O O O O,O O O O O O O O B-SEX O O O O O O O B-ZIPCODE B-ZIPCODE I-ZIPCODE O O O O O O O O O O
4586,Nữ nam của tôi Tuấn đã đăng ký lớp quản lý thời gian buổi tối cho sinh viên. Ai có thể chia sẻ kinh nghiệm không?,True,0.6666666666666666,"[{""type"": ""SEX"", ""start"": 0, ""end"": 1, ""text"": ""Nữ""}, {""type"": ""GENDER"", ""start"": 1, ""end"": 2, ""text"": ""nam""}, {""type"": ""FIRSTNAME"", ""start"": 4, ""end"": 5, ""text"": ""Tuấn""}]","[{""type"": ""SEX"", ""start"": 0, ""end"": 1, ""text"": ""Nữ""}, {""type"": ""GENDER"", ""start"": 1, ""end"": 2, ""text"": ""nam""}, {""type"": ""MIDDLENAME"", ""start"": 4, ""end"": 5, ""text"": ""Tuấn""}]",B-SEX B-GENDER O O B-FIRSTNAME O O O O O O O O O O O O O O O O,B-SEX B-GENDER O O B-MIDDLENAME O O O O O O O O O O O O O O O O,0.6666666666666666,"[{""type"": ""SEX"", ""start"": 0, ""end"": 1, ""text"": ""Nữ""}, {""type"": ""GENDER"", ""start"": 1, ""end"": 2, ""text"": ""nam""}, {""type"": ""FIRSTNAME"", ""start"": 4, ""end"": 5, ""text"": ""Tuấn""}]","[{""type"": ""SEX"", ""start"": 0, ""end"": 1, ""text"": ""Nữ""}, {""type"": ""GENDER"", ""start"": 1, ""end"": 2, ""text"": ""nam""}, {""type"": ""MIDDLENAME"", ""start"": 4, ""end"": 5, ""text"": ""Tuấn""}]",B-SEX B-GENDER O O B-FIRSTNAME O O O O O O O O O O O O O O O O,B-SEX B-GENDER O O B-MIDDLENAME O O O O O O O O O O O O O O O O,0.3333333333333333,"[{""type"": ""SEX"", ""start"": 0, ""end"": 1, ""text"": ""Nữ""}, {""type"": ""GENDER"", ""start"": 1, ""end"": 2, ""text"": ""nam""}, {""type"": ""FIRSTNAME"", ""start"": 4, ""end"": 5, ""text"": ""Tuấn""}]","[{""type"": ""GENDER"", ""start"": 0, ""end"": 1, ""text"": ""Nữ""}, {""type"": ""GENDER"", ""start"": 1, ""end"": 2, ""text"": ""nam""}, {""type"": ""MIDDLENAME"", ""start"": 4, ""end"": 5, ""text"": ""Tuấn""}]",B-SEX B-GENDER O O B-FIRSTNAME O O O O O O O O O O O O O O O O,B-GENDER B-GENDER O O B-MIDDLENAME O O O O O O O O O O O O O O O O,0.3333333333333333,"[{""type"": ""SEX"", ""start"": 0, ""end"": 1, ""text"": ""▁Nữ""}, {""type"": ""GENDER"", ""start"": 1, ""end"": 2, ""text"": ""▁nam""}, {""type"": ""FIRSTNAME"", ""start"": 4, ""end"": 5, ""text"": ""▁Tuấn""}]","[{""type"": ""GENDER"", ""start"": 0, ""end"": 1, ""text"": ""▁Nữ""}, {""type"": ""GENDER"", ""start"": 1, ""end"": 2, ""text"": ""▁nam""}, {""type"": ""MIDDLENAME"", ""start"": 4, ""end"": 5, ""text"": ""▁Tuấn""}]",B-SEX B-GENDER O O B-FIRSTNAME O O O O O O O O O O O O O O O O O O O O O O O,B-GENDER B-GENDER O O B-MIDDLENAME O O O O O O O O O O O O O O O O O O O O O O O
4609,"Thân gửi các bệnh nhân, chúng tôi xin mời quý vị tham gia chiến dịch sức khỏe tâm thần tại trung tâm Quận Tân Bình của chúng tôi. Đối với thanh toán, thông tin CY3000246006086K08ZC347S393B hoặc 1GdRgZv6hDLUz3xJu5LgFcobzXA được cung cấp. Chuyên gia nổi tiếng Lập trình viên, Đức sẽ dẫn dắt buổi họp.",True,0.8000000000000002,"[{""type"": ""COUNTY"", ""start"": 15, ""end"": 17, ""text"": ""Quận Tân_Bình""}, {""type"": ""IBAN"", ""start"": 24, ""end"": 40, ""text"": ""C@@ Y@@ 3000@@ 24@@ 600@@ 60@@ 86@@ K@@ 08@@ Z@@ C@@ 34@@ 7@@ S@@ 39@@ 3B""}, {""type"": ""BITCOINADDRESS"", ""start"": 41, ""end"": 63, ""text"": ""1@@ G@@ d@@ R@@ g@@ Z@@ v@@ 6@@ h@@ DL@@ Uz@@ 3@@ x@@ Ju@@ 5@@ L@@ g@@ F@@ co@@ b@@ z@@ XA""}, {""type"": ""JOBTYPE"", ""start"": 68, ""end"": 70, ""text"": ""Lập@@ _trình_viên""}, {""type"": ""MIDDLENAME"", ""start"": 71, ""end"": 72, ""text"": ""Đức""}]","[{""type"": ""COUNTY"", ""start"": 15, ""end"": 17, ""text"": ""Quận Tân_Bình""}, {""type"": ""IBAN"", ""start"": 24, ""end"": 40, ""text"": ""C@@ Y@@ 3000@@ 24@@ 600@@ 60@@ 86@@ K@@ 08@@ Z@@ C@@ 34@@ 7@@ S@@ 39@@ 3B""}, {""type"": ""BITCOINADDRESS"", ""start"": 41, ""end"": 63, ""text"": ""1@@ G@@ d@@ R@@ g@@ Z@@ v@@ 6@@ h@@ DL@@ Uz@@ 3@@ x@@ Ju@@ 5@@ L@@ g@@ F@@ co@@ b@@ z@@ XA""}, {""type"": ""JOBTITLE"", ""start"": 68, ""end"": 70, ""text"": ""Lập@@ _trình_viên""}, {""type"": ""MIDDLENAME"", ""start"": 71, ""end"": 72, ""text"": ""Đức""}]",O O O O O O O O O O O O O O O B-COUNTY I-COUNTY O O O O O O O B-IBAN I-IBAN I-IBAN I-IBAN I-IBAN I-IBAN I-IBAN I-IBAN I-IBAN I-IBAN I-IBAN I-IBAN I-IBAN I-IBAN I-IBAN I-IBAN O B-BITCOINADDRESS I-BITCOINADDRESS I-BITCOINADDRESS I-BITCOINADDRESS I-BITCOINADDRESS I-BITCOINADDRESS I-BITCOINADDRESS I-BITCOINADDRESS I-BITCOINADDRESS I-BITCOINADDRESS I-BITCOINADDRESS I-BITCOINADDRESS I-BITCOINADDRESS I-BITCOINADDRESS I-BITCOINADDRESS I-BITCOINADDRESS I-BITCOINADDRESS I-BITCOINADDRESS I-BITCOINADDRESS I-BITCOINADDRESS I-BITCOINADDRESS I-BITCOINADDRESS O O O O O B-JOBTYPE I-JOBTYPE O B-MIDDLENAME O O O O O,O O O O O O O O O O O O O O O B-COUNTY I-COUNTY O O O O O O O B-IBAN I-IBAN I-IBAN I-IBAN I-IBAN I-IBAN I-IBAN I-IBAN I-IBAN I-IBAN I-IBAN I-IBAN I-IBAN I-IBAN I-IBAN I-IBAN O B-BITCOINADDRESS I-BITCOINADDRESS I-BITCOINADDRESS I-BITCOINADDRESS I-BITCOINADDRESS I-BITCOINADDRESS I-BITCOINADDRESS I-BITCOINADDRESS I-BITCOINADDRESS I-BITCOINADDRESS I-BITCOINADDRESS I-BITCOINADDRESS I-BITCOINADDRESS I-BITCOINADDRESS I-BITCOINADDRESS I-BITCOINADDRESS I-BITCOINADDRESS I-BITCOINADDRESS I-BITCOINADDRESS I-BITCOINADDRESS I-BITCOINADDRESS I-BITCOINADDRESS O O O O O B-JOBTITLE I-JOBTITLE O B-MIDDLENAME O O O O O,0.8000000000000002,"[{""type"": ""COUNTY"", ""start"": 15, ""end"": 17, ""text"": ""Quận Tân_Bình""}, {""type"": ""IBAN"", ""start"": 24, ""end"": 40, ""text"": ""C@@ Y@@ 3000@@ 24@@ 600@@ 60@@ 86@@ K@@ 08@@ Z@@ C@@ 34@@ 7@@ S@@ 39@@ 3B""}, {""type"": ""BITCOINADDRESS"", ""start"": 41, ""end"": 63, ""text"": ""1@@ G@@ d@@ R@@ g@@ Z@@ v@@ 6@@ h@@ DL@@ Uz@@ 3@@ x@@ Ju@@ 5@@ L@@ g@@ F@@ co@@ b@@ z@@ XA""}, {""type"": ""JOBTYPE"", ""start"": 68, ""end"": 70, ""text"": ""Lập@@ _trình_viên""}, {""type"": ""MIDDLENAME"", ""start"": 71, ""end"": 72, ""text"": ""Đức""}]","[{""type"": ""COUNTY"", ""start"": 15, ""end"": 17, ""text"": ""Quận Tân_Bình""}, {""type"": ""IBAN"", ""start"": 24, ""end"": 40, ""text"": ""C@@ Y@@ 3000@@ 24@@ 600@@ 60@@ 86@@ K@@ 08@@ Z@@ C@@ 34@@ 7@@ S@@ 39@@ 3B""}, {""type"": ""BITCOINADDRESS"", ""start"": 41, ""end"": 63, ""text"": ""1@@ G@@ d@@ R@@ g@@ Z@@ v@@ 6@@ h@@ DL@@ Uz@@ 3@@ x@@ Ju@@ 5@@ L@@ g@@ F@@ co@@ b@@ z@@ XA""}, {""type"": ""JOBTITLE"", ""start"": 68, ""end"": 70, ""text"": ""Lập@@ _trình_viên""}, {""type"": ""MIDDLENAME"", ""start"": 71, ""end"": 72, ""text"": ""Đức""}]",O O O O O O O O O O O O O O O B-COUNTY I-COUNTY O O O O O O O B-IBAN I-IBAN I-IBAN I-IBAN I-IBAN I-IBAN I-IBAN I-IBAN I-IBAN I-IBAN I-IBAN I-IBAN I-IBAN I-IBAN I-IBAN I-IBAN O B-BITCOINADDRESS I-BITCOINADDRESS I-BITCOINADDRESS I-BITCOINADDRESS I-BITCOINADDRESS I-BITCOINADDRESS I-BITCOINADDRESS I-BITCOINADDRESS I-BITCOINADDRESS I-BITCOINADDRESS I-BITCOINADDRESS I-BITCOINADDRESS I-BITCOINADDRESS I-BITCOINADDRESS I-BITCOINADDRESS I-BITCOINADDRESS I-BITCOINADDRESS I-BITCOINADDRESS I-BITCOINADDRESS I-BITCOINADDRESS I-BITCOINADDRESS I-BITCOINADDRESS O O O O O B-JOBTYPE I-JOBTYPE O B-MIDDLENAME O O O O O,O O O O O O O O O O O O O O O B-COUNTY I-COUNTY O O O O O O O B-IBAN I-IBAN I-IBAN I-IBAN I-IBAN I-IBAN I-IBAN I-IBAN I-IBAN I-IBAN I-IBAN I-IBAN I-IBAN I-IBAN I-IBAN I-IBAN O B-BITCOINADDRESS I-BITCOINADDRESS I-BITCOINADDRESS I-BITCOINADDRESS I-BITCOINADDRESS I-BITCOINADDRESS I-BITCOINADDRESS I-BITCOINADDRESS I-BITCOINADDRESS I-BITCOINADDRESS I-BITCOINADDRESS I-BITCOINADDRESS I-BITCOINADDRESS I-BITCOINADDRESS I-BITCOINADDRESS I-BITCOINADDRESS I-BITCOINADDRESS I-BITCOINADDRESS I-BITCOINADDRESS I-BITCOINADDRESS I-BITCOINADDRESS I-BITCOINADDRESS O O O O O B-JOBTITLE I-JOBTITLE O B-MIDDLENAME O O O O O,0.8000000000000002,"[{""type"": ""COUNTY"", ""start"": 15, ""end"": 17, ""text"": ""Quận Tân_Bình""}, {""type"": ""IBAN"", ""start"": 24, ""end"": 40, ""text"": ""C@@ Y@@ 3000@@ 24@@ 600@@ 60@@ 86@@ K@@ 08@@ Z@@ C@@ 34@@ 7@@ S@@ 39@@ 3B""}, {""type"": ""BITCOINADDRESS"", ""start"": 41, ""end"": 63, ""text"": ""1@@ G@@ d@@ R@@ g@@ Z@@ v@@ 6@@ h@@ DL@@ Uz@@ 3@@ x@@ Ju@@ 5@@ L@@ g@@ F@@ co@@ b@@ z@@ XA""}, {""type"": ""JOBTYPE"", ""start"": 68, ""end"": 70, ""text"": ""Lập@@ _trình_viên""}, {""type"": ""MIDDLENAME"", ""start"": 71, ""end"": 72, ""text"": ""Đức""}]","[{""type"": ""COUNTY"", ""start"": 15, ""end"": 17, ""text"": ""Quận Tân_Bình""}, {""type"": ""IBAN"", ""start"": 24, ""end"": 40, ""text"": ""C@@ Y@@ 3000@@ 24@@ 600@@ 60@@ 86@@ K@@ 08@@ Z@@ C@@ 34@@ 7@@ S@@ 39@@ 3B""}, {""type"": ""BITCOINADDRESS"", ""start"": 41, ""end"": 63, ""text"": ""1@@ G@@ d@@ R@@ g@@ Z@@ v@@ 6@@ h@@ DL@@ Uz@@ 3@@ x@@ Ju@@ 5@@ L@@ g@@ F@@ co@@ b@@ z@@ XA""}, {""type"": ""JOBTITLE"", ""start"": 68, ""end"": 70, ""text"": ""Lập@@ _trình_viên""}, {""type"": ""MIDDLENAME"", ""start"": 71, ""end"": 72, ""text"": ""Đức""}]",O O O O O O O O O O O O O O O B-COUNTY I-COUNTY O O O O O O O B-IBAN I-IBAN I-IBAN I-IBAN I-IBAN I-IBAN I-IBAN I-IBAN I-IBAN I-IBAN I-IBAN I-IBAN I-IBAN I-IBAN I-IBAN I-IBAN O B-BITCOINADDRESS I-BITCOINADDRESS I-BITCOINADDRESS I-BITCOINADDRESS I-BITCOINADDRESS I-BITCOINADDRESS I-BITCOINADDRESS I-BITCOINADDRESS I-BITCOINADDRESS I-BITCOINADDRESS I-BITCOINADDRESS I-BITCOINADDRESS I-BITCOINADDRESS I-BITCOINADDRESS I-BITCOINADDRESS I-BITCOINADDRESS I-BITCOINADDRESS I-BITCOINADDRESS I-BITCOINADDRESS I-BITCOINADDRESS I-BITCOINADDRESS I-BITCOINADDRESS O O O O O B-JOBTYPE I-JOBTYPE O B-MIDDLENAME O O O O O,O O O O O O O O O O O O O O O B-COUNTY I-COUNTY O O O O O O O B-IBAN I-IBAN I-IBAN I-IBAN I-IBAN I-IBAN I-IBAN I-IBAN I-IBAN I-IBAN I-IBAN I-IBAN I-IBAN I-IBAN I-IBAN I-IBAN O B-BITCOINADDRESS I-BITCOINADDRESS I-BITCOINADDRESS I-BITCOINADDRESS I-BITCOINADDRESS I-BITCOINADDRESS I-BITCOINADDRESS I-BITCOINADDRESS I-BITCOINADDRESS I-BITCOINADDRESS I-BITCOINADDRESS I-BITCOINADDRESS I-BITCOINADDRESS I-BITCOINADDRESS I-BITCOINADDRESS I-BITCOINADDRESS I-BITCOINADDRESS I-BITCOINADDRESS I-BITCOINADDRESS I-BITCOINADDRESS I-BITCOINADDRESS I-BITCOINADDRESS O O O O O B-JOBTITLE I-JOBTITLE O B-MIDDLENAME O O O O O,0.8333333333333334,"[{""type"": ""COUNTY"", ""start"": 23, ""end"": 26, ""text"": ""▁Quận ▁Tân ▁Bình""}, {""type"": ""IBAN"", ""start"": 37, ""end"": 38, ""text"": ""▁""}, {""type"": ""IBAN"", ""start"": 38, ""end"": 52, ""text"": ""CY 3000 24 600 60 86 K 08 Z C 347 S 393 B""}, {""type"": ""BITCOINADDRESS"", ""start"": 53, ""end"": 75, ""text"": ""▁1 G d R g Z v 6 h DL Uz 3 x Ju 5 L g F co b z XA""}, {""type"": ""JOBTYPE"", ""start"": 83, ""end"": 86, ""text"": ""▁Lập ▁trình ▁viên""}, {""type"": ""MIDDLENAME"", ""start"": 87, ""end"": 88, ""text"": ""▁Đức""}]","[{""type"": ""COUNTY"", ""start"": 23, ""end"": 26, ""text"": ""▁Quận ▁Tân ▁Bình""}, {""type"": ""IBAN"", ""start"": 37, ""end"": 38, ""text"": ""▁""}, {""type"": ""IBAN"", ""start"": 38, ""end"": 52, ""text"": ""CY 3000 24 600 60 86 K 08 Z C 347 S 393 B""}, {""type"": ""BITCOINADDRESS"", ""start"": 53, ""end"": 75, ""text"": ""▁1 G d R g Z v 6 h DL Uz 3 x Ju 5 L g F co b z XA""}, {""type"": ""JOBTITLE"", ""start"": 83, ""end"": 86, ""text"": ""▁Lập ▁trình ▁viên""}, {""type"": ""MIDDLENAME"", ""start"": 87, ""end"": 88, ""text"": ""▁Đức""}]",O O O O O O O O O O O O O O O O O O O O O O O B-COUNTY I-COUNTY I-COUNTY O O O O O O O O O O O B-IBAN B-IBAN I-IBAN I-IBAN I-IBAN I-IBAN I-IBAN I-IBAN I-IBAN I-IBAN I-IBAN I-IBAN I-IBAN I-IBAN I-IBAN O B-BITCOINADDRESS I-BITCOINADDRESS I-BITCOINADDRESS I-BITCOINADDRESS I-BITCOINADDRESS I-BITCOINADDRESS I-BITCOINADDRESS I-BITCOINADDRESS I-BITCOINADDRESS I-BITCOINADDRESS I-BITCOINADDRESS I-BITCOINADDRESS I-BITCOINADDRESS I-BITCOINADDRESS I-BITCOINADDRESS I-BITCOINADDRESS I-BITCOINADDRESS I-BITCOINADDRESS I-BITCOINADDRESS I-BITCOINADDRESS I-BITCOINADDRESS I-BITCOINADDRESS O O O O O O O O B-JOBTYPE I-JOBTYPE I-JOBTYPE O B-MIDDLENAME O O O O O O O O,O O O O O O O O O O O O O O O O O O O O O O O B-COUNTY I-COUNTY I-COUNTY O O O O O O O O O O O B-IBAN B-IBAN I-IBAN I-IBAN I-IBAN I-IBAN I-IBAN I-IBAN I-IBAN I-IBAN I-IBAN I-IBAN I-IBAN I-IBAN I-IBAN O B-BITCOINADDRESS I-BITCOINADDRESS I-BITCOINADDRESS I-BITCOINADDRESS I-BITCOINADDRESS I-BITCOINADDRESS I-BITCOINADDRESS I-BITCOINADDRESS I-BITCOINADDRESS I-BITCOINADDRESS I-BITCOINADDRESS I-BITCOINADDRESS I-BITCOINADDRESS I-BITCOINADDRESS I-BITCOINADDRESS I-BITCOINADDRESS I-BITCOINADDRESS I-BITCOINADDRESS I-BITCOINADDRESS I-BITCOINADDRESS I-BITCOINADDRESS I-BITCOINADDRESS O O O O O O O O B-JOBTITLE I-JOBTITLE I-JOBTITLE O B-MIDDLENAME O O O O O O O O
4650,"Thân gửi nam, cuộc hẹn của bạn với Thầy Hoàng được lên lịch vào lúc 9:15 sáng. Vui lòng đến sớm 15 phút để điền vào các giấy tờ y tế cần thiết. Trong trường hợp cần thay đổi lịch hẹn, hãy liên hệ với chúng tôi qua số 0360823535.",True,0.888888888888889,"[{""type"": ""GENDER"", ""start"": 2, ""end"": 3, ""text"": ""nam""}, {""type"": ""PREFIX"", ""start"": 9, ""end"": 10, ""text"": ""Thầy""}, {""type"": ""MIDDLENAME"", ""start"": 10, ""end"": 11, ""text"": ""Hoàng""}, {""type"": ""PHONENUMBER"", ""start"": 47, ""end"": 52, ""text"": ""03@@ 60@@ 8@@ 23@@ 535""}]","[{""type"": ""GENDER"", ""start"": 2, ""end"": 3, ""text"": ""nam""}, {""type"": ""PREFIX"", ""start"": 9, ""end"": 10, ""text"": ""Thầy""}, {""type"": ""MIDDLENAME"", ""start"": 10, ""end"": 11, ""text"": ""Hoàng""}, {""type"": ""TIME"", ""start"": 16, ""end"": 19, ""text"": ""9@@ :15 sáng""}, {""type"": ""PHONENUMBER"", ""start"": 47, ""end"": 52, ""text"": ""03@@ 60@@ 8@@ 23@@ 535""}]",O O B-GENDER O O O O O O B-PREFIX B-MIDDLENAME O O O O O O O O O O O O O O O O O O O O O O O O O O O O O O O O O O O O B-PHONENUMBER I-PHONENUMBER I-PHONENUMBER I-PHONENUMBER I-PHONENUMBER O,O O B-GENDER O O O O O O B-PREFIX B-MIDDLENAME O O O O O B-TIME I-TIME I-TIME O O O O O O O O O O O O O O O O O O O O O O O O O O O O B-PHONENUMBER I-PHONENUMBER I-PHONENUMBER I-PHONENUMBER I-PHONENUMBER O,0.6666666666666665,"[{""type"": ""GENDER"", ""start"": 2, ""end"": 3, ""text"": ""nam""}, {""type"": ""PREFIX"", ""start"": 9, ""end"": 10, ""text"": ""Thầy""}, {""type"": ""MIDDLENAME"", ""start"": 10, ""end"": 11, ""text"": ""Hoàng""}, {""type"": ""PHONENUMBER"", ""start"": 47, ""end"": 52, ""text"": ""03@@ 60@@ 8@@ 23@@ 535""}]","[{""type"": ""GENDER"", ""start"": 2, ""end"": 3, ""text"": ""nam""}, {""type"": ""PREFIX"", ""start"": 9, ""end"": 10, ""text"": ""Thầy""}, {""type"": ""LASTNAME"", ""start"": 10, ""end"": 11, ""text"": ""Hoàng""}, {""type"": ""TIME"", ""start"": 16, ""end"": 19, ""text"": ""9@@ :15 sáng""}, {""type"": ""PHONENUMBER"", ""start"": 47, ""end"": 52, ""text"": ""03@@ 60@@ 8@@ 23@@ 535""}]",O O B-GENDER O O O O O O B-PREFIX B-MIDDLENAME O O O O O O O O O O O O O O O O O O O O O O O O O O O O O O O O O O O O B-PHONENUMBER I-PHONENUMBER I-PHONENUMBER I-PHONENUMBER I-PHONENUMBER O,O O B-GENDER O O O O O O B-PREFIX B-LASTNAME O O O O O B-TIME I-TIME I-TIME O O O O O O O O O O O O O O O O O O O O O O O O O O O O B-PHONENUMBER I-PHONENUMBER I-PHONENUMBER I-PHONENUMBER I-PHONENUMBER O,0.6666666666666665,"[{""type"": ""GENDER"", ""start"": 2, ""end"": 3, ""text"": ""nam""}, {""type"": ""PREFIX"", ""start"": 9, ""end"": 10, ""text"": ""Thầy""}, {""type"": ""MIDDLENAME"", ""start"": 10, ""end"": 11, ""text"": ""Hoàng""}, {""type"": ""PHONENUMBER"", ""start"": 47, ""end"": 52, ""text"": ""03@@ 60@@ 8@@ 23@@ 535""}]","[{""type"": ""GENDER"", ""start"": 2, ""end"": 3, ""text"": ""nam""}, {""type"": ""PREFIX"", ""start"": 9, ""end"": 10, ""text"": ""Thầy""}, {""type"": ""LASTNAME"", ""start"": 10, ""end"": 11, ""text"": ""Hoàng""}, {""type"": ""TIME"", ""start"": 16, ""end"": 19, ""text"": ""9@@ :15 sáng""}, {""type"": ""PHONENUMBER"", ""start"": 47, ""end"": 52, ""text"": ""03@@ 60@@ 8@@ 23@@ 535""}]",O O B-GENDER O O O O O O B-PREFIX B-MIDDLENAME O O O O O O O O O O O O O O O O O O O O O O O O O O O O O O O O O O O O B-PHONENUMBER I-PHONENUMBER I-PHONENUMBER I-PHONENUMBER I-PHONENUMBER O,O O B-GENDER O O O O O O B-PREFIX B-LASTNAME O O O O O B-TIME I-TIME I-TIME O O O O O O O O O O O O O O O O O O O O O O O O O O O O B-PHONENUMBER I-PHONENUMBER I-PHONENUMBER I-PHONENUMBER I-PHONENUMBER O,0.6666666666666665,"[{""type"": ""GENDER"", ""start"": 2, ""end"": 3, ""text"": ""▁nam""}, {""type"": ""PREFIX"", ""start"": 9, ""end"": 10, ""text"": ""▁Thầy""}, {""type"": ""MIDDLENAME"", ""start"": 10, ""end"": 11, ""text"": ""▁Hoàng""}, {""type"": ""PHONENUMBER"", ""start"": 55, ""end"": 59, ""text"": ""▁03 608 235 35""}]","[{""type"": ""GENDER"", ""start"": 2, ""end"": 3, ""text"": ""▁nam""}, {""type"": ""PREFIX"", ""start"": 9, ""end"": 10, ""text"": ""▁Thầy""}, {""type"": ""LASTNAME"", ""start"": 10, ""end"": 11, ""text"": ""▁Hoàng""}, {""type"": ""TIME"", ""start"": 16, ""end"": 19, ""text"": ""▁9 :15 ▁sáng""}, {""type"": ""PHONENUMBER"", ""start"": 55, ""end"": 59, ""text"": ""▁03 608 235 35""}]",O O B-GENDER O O O O O O B-PREFIX B-MIDDLENAME O O O O O O O O O O O O O O O O O O O O O O O O O O O O O O O O O O O O O O O O O O O O B-PHONENUMBER I-PHONENUMBER I-PHONENUMBER I-PHONENUMBER O,O O B-GENDER O O O O O O B-PREFIX B-LASTNAME O O O O O B-TIME I-TIME I-TIME O O O O O O O O O O O O O O O O O O O O O O O O O O O O O O O O O O O O B-PHONENUMBER I-PHONENUMBER I-PHONENUMBER I-PHONENUMBER O
4659,"Thông tin liên lạc khẩn cấp: Quang, có thể liên hệ qua số 0353331354 và đang cư trú tại Suite Tòa nhà Vincom, Hẻm 953 Tôn Đức Thắng. Họ làm việc với chức danh Y tá tại Tuấn Phát.",True,0.8333333333333334,"[{""type"": ""FIRSTNAME"", ""start"": 4, ""end"": 5, ""text"": ""Quang""}, {""type"": ""PHONENUMBER"", ""start"": 10, ""end"": 16, ""text"": ""0@@ 35@@ 33@@ 3@@ 13@@ 54""}, {""type"": ""SECONDARYADDRESS"", ""start"": 22, ""end"": 25, ""text"": ""Toà nhà Vincom""}, {""type"": ""STREET"", ""start"": 26, ""end"": 30, ""text"": ""Hẻm 9@@ 53 Tôn_Đức_Thắng""}, {""type"": ""JOBTITLE"", ""start"": 35, ""end"": 37, ""text"": ""Y@@ _tá""}, {""type"": ""COMPANYNAME"", ""start"": 38, ""end"": 40, ""text"": ""Tuấn_@@ Phát""}]","[{""type"": ""MIDDLENAME"", ""start"": 4, ""end"": 5, ""text"": ""Quang""}, {""type"": ""PHONENUMBER"", ""start"": 10, ""end"": 16, ""text"": ""0@@ 35@@ 33@@ 3@@ 13@@ 54""}, {""type"": ""SECONDARYADDRESS"", ""start"": 22, ""end"": 25, ""text"": ""Toà nhà Vincom""}, {""type"": ""STREET"", ""start"": 26, ""end"": 30, ""text"": ""Hẻm 9@@ 53 Tôn_Đức_Thắng""}, {""type"": ""JOBTITLE"", ""start"": 35, ""end"": 37, ""text"": ""Y@@ _tá""}, {""type"": ""COMPANYNAME"", ""start"": 38, ""end"": 40, ""text"": ""Tuấn_@@ Phát""}]",O O O O B-FIRSTNAME O O O O O B-PHONENUMBER I-PHONENUMBER I-PHONENUMBER I-PHONENUMBER I-PHONENUMBER I-PHONENUMBER O O O O O O B-SECONDARYADDRESS I-SECONDARYADDRESS I-SECONDARYADDRESS O B-STREET I-STREET I-STREET I-STREET O O O O O B-JOBTITLE I-JOBTITLE O B-COMPANYNAME I-COMPANYNAME O,O O O O B-MIDDLENAME O O O O O B-PHONENUMBER I-PHONENUMBER I-PHONENUMBER I-PHONENUMBER I-PHONENUMBER I-PHONENUMBER O O O O O O B-SECONDARYADDRESS I-SECONDARYADDRESS I-SECONDARYADDRESS O B-STREET I-STREET I-STREET I-STREET O O O O O B-JOBTITLE I-JOBTITLE O B-COMPANYNAME I-COMPANYNAME O,0.8333333333333334,"[{""type"": ""FIRSTNAME"", ""start"": 4, ""end"": 5, ""text"": ""Quang""}, {""type"": ""PHONENUMBER"", ""start"": 10, ""end"": 16, ""text"": ""0@@ 35@@ 33@@ 3@@ 13@@ 54""}, {""type"": ""SECONDARYADDRESS"", ""start"": 22, ""end"": 25, ""text"": ""Toà nhà Vincom""}, {""type"": ""STREET"", ""start"": 26, ""end"": 30, ""text"": ""Hẻm 9@@ 53 Tôn_Đức_Thắng""}, {""type"": ""JOBTITLE"", ""start"": 35, ""end"": 37, ""text"": ""Y@@ _tá""}, {""type"": ""COMPANYNAME"", ""start"": 38, ""end"": 40, ""text"": ""Tuấn_@@ Phát""}]","[{""type"": ""MIDDLENAME"", ""start"": 4, ""end"": 5, ""text"": ""Quang""}, {""type"": ""PHONENUMBER"", ""start"": 10, ""end"": 16, ""text"": ""0@@ 35@@ 33@@ 3@@ 13@@ 54""}, {""type"": ""SECONDARYADDRESS"", ""start"": 22, ""end"": 25, ""text"": ""Toà nhà Vincom""}, {""type"": ""STREET"", ""start"": 26, ""end"": 30, ""text"": ""Hẻm 9@@ 53 Tôn_Đức_Thắng""}, {""type"": ""JOBTITLE"", ""start"": 35, ""end"": 37, ""text"": ""Y@@ _tá""}, {""type"": ""COMPANYNAME"", ""start"": 38, ""end"": 40, ""text"": ""Tuấn_@@ Phát""}]",O O O O B-FIRSTNAME O O O O O B-PHONENUMBER I-PHONENUMBER I-PHONENUMBER I-PHONENUMBER I-PHONENUMBER I-PHONENUMBER O O O O O O B-SECONDARYADDRESS I-SECONDARYADDRESS I-SECONDARYADDRESS O B-STREET I-STREET I-STREET I-STREET O O O O O B-JOBTITLE I-JOBTITLE O B-COMPANYNAME I-COMPANYNAME O,O O O O B-MIDDLENAME O O O O O B-PHONENUMBER I-PHONENUMBER I-PHONENUMBER I-PHONENUMBER I-PHONENUMBER I-PHONENUMBER O O O O O O B-SECONDARYADDRESS I-SECONDARYADDRESS I-SECONDARYADDRESS O B-STREET I-STREET I-STREET I-STREET O O O O O B-JOBTITLE I-JOBTITLE O B-COMPANYNAME I-COMPANYNAME O,0.8333333333333334,"[{""type"": ""FIRSTNAME"", ""start"": 4, ""end"": 5, ""text"": ""Quang""}, {""type"": ""PHONENUMBER"", ""start"": 10, ""end"": 16, ""text"": ""0@@ 35@@ 33@@ 3@@ 13@@ 54""}, {""type"": ""SECONDARYADDRESS"", ""start"": 22, ""end"": 25, ""text"": ""Toà nhà Vincom""}, {""type"": ""STREET"", ""start"": 26, ""end"": 30, ""text"": ""Hẻm 9@@ 53 Tôn_Đức_Thắng""}, {""type"": ""JOBTITLE"", ""start"": 35, ""end"": 37, ""text"": ""Y@@ _tá""}, {""type"": ""COMPANYNAME"", ""start"": 38, ""end"": 40, ""text"": ""Tuấn_@@ Phát""}]","[{""type"": ""MIDDLENAME"", ""start"": 4, ""end"": 5, ""text"": ""Quang""}, {""type"": ""PHONENUMBER"", ""start"": 10, ""end"": 16, ""text"": ""0@@ 35@@ 33@@ 3@@ 13@@ 54""}, {""type"": ""SECONDARYADDRESS"", ""start"": 22, ""end"": 25, ""text"": ""Toà nhà Vincom""}, {""type"": ""STREET"", ""start"": 26, ""end"": 30, ""text"": ""Hẻm 9@@ 53 Tôn_Đức_Thắng""}, {""type"": ""JOBTITLE"", ""start"": 35, ""end"": 37, ""text"": ""Y@@ _tá""}, {""type"": ""COMPANYNAME"", ""start"": 38, ""end"": 40, ""text"": ""Tuấn_@@ Phát""}]",O O O O B-FIRSTNAME O O O O O B-PHONENUMBER I-PHONENUMBER I-PHONENUMBER I-PHONENUMBER I-PHONENUMBER I-PHONENUMBER O O O O O O B-SECONDARYADDRESS I-SECONDARYADDRESS I-SECONDARYADDRESS O B-STREET I-STREET I-STREET I-STREET O O O O O B-JOBTITLE I-JOBTITLE O B-COMPANYNAME I-COMPANYNAME O,O O O O B-MIDDLENAME O O O O O B-PHONENUMBER I-PHONENUMBER I-PHONENUMBER I-PHONENUMBER I-PHONENUMBER I-PHONENUMBER O O O O O O B-SECONDARYADDRESS I-SECONDARYADDRESS I-SECONDARYADDRESS O B-STREET I-STREET I-STREET I-STREET O O O O O B-JOBTITLE I-JOBTITLE O B-COMPANYNAME I-COMPANYNAME O,0.8333333333333334,"[{""type"": ""FIRSTNAME"", ""start"": 7, ""end"": 8, ""text"": ""▁Quang""}, {""type"": ""PHONENUMBER"", ""start"": 15, ""end"": 20, ""text"": ""▁03 5 333 13 54""}, {""type"": ""SECONDARYADDRESS"", ""start"": 26, ""end"": 30, ""text"": ""▁Tòa ▁nhà ▁Vin com""}, {""type"": ""STREET"", ""start"": 31, ""end"": 39, ""text"": ""▁H ẻ m ▁95 3 ▁Tôn ▁Đức ▁Thắng""}, {""type"": ""JOBTITLE"", ""start"": 46, ""end"": 48, ""text"": ""▁Y ▁tá""}, {""type"": ""COMPANYNAME"", ""start"": 49, ""end"": 51, ""text"": ""▁Tuấn ▁Phát""}]","[{""type"": ""MIDDLENAME"", ""start"": 7, ""end"": 8, ""text"": ""▁Quang""}, {""type"": ""PHONENUMBER"", ""start"": 15, ""end"": 20, ""text"": ""▁03 5 333 13 54""}, {""type"": ""SECONDARYADDRESS"", ""start"": 26, ""end"": 30, ""text"": ""▁Tòa ▁nhà ▁Vin com""}, {""type"": ""STREET"", ""start"": 31, ""end"": 39, ""text"": ""▁H ẻ m ▁95 3 ▁Tôn ▁Đức ▁Thắng""}, {""type"": ""JOBTITLE"", ""start"": 46, ""end"": 48, ""text"": ""▁Y ▁tá""}, {""type"": ""COMPANYNAME"", ""start"": 49, ""end"": 51, ""text"": ""▁Tuấn ▁Phát""}]",O O O O O O O B-FIRSTNAME O O O O O O O B-PHONENUMBER I-PHONENUMBER I-PHONENUMBER I-PHONENUMBER I-PHONENUMBER O O O O O O B-SECONDARYADDRESS I-SECONDARYADDRESS I-SECONDARYADDRESS I-SECONDARYADDRESS O B-STREET I-STREET I-STREET I-STREET I-STREET I-STREET I-STREET I-STREET O O O O O O O B-JOBTITLE I-JOBTITLE O B-COMPANYNAME I-COMPANYNAME O,O O O O O O O B-MIDDLENAME O O O O O O O B-PHONENUMBER I-PHONENUMBER I-PHONENUMBER I-PHONENUMBER I-PHONENUMBER O O O O O O B-SECONDARYADDRESS I-SECONDARYADDRESS I-SECONDARYADDRESS I-SECONDARYADDRESS O B-STREET I-STREET I-STREET I-STREET I-STREET I-STREET I-STREET I-STREET O O O O O O O B-JOBTITLE I-JOBTITLE O B-COMPANYNAME I-COMPANYNAME O
4738,"Chào ngày tốt lành, Thanh, thanh toán của bạn với số tiền đ10,000 chưa được thực hiện. Vui lòng sử dụng thẻ tín dụng của bạn (9030717361098599) do Bank: VietinBank phát hành.",True,0.75,"[{""type"": ""MIDDLENAME"", ""start"": 4, ""end"": 5, ""text"": ""Thanh""}, {""type"": ""CURRENCYSYMBOL"", ""start"": 12, ""end"": 13, ""text"": ""đ""}, {""type"": ""CREDITCARDNUMBER"", ""start"": 26, ""end"": 34, ""text"": ""90@@ 30@@ 7@@ 17@@ 36@@ 109@@ 85@@ 99""}, {""type"": ""CREDITCARDISSUER"", ""start"": 36, ""end"": 39, ""text"": ""Bank : VietinBank""}]","[{""type"": ""FIRSTNAME"", ""start"": 4, ""end"": 5, ""text"": ""Thanh""}, {""type"": ""CURRENCYSYMBOL"", ""start"": 12, ""end"": 13, ""text"": ""đ""}, {""type"": ""CREDITCARDNUMBER"", ""start"": 26, ""end"": 34, ""text"": ""90@@ 30@@ 7@@ 17@@ 36@@ 109@@ 85@@ 99""}, {""type"": ""CREDITCARDISSUER"", ""start"": 36, ""end"": 39, ""text"": ""Bank : VietinBank""}]",O O O O B-MIDDLENAME O O O O O O O B-CURRENCYSYMBOL O O O O O O O O O O O O O B-CREDITCARDNUMBER I-CREDITCARDNUMBER I-CREDITCARDNUMBER I-CREDITCARDNUMBER I-CREDITCARDNUMBER I-CREDITCARDNUMBER I-CREDITCARDNUMBER I-CREDITCARDNUMBER O O B-CREDITCARDISSUER I-CREDITCARDISSUER I-CREDITCARDISSUER O O,O O O O B-FIRSTNAME O O O O O O O B-CURRENCYSYMBOL O O O O O O O O O O O O O B-CREDITCARDNUMBER I-CREDITCARDNUMBER I-CREDITCARDNUMBER I-CREDITCARDNUMBER I-CREDITCARDNUMBER I-CREDITCARDNUMBER I-CREDITCARDNUMBER I-CREDITCARDNUMBER O O B-CREDITCARDISSUER I-CREDITCARDISSUER I-CREDITCARDISSUER O O,0.75,"[{""type"": ""MIDDLENAME"", ""start"": 4, ""end"": 5, ""text"": ""Thanh""}, {""type"": ""CURRENCYSYMBOL"", ""start"": 12, ""end"": 13, ""text"": ""đ""}, {""type"": ""CREDITCARDNUMBER"", ""start"": 26, ""end"": 34, ""text"": ""90@@ 30@@ 7@@ 17@@ 36@@ 109@@ 85@@ 99""}, {""type"": ""CREDITCARDISSUER"", ""start"": 36, ""end"": 39, ""text"": ""Bank : VietinBank""}]","[{""type"": ""FIRSTNAME"", ""start"": 4, ""end"": 5, ""text"": ""Thanh""}, {""type"": ""CURRENCYSYMBOL"", ""start"": 12, ""end"": 13, ""text"": ""đ""}, {""type"": ""CREDITCARDNUMBER"", ""start"": 26, ""end"": 34, ""text"": ""90@@ 30@@ 7@@ 17@@ 36@@ 109@@ 85@@ 99""}, {""type"": ""CREDITCARDISSUER"", ""start"": 36, ""end"": 39, ""text"": ""Bank : VietinBank""}]",O O O O B-MIDDLENAME O O O O O O O B-CURRENCYSYMBOL O O O O O O O O O O O O O B-CREDITCARDNUMBER I-CREDITCARDNUMBER I-CREDITCARDNUMBER I-CREDITCARDNUMBER I-CREDITCARDNUMBER I-CREDITCARDNUMBER I-CREDITCARDNUMBER I-CREDITCARDNUMBER O O B-CREDITCARDISSUER I-CREDITCARDISSUER I-CREDITCARDISSUER O O,O O O O B-FIRSTNAME O O O O O O O B-CURRENCYSYMBOL O O O O O O O O O O O O O B-CREDITCARDNUMBER I-CREDITCARDNUMBER I-CREDITCARDNUMBER I-CREDITCARDNUMBER I-CREDITCARDNUMBER I-CREDITCARDNUMBER I-CREDITCARDNUMBER I-CREDITCARDNUMBER O O B-CREDITCARDISSUER I-CREDITCARDISSUER I-CREDITCARDISSUER O O,0.75,"[{""type"": ""MIDDLENAME"", ""start"": 4, ""end"": 5, ""text"": ""Thanh""}, {""type"": ""CURRENCYSYMBOL"", ""start"": 12, ""end"": 13, ""text"": ""đ""}, {""type"": ""CREDITCARDNUMBER"", ""start"": 26, ""end"": 34, ""text"": ""90@@ 30@@ 7@@ 17@@ 36@@ 109@@ 85@@ 99""}, {""type"": ""CREDITCARDISSUER"", ""start"": 36, ""end"": 39, ""text"": ""Bank : VietinBank""}]","[{""type"": ""FIRSTNAME"", ""start"": 4, ""end"": 5, ""text"": ""Thanh""}, {""type"": ""CURRENCYSYMBOL"", ""start"": 12, ""end"": 13, ""text"": ""đ""}, {""type"": ""CREDITCARDNUMBER"", ""start"": 26, ""end"": 34, ""text"": ""90@@ 30@@ 7@@ 17@@ 36@@ 109@@ 85@@ 99""}, {""type"": ""CREDITCARDISSUER"", ""start"": 36, ""end"": 39, ""text"": ""Bank : VietinBank""}]",O O O O B-MIDDLENAME O O O O O O O B-CURRENCYSYMBOL O O O O O O O O O O O O O B-CREDITCARDNUMBER I-CREDITCARDNUMBER I-CREDITCARDNUMBER I-CREDITCARDNUMBER I-CREDITCARDNUMBER I-CREDITCARDNUMBER I-CREDITCARDNUMBER I-CREDITCARDNUMBER O O B-CREDITCARDISSUER I-CREDITCARDISSUER I-CREDITCARDISSUER O O,O O O O B-FIRSTNAME O O O O O O O B-CURRENCYSYMBOL O O O O O O O O O O O O O B-CREDITCARDNUMBER I-CREDITCARDNUMBER I-CREDITCARDNUMBER I-CREDITCARDNUMBER I-CREDITCARDNUMBER I-CREDITCARDNUMBER I-CREDITCARDNUMBER I-CREDITCARDNUMBER O O B-CREDITCARDISSUER I-CREDITCARDISSUER I-CREDITCARDISSUER O O,0.75,"[{""type"": ""MIDDLENAME"", ""start"": 5, ""end"": 6, ""text"": ""▁Thanh""}, {""type"": ""CURRENCYSYMBOL"", ""start"": 14, ""end"": 15, ""text"": ""▁đ""}, {""type"": ""CREDITCARDNUMBER"", ""start"": 31, ""end"": 37, ""text"": ""030 71 736 10 985 99)""}, {""type"": ""CREDITCARDISSUER"", ""start"": 38, ""end"": 43, ""text"": ""▁Bank : ▁Viet in Bank""}]","[{""type"": ""FIRSTNAME"", ""start"": 5, ""end"": 6, ""text"": ""▁Thanh""}, {""type"": ""CURRENCYSYMBOL"", ""start"": 14, ""end"": 15, ""text"": ""▁đ""}, {""type"": ""CREDITCARDNUMBER"", ""start"": 31, ""end"": 37, ""text"": ""030 71 736 10 985 99)""}, {""type"": ""CREDITCARDISSUER"", ""start"": 38, ""end"": 43, ""text"": ""▁Bank : ▁Viet in Bank""}]",O O O O O B-MIDDLENAME O O O O O O O O B-CURRENCYSYMBOL O O O O O O O O O O O O O O O O I-CREDITCARDNUMBER I-CREDITCARDNUMBER I-CREDITCARDNUMBER I-CREDITCARDNUMBER I-CREDITCARDNUMBER I-CREDITCARDNUMBER O B-CREDITCARDISSUER I-CREDITCARDISSUER I-CREDITCARDISSUER I-CREDITCARDISSUER I-CREDITCARDISSUER O O O,O O O O O B-FIRSTNAME O O O O O O O O B-CURRENCYSYMBOL O O O O O O O O O O O O O O O O I-CREDITCARDNUMBER I-CREDITCARDNUMBER I-CREDITCARDNUMBER I-CREDITCARDNUMBER I-CREDITCARDNUMBER I-CREDITCARDNUMBER O B-CREDITCARDISSUER I-CREDITCARDISSUER I-CREDITCARDISSUER I-CREDITCARDISSUER I-CREDITCARDISSUER O O O
4763,"Sinh viên đến từ Vĩnh Long với màu mắt Xanh đang tham gia Thử thách Lập trình Quốc gia, vui lòng báo cáo ngay cho trưởng nhóm Ngọc Giáo viên.",True,0.75,"[{""type"": ""STATE"", ""start"": 3, ""end"": 4, ""text"": ""Vĩnh_Long""}, {""type"": ""EYECOLOR"", ""start"": 7, ""end"": 8, ""text"": ""Xanh""}, {""type"": ""FIRSTNAME"", ""start"": 20, ""end"": 21, ""text"": ""Ngọc_@@""}, {""type"": ""JOBTITLE"", ""start"": 21, ""end"": 22, ""text"": ""Giáo_viên""}]","[{""type"": ""STATE"", ""start"": 3, ""end"": 4, ""text"": ""Vĩnh_Long""}, {""type"": ""EYECOLOR"", ""start"": 7, ""end"": 8, ""text"": ""Xanh""}, {""type"": ""MIDDLENAME"", ""start"": 20, ""end"": 21, ""text"": ""Ngọc_@@""}, {""type"": ""JOBTITLE"", ""start"": 21, ""end"": 22, ""text"": ""Giáo_viên""}]",O O O B-STATE O O O B-EYECOLOR O O O O O O O O O O O O B-FIRSTNAME B-JOBTITLE O,O O O B-STATE O O O B-EYECOLOR O O O O O O O O O O O O B-MIDDLENAME B-JOBTITLE O,0.75,"[{""type"": ""STATE"", ""start"": 3, ""end"": 4, ""text"": ""Vĩnh_Long""}, {""type"": ""EYECOLOR"", ""start"": 7, ""end"": 8, ""text"": ""Xanh""}, {""type"": ""FIRSTNAME"", ""start"": 20, ""end"": 21, ""text"": ""Ngọc_@@""}, {""type"": ""JOBTITLE"", ""start"": 21, ""end"": 22, ""text"": ""Giáo_viên""}]","[{""type"": ""STATE"", ""start"": 3, ""end"": 4, ""text"": ""Vĩnh_Long""}, {""type"": ""EYECOLOR"", ""start"": 7, ""end"": 8, ""text"": ""Xanh""}, {""type"": ""MIDDLENAME"", ""start"": 20, ""end"": 21, ""text"": ""Ngọc_@@""}, {""type"": ""JOBTITLE"", ""start"": 21, ""end"": 22, ""text"": ""Giáo_viên""}]",O O O B-STATE O O O B-EYECOLOR O O O O O O O O O O O O B-FIRSTNAME B-JOBTITLE O,O O O B-STATE O O O B-EYECOLOR O O O O O O O O O O O O B-MIDDLENAME B-JOBTITLE O,0.75,"[{""type"": ""STATE"", ""start"": 3, ""end"": 4, ""text"": ""Vĩnh_Long""}, {""type"": ""EYECOLOR"", ""start"": 7, ""end"": 8, ""text"": ""Xanh""}, {""type"": ""FIRSTNAME"", ""start"": 20, ""end"": 21, ""text"": ""Ngọc_@@""}, {""type"": ""JOBTITLE"", ""start"": 21, ""end"": 22, ""text"": ""Giáo_viên""}]","[{""type"": ""STATE"", ""start"": 3, ""end"": 4, ""text"": ""Vĩnh_Long""}, {""type"": ""EYECOLOR"", ""start"": 7, ""end"": 8, ""text"": ""Xanh""}, {""type"": ""MIDDLENAME"", ""start"": 20, ""end"": 21, ""text"": ""Ngọc_@@""}, {""type"": ""JOBTITLE"", ""start"": 21, ""end"": 22, ""text"": ""Giáo_viên""}]",O O O B-STATE O O O B-EYECOLOR O O O O O O O O O O O O B-FIRSTNAME B-JOBTITLE O,O O O B-STATE O O O B-EYECOLOR O O O O O O O O O O O O B-MIDDLENAME B-JOBTITLE O,0.75,"[{""type"": ""STATE"", ""start"": 4, ""end"": 6, ""text"": ""▁Vĩnh ▁Long""}, {""type"": ""EYECOLOR"", ""start"": 9, ""end"": 11, ""text"": ""▁Xan h""}, {""type"": ""FIRSTNAME"", ""start"": 30, ""end"": 31, ""text"": ""▁Ngọc""}, {""type"": ""JOBTITLE"", ""start"": 31, ""end"": 33, ""text"": ""▁Giáo ▁viên""}]","[{""type"": ""STATE"", ""start"": 4, ""end"": 6, ""text"": ""▁Vĩnh ▁Long""}, {""type"": ""EYECOLOR"", ""start"": 9, ""end"": 11, ""text"": ""▁Xan h""}, {""type"": ""MIDDLENAME"", ""start"": 30, ""end"": 31, ""text"": ""▁Ngọc""}, {""type"": ""JOBTITLE"", ""start"": 31, ""end"": 33, ""text"": ""▁Giáo ▁viên""}]",O O O O B-STATE I-STATE O O O B-EYECOLOR I-EYECOLOR O O O O O O O O O O O O O O O O O O O B-FIRSTNAME B-JOBTITLE I-JOBTITLE O,O O O O B-STATE I-STATE O O O B-EYECOLOR I-EYECOLOR O O O O O O O O O O O O O O O O O O O B-MIDDLENAME B-JOBTITLE I-JOBTITLE O
4810,Chúng tôi hiện đang điều tra một khả năng rò rỉ dữ liệu thông qua thiết bị với user agent at Mozilla/5.0 (X11; Linux i686; rv:5.1) Gecko/20100101 Firefox/5.1.5. Chúng tôi khuyến nghị tất cả sinh viên thay đổi mật khẩu từ WebSec0123456 sang một mật khẩu an toàn hơn.,True,0.5,"[{""type"": ""USERAGENT"", ""start"": 14, ""end"": 42, ""text"": ""at Mozilla / 5.0 ( X 11 ; Linux i 686 ; r@@ v : 5.1 ) G@@ ec@@ ko / 201@@ 00@@ 101 Firefox / 5.@@ 1.5""}, {""type"": ""PASSWORD"", ""start"": 50, ""end"": 55, ""text"": ""Web@@ Sec@@ 012@@ 34@@ 56""}]","[{""type"": ""USERAGENT"", ""start"": 15, ""end"": 42, ""text"": ""Mozilla / 5.0 ( X 11 ; Linux i 686 ; r@@ v : 5.1 ) G@@ ec@@ ko / 201@@ 00@@ 101 Firefox / 5.@@ 1.5""}, {""type"": ""PASSWORD"", ""start"": 50, ""end"": 55, ""text"": ""Web@@ Sec@@ 012@@ 34@@ 56""}]",O O O O O O O O O O O O O O B-USERAGENT I-USERAGENT I-USERAGENT I-USERAGENT I-USERAGENT I-USERAGENT I-USERAGENT I-USERAGENT I-USERAGENT I-USERAGENT I-USERAGENT I-USERAGENT I-USERAGENT I-USERAGENT I-USERAGENT I-USERAGENT I-USERAGENT I-USERAGENT I-USERAGENT I-USERAGENT I-USERAGENT I-USERAGENT I-USERAGENT I-USERAGENT I-USERAGENT I-USERAGENT I-USERAGENT I-USERAGENT O O O O O O O O B-PASSWORD I-PASSWORD I-PASSWORD I-PASSWORD I-PASSWORD O O O O O O,O O O O O O O O O O O O O O O B-USERAGENT I-USERAGENT I-USERAGENT I-USERAGENT I-USERAGENT I-USERAGENT I-USERAGENT I-USERAGENT I-USERAGENT I-USERAGENT I-USERAGENT I-USERAGENT I-USERAGENT I-USERAGENT I-USERAGENT I-USERAGENT I-USERAGENT I-USERAGENT I-USERAGENT I-USERAGENT I-USERAGENT I-USERAGENT I-USERAGENT I-USERAGENT I-USERAGENT I-USERAGENT I-USERAGENT O O O O O O O O B-PASSWORD I-PASSWORD I-PASSWORD I-PASSWORD I-PASSWORD O O O O O O,0.5,"[{""type"": ""USERAGENT"", ""start"": 14, ""end"": 42, ""text"": ""at Mozilla / 5.0 ( X 11 ; Linux i 686 ; r@@ v : 5.1 ) G@@ ec@@ ko / 201@@ 00@@ 101 Firefox / 5.@@ 1.5""}, {""type"": ""PASSWORD"", ""start"": 50, ""end"": 55, ""text"": ""Web@@ Sec@@ 012@@ 34@@ 56""}]","[{""type"": ""USERAGENT"", ""start"": 15, ""end"": 42, ""text"": ""Mozilla / 5.0 ( X 11 ; Linux i 686 ; r@@ v : 5.1 ) G@@ ec@@ ko / 201@@ 00@@ 101 Firefox / 5.@@ 1.5""}, {""type"": ""PASSWORD"", ""start"": 50, ""end"": 55, ""text"": ""Web@@ Sec@@ 012@@ 34@@ 56""}]",O O O O O O O O O O O O O O B-USERAGENT I-USERAGENT I-USERAGENT I-USERAGENT I-USERAGENT I-USERAGENT I-USERAGENT I-USERAGENT I-USERAGENT I-USERAGENT I-USERAGENT I-USERAGENT I-USERAGENT I-USERAGENT I-USERAGENT I-USERAGENT I-USERAGENT I-USERAGENT I-USERAGENT I-USERAGENT I-USERAGENT I-USERAGENT I-USERAGENT I-USERAGENT I-USERAGENT I-USERAGENT I-USERAGENT I-USERAGENT O O O O O O O O B-PASSWORD I-PASSWORD I-PASSWORD I-PASSWORD I-PASSWORD O O O O O O,O O O O O O O O O O O O O O O B-USERAGENT I-USERAGENT I-USERAGENT I-USERAGENT I-USERAGENT I-USERAGENT I-USERAGENT I-USERAGENT I-USERAGENT I-USERAGENT I-USERAGENT I-USERAGENT I-USERAGENT I-USERAGENT I-USERAGENT I-USERAGENT I-USERAGENT I-USERAGENT I-USERAGENT I-USERAGENT I-USERAGENT I-USERAGENT I-USERAGENT I-USERAGENT I-USERAGENT I-USERAGENT I-USERAGENT O O O O O O O O B-PASSWORD I-PASSWORD I-PASSWORD I-PASSWORD I-PASSWORD O O O O O O,0.5,"[{""type"": ""USERAGENT"", ""start"": 14, ""end"": 42, ""text"": ""at Mozilla / 5.0 ( X 11 ; Linux i 686 ; r@@ v : 5.1 ) G@@ ec@@ ko / 201@@ 00@@ 101 Firefox / 5.@@ 1.5""}, {""type"": ""PASSWORD"", ""start"": 50, ""end"": 55, ""text"": ""Web@@ Sec@@ 012@@ 34@@ 56""}]","[{""type"": ""USERAGENT"", ""start"": 15, ""end"": 42, ""text"": ""Mozilla / 5.0 ( X 11 ; Linux i 686 ; r@@ v : 5.1 ) G@@ ec@@ ko / 201@@ 00@@ 101 Firefox / 5.@@ 1.5""}, {""type"": ""PASSWORD"", ""start"": 50, ""end"": 55, ""text"": ""Web@@ Sec@@ 012@@ 34@@ 56""}]",O O O O O O O O O O O O O O B-USERAGENT I-USERAGENT I-USERAGENT I-USERAGENT I-USERAGENT I-USERAGENT I-USERAGENT I-USERAGENT I-USERAGENT I-USERAGENT I-USERAGENT I-USERAGENT I-USERAGENT I-USERAGENT I-USERAGENT I-USERAGENT I-USERAGENT I-USERAGENT I-USERAGENT I-USERAGENT I-USERAGENT I-USERAGENT I-USERAGENT I-USERAGENT I-USERAGENT I-USERAGENT I-USERAGENT I-USERAGENT O O O O O O O O B-PASSWORD I-PASSWORD I-PASSWORD I-PASSWORD I-PASSWORD O O O O O O,O O O O O O O O O O O O O O O B-USERAGENT I-USERAGENT I-USERAGENT I-USERAGENT I-USERAGENT I-USERAGENT I-USERAGENT I-USERAGENT I-USERAGENT I-USERAGENT I-USERAGENT I-USERAGENT I-USERAGENT I-USERAGENT I-USERAGENT I-USERAGENT I-USERAGENT I-USERAGENT I-USERAGENT I-USERAGENT I-USERAGENT I-USERAGENT I-USERAGENT I-USERAGENT I-USERAGENT I-USERAGENT I-USERAGENT O O O O O O O O B-PASSWORD I-PASSWORD I-PASSWORD I-PASSWORD I-PASSWORD O O O O O O,0.5,"[{""type"": ""USERAGENT"", ""start"": 22, ""end"": 48, ""text"": ""▁at ▁Mozilla / 5.0 ▁( X 11 ; ▁Linux ▁i 686 ; ▁ rv : 5.1 ) ▁G ecko /2010 010 1 ▁Firefox /5 . 1.5""}, {""type"": ""PASSWORD"", ""start"": 62, ""end"": 68, ""text"": ""▁Web S ec 01 23 456""}]","[{""type"": ""USERAGENT"", ""start"": 23, ""end"": 48, ""text"": ""▁Mozilla / 5.0 ▁( X 11 ; ▁Linux ▁i 686 ; ▁ rv : 5.1 ) ▁G ecko /2010 010 1 ▁Firefox /5 . 1.5""}, {""type"": ""PASSWORD"", ""start"": 62, ""end"": 68, ""text"": ""▁Web S ec 01 23 456""}]",O O O O O O O O O O O O O O O O O O O O O O B-USERAGENT I-USERAGENT I-USERAGENT I-USERAGENT I-USERAGENT I-USERAGENT I-USERAGENT I-USERAGENT I-USERAGENT I-USERAGENT I-USERAGENT I-USERAGENT I-USERAGENT I-USERAGENT I-USERAGENT I-USERAGENT I-USERAGENT I-USERAGENT I-USERAGENT I-USERAGENT I-USERAGENT I-USERAGENT I-USERAGENT I-USERAGENT I-USERAGENT I-USERAGENT O O O O O O O O O O O O O O B-PASSWORD I-PASSWORD I-PASSWORD I-PASSWORD I-PASSWORD I-PASSWORD O O O O O O O O,O O O O O O O O O O O O O O O O O O O O O O O B-USERAGENT I-USERAGENT I-USERAGENT I-USERAGENT I-USERAGENT I-USERAGENT I-USERAGENT I-USERAGENT I-USERAGENT I-USERAGENT I-USERAGENT I-USERAGENT I-USERAGENT I-USERAGENT I-USERAGENT I-USERAGENT I-USERAGENT I-USERAGENT I-USERAGENT I-USERAGENT I-USERAGENT I-USERAGENT I-USERAGENT I-USERAGENT I-USERAGENT O O O O O O O O O O O O O O B-PASSWORD I-PASSWORD I-PASSWORD I-PASSWORD I-PASSWORD I-PASSWORD O O O O O O O O
4839,"Một Nữ đã nhiều lần cố gắng mua hàng từ trang thương mại điện tử của chúng tôi, nhưng việc thanh toán qua thẻ hdbank visa số 1874057610673318 đang bị từ chối. Chúng tôi cần liên hệ với khách hàng này.",True,0.6666666666666666,"[{""type"": ""SEX"", ""start"": 1, ""end"": 2, ""text"": ""Nữ""}, {""type"": ""CREDITCARDISSUER"", ""start"": 19, ""end"": 23, ""text"": ""h@@ d@@ bank visa""}, {""type"": ""MASKEDNUMBER"", ""start"": 24, ""end"": 33, ""text"": ""18@@ 7@@ 40@@ 57@@ 6@@ 10@@ 67@@ 33@@ 18""}]","[{""type"": ""SEX"", ""start"": 1, ""end"": 2, ""text"": ""Nữ""}, {""type"": ""CREDITCARDISSUER"", ""start"": 19, ""end"": 23, ""text"": ""h@@ d@@ bank visa""}, {""type"": ""CREDITCARDNUMBER"", ""start"": 24, ""end"": 33, ""text"": ""18@@ 7@@ 40@@ 57@@ 6@@ 10@@ 67@@ 33@@ 18""}]",O B-SEX O O O O O O O O O O O O O O O O O B-CREDITCARDISSUER I-CREDITCARDISSUER I-CREDITCARDISSUER I-CREDITCARDISSUER O B-MASKEDNUMBER I-MASKEDNUMBER I-MASKEDNUMBER I-MASKEDNUMBER I-MASKEDNUMBER I-MASKEDNUMBER I-MASKEDNUMBER I-MASKEDNUMBER I-MASKEDNUMBER O O O O O O O O O O O,O B-SEX O O O O O O O O O O O O O O O O O B-CREDITCARDISSUER I-CREDITCARDISSUER I-CREDITCARDISSUER I-CREDITCARDISSUER O B-CREDITCARDNUMBER I-CREDITCARDNUMBER I-CREDITCARDNUMBER I-CREDITCARDNUMBER I-CREDITCARDNUMBER I-CREDITCARDNUMBER I-CREDITCARDNUMBER I-CREDITCARDNUMBER I-CREDITCARDNUMBER O O O O O O O O O O O,0.6666666666666666,"[{""type"": ""SEX"", ""start"": 1, ""end"": 2, ""text"": ""Nữ""}, {""type"": ""CREDITCARDISSUER"", ""start"": 19, ""end"": 23, ""text"": ""h@@ d@@ bank visa""}, {""type"": ""MASKEDNUMBER"", ""start"": 24, ""end"": 33, ""text"": ""18@@ 7@@ 40@@ 57@@ 6@@ 10@@ 67@@ 33@@ 18""}]","[{""type"": ""SEX"", ""start"": 1, ""end"": 2, ""text"": ""Nữ""}, {""type"": ""CREDITCARDISSUER"", ""start"": 19, ""end"": 23, ""text"": ""h@@ d@@ bank visa""}, {""type"": ""CREDITCARDNUMBER"", ""start"": 24, ""end"": 33, ""text"": ""18@@ 7@@ 40@@ 57@@ 6@@ 10@@ 67@@ 33@@ 18""}]",O B-SEX O O O O O O O O O O O O O O O O O B-CREDITCARDISSUER I-CREDITCARDISSUER I-CREDITCARDISSUER I-CREDITCARDISSUER O B-MASKEDNUMBER I-MASKEDNUMBER I-MASKEDNUMBER I-MASKEDNUMBER I-MASKEDNUMBER I-MASKEDNUMBER I-MASKEDNUMBER I-MASKEDNUMBER I-MASKEDNUMBER O O O O O O O O O O O,O B-SEX O O O O O O O O O O O O O O O O O B-CREDITCARDISSUER I-CREDITCARDISSUER I-CREDITCARDISSUER I-CREDITCARDISSUER O B-CREDITCARDNUMBER I-CREDITCARDNUMBER I-CREDITCARDNUMBER I-CREDITCARDNUMBER I-CREDITCARDNUMBER I-CREDITCARDNUMBER I-CREDITCARDNUMBER I-CREDITCARDNUMBER I-CREDITCARDNUMBER O O O O O O O O O O O,0.6666666666666666,"[{""type"": ""SEX"", ""start"": 1, ""end"": 2, ""text"": ""Nữ""}, {""type"": ""CREDITCARDISSUER"", ""start"": 19, ""end"": 23, ""text"": ""h@@ d@@ bank visa""}, {""type"": ""MASKEDNUMBER"", ""start"": 24, ""end"": 33, ""text"": ""18@@ 7@@ 40@@ 57@@ 6@@ 10@@ 67@@ 33@@ 18""}]","[{""type"": ""SEX"", ""start"": 1, ""end"": 2, ""text"": ""Nữ""}, {""type"": ""CREDITCARDISSUER"", ""start"": 19, ""end"": 23, ""text"": ""h@@ d@@ bank visa""}, {""type"": ""CREDITCARDNUMBER"", ""start"": 24, ""end"": 33, ""text"": ""18@@ 7@@ 40@@ 57@@ 6@@ 10@@ 67@@ 33@@ 18""}]",O B-SEX O O O O O O O O O O O O O O O O O B-CREDITCARDISSUER I-CREDITCARDISSUER I-CREDITCARDISSUER I-CREDITCARDISSUER O B-MASKEDNUMBER I-MASKEDNUMBER I-MASKEDNUMBER I-MASKEDNUMBER I-MASKEDNUMBER I-MASKEDNUMBER I-MASKEDNUMBER I-MASKEDNUMBER I-MASKEDNUMBER O O O O O O O O O O O,O B-SEX O O O O O O O O O O O O O O O O O B-CREDITCARDISSUER I-CREDITCARDISSUER I-CREDITCARDISSUER I-CREDITCARDISSUER O B-CREDITCARDNUMBER I-CREDITCARDNUMBER I-CREDITCARDNUMBER I-CREDITCARDNUMBER I-CREDITCARDNUMBER I-CREDITCARDNUMBER I-CREDITCARDNUMBER I-CREDITCARDNUMBER I-CREDITCARDNUMBER O O O O O O O O O O O,0.6666666666666666,"[{""type"": ""SEX"", ""start"": 1, ""end"": 2, ""text"": ""▁Nữ""}, {""type"": ""CREDITCARDISSUER"", ""start"": 25, ""end"": 28, ""text"": ""▁hd bank ▁visa""}, {""type"": ""MASKEDNUMBER"", ""start"": 29, ""end"": 36, ""text"": ""▁1874 05 76 10 673 3 18""}]","[{""type"": ""SEX"", ""start"": 1, ""end"": 2, ""text"": ""▁Nữ""}, {""type"": ""CREDITCARDISSUER"", ""start"": 25, ""end"": 28, ""text"": ""▁hd bank ▁visa""}, {""type"": ""CREDITCARDNUMBER"", ""start"": 29, ""end"": 36, ""text"": ""▁1874 05 76 10 673 3 18""}]",O B-SEX O O O O O O O O O O O O O O O O O O O O O O O B-CREDITCARDISSUER I-CREDITCARDISSUER I-CREDITCARDISSUER O B-MASKEDNUMBER I-MASKEDNUMBER I-MASKEDNUMBER I-MASKEDNUMBER I-MASKEDNUMBER I-MASKEDNUMBER I-MASKEDNUMBER O O O O O O O O O O O O O O O,O B-SEX O O O O O O O O O O O O O O O O O O O O O O O B-CREDITCARDISSUER I-CREDITCARDISSUER I-CREDITCARDISSUER O B-CREDITCARDNUMBER I-CREDITCARDNUMBER I-CREDITCARDNUMBER I-CREDITCARDNUMBER I-CREDITCARDNUMBER I-CREDITCARDNUMBER I-CREDITCARDNUMBER O O O O O O O O O O O O O O O
4855,"Dữ liệu cần thiết cho báo cáo thuế: tài khoản Credit Card Account số 25767676 (ACB), các khoản thanh toán bằng VND hoặc VND trên thẻ do msb mastercard phát hành. Vui lòng xác nhận CVV 566 và gọi đến 0913233605.",True,0.7142857142857143,"[{""type"": ""ACCOUNTNAME"", ""start"": 7, ""end"": 11, ""text"": ""Credit_@@ Card Ac@@ count""}, {""type"": ""ACCOUNTNUMBER"", ""start"": 12, ""end"": 20, ""text"": ""25@@ 7@@ 67@@ 6@@ 76 ( ACB )""}, {""type"": ""CURRENCYSYMBOL"", ""start"": 25, ""end"": 26, ""text"": ""VND""}, {""type"": ""CURRENCYCODE"", ""start"": 27, ""end"": 28, ""text"": ""VND""}, {""type"": ""CREDITCARDISSUER"", ""start"": 31, ""end"": 36, ""text"": ""ms@@ b mas@@ ter@@ card""}, {""type"": ""CREDITCARDCVV"", ""start"": 43, ""end"": 45, ""text"": ""5@@ 66""}, {""type"": ""PHONENUMBER"", ""start"": 48, ""end"": 53, ""text"": ""09@@ 13@@ 23@@ 3@@ 605""}]","[{""type"": ""ACCOUNTNAME"", ""start"": 7, ""end"": 11, ""text"": ""Credit_@@ Card Ac@@ count""}, {""type"": ""ACCOUNTNUMBER"", ""start"": 12, ""end"": 20, ""text"": ""25@@ 7@@ 67@@ 6@@ 76 ( ACB )""}, {""type"": ""CURRENCYCODE"", ""start"": 25, ""end"": 26, ""text"": ""VND""}, {""type"": ""CURRENCYSYMBOL"", ""start"": 27, ""end"": 28, ""text"": ""VND""}, {""type"": ""CREDITCARDISSUER"", ""start"": 31, ""end"": 36, ""text"": ""ms@@ b mas@@ ter@@ card""}, {""type"": ""CREDITCARDCVV"", ""start"": 43, ""end"": 45, ""text"": ""5@@ 66""}, {""type"": ""PHONENUMBER"", ""start"": 48, ""end"": 53, ""text"": ""09@@ 13@@ 23@@ 3@@ 605""}]",O O O O O O O B-ACCOUNTNAME I-ACCOUNTNAME I-ACCOUNTNAME I-ACCOUNTNAME O B-ACCOUNTNUMBER I-ACCOUNTNUMBER I-ACCOUNTNUMBER I-ACCOUNTNUMBER I-ACCOUNTNUMBER I-ACCOUNTNUMBER I-ACCOUNTNUMBER I-ACCOUNTNUMBER O O O O O B-CURRENCYSYMBOL O B-CURRENCYCODE O O O B-CREDITCARDISSUER I-CREDITCARDISSUER I-CREDITCARDISSUER I-CREDITCARDISSUER I-CREDITCARDISSUER O O O O O O O B-CREDITCARDCVV I-CREDITCARDCVV O O O B-PHONENUMBER I-PHONENUMBER I-PHONENUMBER I-PHONENUMBER I-PHONENUMBER O,O O O O O O O B-ACCOUNTNAME I-ACCOUNTNAME I-ACCOUNTNAME I-ACCOUNTNAME O B-ACCOUNTNUMBER I-ACCOUNTNUMBER I-ACCOUNTNUMBER I-ACCOUNTNUMBER I-ACCOUNTNUMBER I-ACCOUNTNUMBER I-ACCOUNTNUMBER I-ACCOUNTNUMBER O O O O O B-CURRENCYCODE O B-CURRENCYSYMBOL O O O B-CREDITCARDISSUER I-CREDITCARDISSUER I-CREDITCARDISSUER I-CREDITCARDISSUER I-CREDITCARDISSUER O O O O O O O B-CREDITCARDCVV I-CREDITCARDCVV O O O B-PHONENUMBER I-PHONENUMBER I-PHONENUMBER I-PHONENUMBER I-PHONENUMBER O,0.7142857142857143,"[{""type"": ""ACCOUNTNAME"", ""start"": 7, ""end"": 11, ""text"": ""Credit_@@ Card Ac@@ count""}, {""type"": ""ACCOUNTNUMBER"", ""start"": 12, ""end"": 20, ""text"": ""25@@ 7@@ 67@@ 6@@ 76 ( ACB )""}, {""type"": ""CURRENCYSYMBOL"", ""start"": 25, ""end"": 26, ""text"": ""VND""}, {""type"": ""CURRENCYCODE"", ""start"": 27, ""end"": 28, ""text"": ""VND""}, {""type"": ""CREDITCARDISSUER"", ""start"": 31, ""end"": 36, ""text"": ""ms@@ b mas@@ ter@@ card""}, {""type"": ""CREDITCARDCVV"", ""start"": 43, ""end"": 45, ""text"": ""5@@ 66""}, {""type"": ""PHONENUMBER"", ""start"": 48, ""end"": 53, ""text"": ""09@@ 13@@ 23@@ 3@@ 605""}]","[{""type"": ""ACCOUNTNAME"", ""start"": 7, ""end"": 11, ""text"": ""Credit_@@ Card Ac@@ count""}, {""type"": ""ACCOUNTNUMBER"", ""start"": 12, ""end"": 20, ""text"": ""25@@ 7@@ 67@@ 6@@ 76 ( ACB )""}, {""type"": ""CURRENCYCODE"", ""start"": 25, ""end"": 26, ""text"": ""VND""}, {""type"": ""CURRENCYSYMBOL"", ""start"": 27, ""end"": 28, ""text"": ""VND""}, {""type"": ""CREDITCARDISSUER"", ""start"": 31, ""end"": 36, ""text"": ""ms@@ b mas@@ ter@@ card""}, {""type"": ""CREDITCARDCVV"", ""start"": 43, ""end"": 45, ""text"": ""5@@ 66""}, {""type"": ""PHONENUMBER"", ""start"": 48, ""end"": 53, ""text"": ""09@@ 13@@ 23@@ 3@@ 605""}]",O O O O O O O B-ACCOUNTNAME I-ACCOUNTNAME I-ACCOUNTNAME I-ACCOUNTNAME O B-ACCOUNTNUMBER I-ACCOUNTNUMBER I-ACCOUNTNUMBER I-ACCOUNTNUMBER I-ACCOUNTNUMBER I-ACCOUNTNUMBER I-ACCOUNTNUMBER I-ACCOUNTNUMBER O O O O O B-CURRENCYSYMBOL O B-CURRENCYCODE O O O B-CREDITCARDISSUER I-CREDITCARDISSUER I-CREDITCARDISSUER I-CREDITCARDISSUER I-CREDITCARDISSUER O O O O O O O B-CREDITCARDCVV I-CREDITCARDCVV O O O B-PHONENUMBER I-PHONENUMBER I-PHONENUMBER I-PHONENUMBER I-PHONENUMBER O,O O O O O O O B-ACCOUNTNAME I-ACCOUNTNAME I-ACCOUNTNAME I-ACCOUNTNAME O B-ACCOUNTNUMBER I-ACCOUNTNUMBER I-ACCOUNTNUMBER I-ACCOUNTNUMBER I-ACCOUNTNUMBER I-ACCOUNTNUMBER I-ACCOUNTNUMBER I-ACCOUNTNUMBER O O O O O B-CURRENCYCODE O B-CURRENCYSYMBOL O O O B-CREDITCARDISSUER I-CREDITCARDISSUER I-CREDITCARDISSUER I-CREDITCARDISSUER I-CREDITCARDISSUER O O O O O O O B-CREDITCARDCVV I-CREDITCARDCVV O O O B-PHONENUMBER I-PHONENUMBER I-PHONENUMBER I-PHONENUMBER I-PHONENUMBER O,0.7142857142857143,"[{""type"": ""ACCOUNTNAME"", ""start"": 7, ""end"": 11, ""text"": ""Credit_@@ Card Ac@@ count""}, {""type"": ""ACCOUNTNUMBER"", ""start"": 12, ""end"": 20, ""text"": ""25@@ 7@@ 67@@ 6@@ 76 ( ACB )""}, {""type"": ""CURRENCYSYMBOL"", ""start"": 25, ""end"": 26, ""text"": ""VND""}, {""type"": ""CURRENCYCODE"", ""start"": 27, ""end"": 28, ""text"": ""VND""}, {""type"": ""CREDITCARDISSUER"", ""start"": 31, ""end"": 36, ""text"": ""ms@@ b mas@@ ter@@ card""}, {""type"": ""CREDITCARDCVV"", ""start"": 43, ""end"": 45, ""text"": ""5@@ 66""}, {""type"": ""PHONENUMBER"", ""start"": 48, ""end"": 53, ""text"": ""09@@ 13@@ 23@@ 3@@ 605""}]","[{""type"": ""ACCOUNTNAME"", ""start"": 7, ""end"": 11, ""text"": ""Credit_@@ Card Ac@@ count""}, {""type"": ""ACCOUNTNUMBER"", ""start"": 12, ""end"": 20, ""text"": ""25@@ 7@@ 67@@ 6@@ 76 ( ACB )""}, {""type"": ""CURRENCYCODE"", ""start"": 25, ""end"": 26, ""text"": ""VND""}, {""type"": ""CURRENCYSYMBOL"", ""start"": 27, ""end"": 28, ""text"": ""VND""}, {""type"": ""CREDITCARDISSUER"", ""start"": 31, ""end"": 36, ""text"": ""ms@@ b mas@@ ter@@ card""}, {""type"": ""CREDITCARDCVV"", ""start"": 43, ""end"": 45, ""text"": ""5@@ 66""}, {""type"": ""PHONENUMBER"", ""start"": 48, ""end"": 53, ""text"": ""09@@ 13@@ 23@@ 3@@ 605""}]",O O O O O O O B-ACCOUNTNAME I-ACCOUNTNAME I-ACCOUNTNAME I-ACCOUNTNAME O B-ACCOUNTNUMBER I-ACCOUNTNUMBER I-ACCOUNTNUMBER I-ACCOUNTNUMBER I-ACCOUNTNUMBER I-ACCOUNTNUMBER I-ACCOUNTNUMBER I-ACCOUNTNUMBER O O O O O B-CURRENCYSYMBOL O B-CURRENCYCODE O O O B-CREDITCARDISSUER I-CREDITCARDISSUER I-CREDITCARDISSUER I-CREDITCARDISSUER I-CREDITCARDISSUER O O O O O O O B-CREDITCARDCVV I-CREDITCARDCVV O O O B-PHONENUMBER I-PHONENUMBER I-PHONENUMBER I-PHONENUMBER I-PHONENUMBER O,O O O O O O O B-ACCOUNTNAME I-ACCOUNTNAME I-ACCOUNTNAME I-ACCOUNTNAME O B-ACCOUNTNUMBER I-ACCOUNTNUMBER I-ACCOUNTNUMBER I-ACCOUNTNUMBER I-ACCOUNTNUMBER I-ACCOUNTNUMBER I-ACCOUNTNUMBER I-ACCOUNTNUMBER O O O O O B-CURRENCYCODE O B-CURRENCYSYMBOL O O O B-CREDITCARDISSUER I-CREDITCARDISSUER I-CREDITCARDISSUER I-CREDITCARDISSUER I-CREDITCARDISSUER O O O O O O O B-CREDITCARDCVV I-CREDITCARDCVV O O O B-PHONENUMBER I-PHONENUMBER I-PHONENUMBER I-PHONENUMBER I-PHONENUMBER O,0.875,"[{""type"": ""ACCOUNTNAME"", ""start"": 12, ""end"": 15, ""text"": ""▁Credit ▁Card ▁Account""}, {""type"": ""ACCOUNTNUMBER"", ""start"": 16, ""end"": 23, ""text"": ""▁25 767 676 ▁( AC B ),""}, {""type"": ""CURRENCYSYMBOL"", ""start"": 28, ""end"": 30, ""text"": ""▁V ND""}, {""type"": ""CURRENCYCODE"", ""start"": 31, ""end"": 33, ""text"": ""▁V ND""}, {""type"": ""CREDITCARDISSUER"", ""start"": 36, ""end"": 40, ""text"": ""▁ms b ▁master card""}, {""type"": ""CREDITCARDCVV"", ""start"": 49, ""end"": 50, ""text"": ""▁""}, {""type"": ""CREDITCARDCVV"", ""start"": 50, ""end"": 51, ""text"": ""566""}, {""type"": ""PHONENUMBER"", ""start"": 54, ""end"": 58, ""text"": ""▁09 13 233 605""}]","[{""type"": ""ACCOUNTNAME"", ""start"": 12, ""end"": 15, ""text"": ""▁Credit ▁Card ▁Account""}, {""type"": ""ACCOUNTNUMBER"", ""start"": 16, ""end"": 23, ""text"": ""▁25 767 676 ▁( AC B ),""}, {""type"": ""CURRENCYCODE"", ""start"": 28, ""end"": 30, ""text"": ""▁V ND""}, {""type"": ""CURRENCYCODE"", ""start"": 31, ""end"": 33, ""text"": ""▁V ND""}, {""type"": ""CREDITCARDISSUER"", ""start"": 36, ""end"": 40, ""text"": ""▁ms b ▁master card""}, {""type"": ""CREDITCARDCVV"", ""start"": 49, ""end"": 50, ""text"": ""▁""}, {""type"": ""CREDITCARDCVV"", ""start"": 50, ""end"": 51, ""text"": ""566""}, {""type"": ""PHONENUMBER"", ""start"": 54, ""end"": 58, ""text"": ""▁09 13 233 605""}]",O O O O O O O O O O O O B-ACCOUNTNAME I-ACCOUNTNAME I-ACCOUNTNAME O B-ACCOUNTNUMBER I-ACCOUNTNUMBER I-ACCOUNTNUMBER I-ACCOUNTNUMBER I-ACCOUNTNUMBER I-ACCOUNTNUMBER I-ACCOUNTNUMBER O O O O O B-CURRENCYSYMBOL I-CURRENCYSYMBOL O B-CURRENCYCODE I-CURRENCYCODE O O O B-CREDITCARDISSUER I-CREDITCARDISSUER I-CREDITCARDISSUER I-CREDITCARDISSUER O O O O O O O O O B-CREDITCARDCVV B-CREDITCARDCVV O O O B-PHONENUMBER I-PHONENUMBER I-PHONENUMBER I-PHONENUMBER O,O O O O O O O O O O O O B-ACCOUNTNAME I-ACCOUNTNAME I-ACCOUNTNAME O B-ACCOUNTNUMBER I-ACCOUNTNUMBER I-ACCOUNTNUMBER I-ACCOUNTNUMBER I-ACCOUNTNUMBER I-ACCOUNTNUMBER I-ACCOUNTNUMBER O O O O O B-CURRENCYCODE I-CURRENCYCODE O B-CURRENCYCODE I-CURRENCYCODE O O O B-CREDITCARDISSUER I-CREDITCARDISSUER I-CREDITCARDISSUER I-CREDITCARDISSUER O O O O O O O O O B-CREDITCARDCVV B-CREDITCARDCVV O O O B-PHONENUMBER I-PHONENUMBER I-PHONENUMBER I-PHONENUMBER O
4882,Gói tài nguyên giảng dạy cho các trường Nam tại 21743 sẽ phản ánh 32.240.247.163 của bạn.,True,0.6666666666666666,"[{""type"": ""ORDINALDIRECTION"", ""start"": 6, ""end"": 7, ""text"": ""Nam""}, {""type"": ""ZIPCODE"", ""start"": 8, ""end"": 11, ""text"": ""2@@ 17@@ 43""}, {""type"": ""IPADDRESS"", ""start"": 13, ""end"": 19, ""text"": ""32.@@ 24@@ 0.@@ 24@@ 7.@@ 163""}]","[{""type"": ""SEX"", ""start"": 6, ""end"": 7, ""text"": ""Nam""}, {""type"": ""ZIPCODE"", ""start"": 8, ""end"": 11, ""text"": ""2@@ 17@@ 43""}, {""type"": ""IPADDRESS"", ""start"": 13, ""end"": 19, ""text"": ""32.@@ 24@@ 0.@@ 24@@ 7.@@ 163""}]",O O O O O O B-ORDINALDIRECTION O B-ZIPCODE I-ZIPCODE I-ZIPCODE O O B-IPADDRESS I-IPADDRESS I-IPADDRESS I-IPADDRESS I-IPADDRESS I-IPADDRESS O O O,O O O O O O B-SEX O B-ZIPCODE I-ZIPCODE I-ZIPCODE O O B-IPADDRESS I-IPADDRESS I-IPADDRESS I-IPADDRESS I-IPADDRESS I-IPADDRESS O O O,0.6666666666666666,"[{""type"": ""ORDINALDIRECTION"", ""start"": 6, ""end"": 7, ""text"": ""Nam""}, {""type"": ""ZIPCODE"", ""start"": 8, ""end"": 11, ""text"": ""2@@ 17@@ 43""}, {""type"": ""IPADDRESS"", ""start"": 13, ""end"": 19, ""text"": ""32.@@ 24@@ 0.@@ 24@@ 7.@@ 163""}]","[{""type"": ""SEX"", ""start"": 6, ""end"": 7, ""text"": ""Nam""}, {""type"": ""ZIPCODE"", ""start"": 8, ""end"": 11, ""text"": ""2@@ 17@@ 43""}, {""type"": ""IPADDRESS"", ""start"": 13, ""end"": 19, ""text"": ""32.@@ 24@@ 0.@@ 24@@ 7.@@ 163""}]",O O O O O O B-ORDINALDIRECTION O B-ZIPCODE I-ZIPCODE I-ZIPCODE O O B-IPADDRESS I-IPADDRESS I-IPADDRESS I-IPADDRESS I-IPADDRESS I-IPADDRESS O O O,O O O O O O B-SEX O B-ZIPCODE I-ZIPCODE I-ZIPCODE O O B-IPADDRESS I-IPADDRESS I-IPADDRESS I-IPADDRESS I-IPADDRESS I-IPADDRESS O O O,0.6666666666666666,"[{""type"": ""ORDINALDIRECTION"", ""start"": 6, ""end"": 7, ""text"": ""Nam""}, {""type"": ""ZIPCODE"", ""start"": 8, ""end"": 11, ""text"": ""2@@ 17@@ 43""}, {""type"": ""IPADDRESS"", ""start"": 13, ""end"": 19, ""text"": ""32.@@ 24@@ 0.@@ 24@@ 7.@@ 163""}]","[{""type"": ""SEX"", ""start"": 6, ""end"": 7, ""text"": ""Nam""}, {""type"": ""ZIPCODE"", ""start"": 8, ""end"": 11, ""text"": ""2@@ 17@@ 43""}, {""type"": ""IPADDRESS"", ""start"": 13, ""end"": 19, ""text"": ""32.@@ 24@@ 0.@@ 24@@ 7.@@ 163""}]",O O O O O O B-ORDINALDIRECTION O B-ZIPCODE I-ZIPCODE I-ZIPCODE O O B-IPADDRESS I-IPADDRESS I-IPADDRESS I-IPADDRESS I-IPADDRESS I-IPADDRESS O O O,O O O O O O B-SEX O B-ZIPCODE I-ZIPCODE I-ZIPCODE O O B-IPADDRESS I-IPADDRESS I-IPADDRESS I-IPADDRESS I-IPADDRESS I-IPADDRESS O O O,0.6666666666666666,"[{""type"": ""ORDINALDIRECTION"", ""start"": 9, ""end"": 10, ""text"": ""▁Nam""}, {""type"": ""ZIPCODE"", ""start"": 11, ""end"": 13, ""text"": ""▁217 43""}, {""type"": ""IPADDRESS"", ""start"": 16, ""end"": 22, ""text"": ""▁32. 240 . 247 . 163""}]","[{""type"": ""SEX"", ""start"": 9, ""end"": 10, ""text"": ""▁Nam""}, {""type"": ""ZIPCODE"", ""start"": 11, ""end"": 13, ""text"": ""▁217 43""}, {""type"": ""IPADDRESS"", ""start"": 16, ""end"": 22, ""text"": ""▁32. 240 . 247 . 163""}]",O O O O O O O O O B-ORDINALDIRECTION O B-ZIPCODE I-ZIPCODE O O O B-IPADDRESS I-IPADDRESS I-IPADDRESS I-IPADDRESS I-IPADDRESS I-IPADDRESS O O O,O O O O O O O O O B-SEX O B-ZIPCODE I-ZIPCODE O O O B-IPADDRESS I-IPADDRESS I-IPADDRESS I-IPADDRESS I-IPADDRESS I-IPADDRESS O O O
4913,"Theo thống kê của thành phố Phường Mỹ Lâm, tăng trưng bán hàng của USD 803784.51 đang được dự đoán theo nam Phụ bếp.",True,0.8000000000000002,"[{""type"": ""CITY"", ""start"": 4, ""end"": 7, ""text"": ""Phường Mỹ@@ _Lâm""}, {""type"": ""CURRENCYCODE"", ""start"": 13, ""end"": 14, ""text"": ""USD""}, {""type"": ""AMOUNT"", ""start"": 14, ""end"": 19, ""text"": ""80@@ 37@@ 8@@ 4.@@ 51""}, {""type"": ""GENDER"", ""start"": 23, ""end"": 24, ""text"": ""nam""}, {""type"": ""JOBTYPE"", ""start"": 24, ""end"": 26, ""text"": ""Phụ bếp""}]","[{""type"": ""CITY"", ""start"": 4, ""end"": 7, ""text"": ""Phường Mỹ@@ _Lâm""}, {""type"": ""CURRENCYSYMBOL"", ""start"": 13, ""end"": 14, ""text"": ""USD""}, {""type"": ""AMOUNT"", ""start"": 14, ""end"": 19, ""text"": ""80@@ 37@@ 8@@ 4.@@ 51""}, {""type"": ""GENDER"", ""start"": 23, ""end"": 24, ""text"": ""nam""}, {""type"": ""JOBTYPE"", ""start"": 24, ""end"": 26, ""text"": ""Phụ bếp""}]",O O O O B-CITY I-CITY I-CITY O O O O O O B-CURRENCYCODE B-AMOUNT I-AMOUNT I-AMOUNT I-AMOUNT I-AMOUNT O O O O B-GENDER B-JOBTYPE I-JOBTYPE O,O O O O B-CITY I-CITY I-CITY O O O O O O B-CURRENCYSYMBOL B-AMOUNT I-AMOUNT I-AMOUNT I-AMOUNT I-AMOUNT O O O O B-GENDER B-JOBTYPE I-JOBTYPE O,0.8000000000000002,"[{""type"": ""CITY"", ""start"": 4, ""end"": 7, ""text"": ""Phường Mỹ@@ _Lâm""}, {""type"": ""CURRENCYCODE"", ""start"": 13, ""end"": 14, ""text"": ""USD""}, {""type"": ""AMOUNT"", ""start"": 14, ""end"": 19, ""text"": ""80@@ 37@@ 8@@ 4.@@ 51""}, {""type"": ""GENDER"", ""start"": 23, ""end"": 24, ""text"": ""nam""}, {""type"": ""JOBTYPE"", ""start"": 24, ""end"": 26, ""text"": ""Phụ bếp""}]","[{""type"": ""CITY"", ""start"": 4, ""end"": 7, ""text"": ""Phường Mỹ@@ _Lâm""}, {""type"": ""CURRENCYSYMBOL"", ""start"": 13, ""end"": 14, ""text"": ""USD""}, {""type"": ""AMOUNT"", ""start"": 14, ""end"": 19, ""text"": ""80@@ 37@@ 8@@ 4.@@ 51""}, {""type"": ""GENDER"", ""start"": 23, ""end"": 24, ""text"": ""nam""}, {""type"": ""JOBTYPE"", ""start"": 24, ""end"": 26, ""text"": ""Phụ bếp""}]",O O O O B-CITY I-CITY I-CITY O O O O O O B-CURRENCYCODE B-AMOUNT I-AMOUNT I-AMOUNT I-AMOUNT I-AMOUNT O O O O B-GENDER B-JOBTYPE I-JOBTYPE O,O O O O B-CITY I-CITY I-CITY O O O O O O B-CURRENCYSYMBOL B-AMOUNT I-AMOUNT I-AMOUNT I-AMOUNT I-AMOUNT O O O O B-GENDER B-JOBTYPE I-JOBTYPE O,0.8000000000000002,"[{""type"": ""CITY"", ""start"": 4, ""end"": 7, ""text"": ""Phường Mỹ@@ _Lâm""}, {""type"": ""CURRENCYCODE"", ""start"": 13, ""end"": 14, ""text"": ""USD""}, {""type"": ""AMOUNT"", ""start"": 14, ""end"": 19, ""text"": ""80@@ 37@@ 8@@ 4.@@ 51""}, {""type"": ""GENDER"", ""start"": 23, ""end"": 24, ""text"": ""nam""}, {""type"": ""JOBTYPE"", ""start"": 24, ""end"": 26, ""text"": ""Phụ bếp""}]","[{""type"": ""CITY"", ""start"": 4, ""end"": 7, ""text"": ""Phường Mỹ@@ _Lâm""}, {""type"": ""CURRENCYSYMBOL"", ""start"": 13, ""end"": 14, ""text"": ""USD""}, {""type"": ""AMOUNT"", ""start"": 14, ""end"": 19, ""text"": ""80@@ 37@@ 8@@ 4.@@ 51""}, {""type"": ""GENDER"", ""start"": 23, ""end"": 24, ""text"": ""nam""}, {""type"": ""JOBTYPE"", ""start"": 24, ""end"": 26, ""text"": ""Phụ bếp""}]",O O O O B-CITY I-CITY I-CITY O O O O O O B-CURRENCYCODE B-AMOUNT I-AMOUNT I-AMOUNT I-AMOUNT I-AMOUNT O O O O B-GENDER B-JOBTYPE I-JOBTYPE O,O O O O B-CITY I-CITY I-CITY O O O O O O B-CURRENCYSYMBOL B-AMOUNT I-AMOUNT I-AMOUNT I-AMOUNT I-AMOUNT O O O O B-GENDER B-JOBTYPE I-JOBTYPE O,0.8000000000000002,"[{""type"": ""CITY"", ""start"": 6, ""end"": 9, ""text"": ""▁Phường ▁Mỹ ▁Lâm""}, {""type"": ""CURRENCYCODE"", ""start"": 15, ""end"": 16, ""text"": ""▁USD""}, {""type"": ""AMOUNT"", ""start"": 16, ""end"": 20, ""text"": ""▁80 378 4.5 1""}, {""type"": ""GENDER"", ""start"": 25, ""end"": 26, ""text"": ""▁nam""}, {""type"": ""JOBTYPE"", ""start"": 26, ""end"": 28, ""text"": ""▁Phụ ▁bếp""}]","[{""type"": ""CITY"", ""start"": 6, ""end"": 9, ""text"": ""▁Phường ▁Mỹ ▁Lâm""}, {""type"": ""CURRENCYSYMBOL"", ""start"": 15, ""end"": 16, ""text"": ""▁USD""}, {""type"": ""AMOUNT"", ""start"": 16, ""end"": 20, ""text"": ""▁80 378 4.5 1""}, {""type"": ""GENDER"", ""start"": 25, ""end"": 26, ""text"": ""▁nam""}, {""type"": ""JOBTYPE"", ""start"": 26, ""end"": 28, ""text"": ""▁Phụ ▁bếp""}]",O O O O O O B-CITY I-CITY I-CITY O O O O O O B-CURRENCYCODE B-AMOUNT I-AMOUNT I-AMOUNT I-AMOUNT O O O O O B-GENDER B-JOBTYPE I-JOBTYPE O,O O O O O O B-CITY I-CITY I-CITY O O O O O O B-CURRENCYSYMBOL B-AMOUNT I-AMOUNT I-AMOUNT I-AMOUNT O O O O O B-GENDER B-JOBTYPE I-JOBTYPE O
4941,Đây là một thông tin thú vị cho buổi thiền hôm nay: Cần chính xác 12 hơi thở để thổi phồng một quả bóng có chiều cao 1 mét 59.,True,0.6666666666666666,"[{""type"": ""AGE"", ""start"": 12, ""end"": 13, ""text"": ""12""}, {""type"": ""HEIGHT"", ""start"": 23, ""end"": 26, ""text"": ""1 mét 59""}]","[{""type"": ""HEIGHT"", ""start"": 23, ""end"": 26, ""text"": ""1 mét 59""}]",O O O O O O O O O O O O B-AGE O O O O O O O O O O B-HEIGHT I-HEIGHT I-HEIGHT O,O O O O O O O O O O O O O O O O O O O O O O O B-HEIGHT I-HEIGHT I-HEIGHT O,0.6666666666666666,"[{""type"": ""AGE"", ""start"": 12, ""end"": 13, ""text"": ""12""}, {""type"": ""HEIGHT"", ""start"": 23, ""end"": 26, ""text"": ""1 mét 59""}]","[{""type"": ""HEIGHT"", ""start"": 23, ""end"": 26, ""text"": ""1 mét 59""}]",O O O O O O O O O O O O B-AGE O O O O O O O O O O B-HEIGHT I-HEIGHT I-HEIGHT O,O O O O O O O O O O O O O O O O O O O O O O O B-HEIGHT I-HEIGHT I-HEIGHT O,0.6666666666666666,"[{""type"": ""AGE"", ""start"": 12, ""end"": 13, ""text"": ""12""}, {""type"": ""HEIGHT"", ""start"": 23, ""end"": 26, ""text"": ""1 mét 59""}]","[{""type"": ""HEIGHT"", ""start"": 23, ""end"": 26, ""text"": ""1 mét 59""}]",O O O O O O O O O O O O B-AGE O O O O O O O O O O B-HEIGHT I-HEIGHT I-HEIGHT O,O O O O O O O O O O O O O O O O O O O O O O O B-HEIGHT I-HEIGHT I-HEIGHT O,0.6666666666666666,"[{""type"": ""AGE"", ""start"": 17, ""end"": 18, ""text"": ""▁12""}, {""type"": ""HEIGHT"", ""start"": 31, ""end"": 34, ""text"": ""▁1 ▁mét ▁59""}]","[{""type"": ""HEIGHT"", ""start"": 31, ""end"": 34, ""text"": ""▁1 ▁mét ▁59""}]",O O O O O O O O O O O O O O O O O B-AGE O O O O O O O O O O O O O B-HEIGHT I-HEIGHT I-HEIGHT O,O O O O O O O O O O O O O O O O O O O O O O O O O O O O O O O B-HEIGHT I-HEIGHT I-HEIGHT O
4957,"Gía Re Nguyễn, cảm ơn bạn đã thanh toán số tiền đ 267659.28k cho chương trình đường học viên tư vấn của chúng tôi. Chúng tôi rất vui được giúp bạn.",True,0.6666666666666666,"[{""type"": ""LASTNAME"", ""start"": 4, ""end"": 5, ""text"": ""Nguyễn""}, {""type"": ""CURRENCYSYMBOL"", ""start"": 12, ""end"": 13, ""text"": ""đ""}, {""type"": ""AMOUNT"", ""start"": 13, ""end"": 18, ""text"": ""26@@ 7@@ 65@@ 9.@@ 28""}]","[{""type"": ""LASTNAME"", ""start"": 4, ""end"": 5, ""text"": ""Nguyễn""}, {""type"": ""CURRENCYSYMBOL"", ""start"": 12, ""end"": 13, ""text"": ""đ""}, {""type"": ""AMOUNT"", ""start"": 13, ""end"": 19, ""text"": ""26@@ 7@@ 65@@ 9.@@ 28 k""}]",O O O O B-LASTNAME O O O O O O O B-CURRENCYSYMBOL B-AMOUNT I-AMOUNT I-AMOUNT I-AMOUNT I-AMOUNT O O O O O O O O O O O O O O O O,O O O O B-LASTNAME O O O O O O O B-CURRENCYSYMBOL B-AMOUNT I-AMOUNT I-AMOUNT I-AMOUNT I-AMOUNT I-AMOUNT O O O O O O O O O O O O O O O,0.6666666666666666,"[{""type"": ""LASTNAME"", ""start"": 4, ""end"": 5, ""text"": ""Nguyễn""}, {""type"": ""CURRENCYSYMBOL"", ""start"": 12, ""end"": 13, ""text"": ""đ""}, {""type"": ""AMOUNT"", ""start"": 13, ""end"": 18, ""text"": ""26@@ 7@@ 65@@ 9.@@ 28""}]","[{""type"": ""LASTNAME"", ""start"": 4, ""end"": 5, ""text"": ""Nguyễn""}, {""type"": ""CURRENCYSYMBOL"", ""start"": 12, ""end"": 13, ""text"": ""đ""}, {""type"": ""AMOUNT"", ""start"": 13, ""end"": 19, ""text"": ""26@@ 7@@ 65@@ 9.@@ 28 k""}]",O O O O B-LASTNAME O O O O O O O B-CURRENCYSYMBOL B-AMOUNT I-AMOUNT I-AMOUNT I-AMOUNT I-AMOUNT O O O O O O O O O O O O O O O O,O O O O B-LASTNAME O O O O O O O B-CURRENCYSYMBOL B-AMOUNT I-AMOUNT I-AMOUNT I-AMOUNT I-AMOUNT I-AMOUNT O O O O O O O O O O O O O O O,0.8571428571428571,"[{""type"": ""LASTNAME"", ""start"": 4, ""end"": 5, ""text"": ""Nguyễn""}, {""type"": ""CURRENCYSYMBOL"", ""start"": 12, ""end"": 13, ""text"": ""đ""}, {""type"": ""AMOUNT"", ""start"": 13, ""end"": 18, ""text"": ""26@@ 7@@ 65@@ 9.@@ 28""}]","[{""type"": ""FIRSTNAME"", ""start"": 3, ""end"": 4, ""text"": ""e_@@""}, {""type"": ""LASTNAME"", ""start"": 4, ""end"": 5, ""text"": ""Nguyễn""}, {""type"": ""CURRENCYSYMBOL"", ""start"": 12, ""end"": 13, ""text"": ""đ""}, {""type"": ""AMOUNT"", ""start"": 13, ""end"": 18, ""text"": ""26@@ 7@@ 65@@ 9.@@ 28""}]",O O O O B-LASTNAME O O O O O O O B-CURRENCYSYMBOL B-AMOUNT I-AMOUNT I-AMOUNT I-AMOUNT I-AMOUNT O O O O O O O O O O O O O O O O,O O O I-FIRSTNAME B-LASTNAME O O O O O O O B-CURRENCYSYMBOL B-AMOUNT I-AMOUNT I-AMOUNT I-AMOUNT I-AMOUNT O O O O O O O O O O O O O O O O,0.6666666666666666,"[{""type"": ""LASTNAME"", ""start"": 3, ""end"": 4, ""text"": ""▁Nguyễn""}, {""type"": ""CURRENCYSYMBOL"", ""start"": 13, ""end"": 14, ""text"": ""▁đ""}, {""type"": ""AMOUNT"", ""start"": 14, ""end"": 18, ""text"": ""▁26 765 9.2 8""}]","[{""type"": ""LASTNAME"", ""start"": 3, ""end"": 4, ""text"": ""▁Nguyễn""}, {""type"": ""CURRENCYSYMBOL"", ""start"": 13, ""end"": 14, ""text"": ""▁đ""}, {""type"": ""AMOUNT"", ""start"": 14, ""end"": 19, ""text"": ""▁26 765 9.2 8 k""}]",O O O B-LASTNAME O O O O O O O O O B-CURRENCYSYMBOL B-AMOUNT I-AMOUNT I-AMOUNT I-AMOUNT O O O O O O O O O O O O O O O O O O O O O,O O O B-LASTNAME O O O O O O O O O B-CURRENCYSYMBOL B-AMOUNT I-AMOUNT I-AMOUNT I-AMOUNT I-AMOUNT O O O O O O O O O O O O O O O O O O O O
5012,"Không chia sẻ thông tin nhạy cảm như 8325793673699582, 4577803071394758 hoặc bidv mastercard của nó trực tuyến.",True,0.6666666666666666,"[{""type"": ""MASKEDNUMBER"", ""start"": 5, ""end"": 13, ""text"": ""83@@ 25@@ 79@@ 36@@ 7@@ 36@@ 99@@ 582""}, {""type"": ""CREDITCARDNUMBER"", ""start"": 14, ""end"": 23, ""text"": ""45@@ 77@@ 80@@ 30@@ 7@@ 13@@ 9@@ 47@@ 58""}, {""type"": ""CREDITCARDISSUER"", ""start"": 24, ""end"": 30, ""text"": ""b@@ id@@ v mas@@ ter@@ card""}]","[{""type"": ""CREDITCARDNUMBER"", ""start"": 5, ""end"": 13, ""text"": ""83@@ 25@@ 79@@ 36@@ 7@@ 36@@ 99@@ 582""}, {""type"": ""CREDITCARDNUMBER"", ""start"": 14, ""end"": 23, ""text"": ""45@@ 77@@ 80@@ 30@@ 7@@ 13@@ 9@@ 47@@ 58""}, {""type"": ""CREDITCARDISSUER"", ""start"": 24, ""end"": 30, ""text"": ""b@@ id@@ v mas@@ ter@@ card""}]",O O O O O B-MASKEDNUMBER I-MASKEDNUMBER I-MASKEDNUMBER I-MASKEDNUMBER I-MASKEDNUMBER I-MASKEDNUMBER I-MASKEDNUMBER I-MASKEDNUMBER O B-CREDITCARDNUMBER I-CREDITCARDNUMBER I-CREDITCARDNUMBER I-CREDITCARDNUMBER I-CREDITCARDNUMBER I-CREDITCARDNUMBER I-CREDITCARDNUMBER I-CREDITCARDNUMBER I-CREDITCARDNUMBER O B-CREDITCARDISSUER I-CREDITCARDISSUER I-CREDITCARDISSUER I-CREDITCARDISSUER I-CREDITCARDISSUER I-CREDITCARDISSUER O O O O,O O O O O B-CREDITCARDNUMBER I-CREDITCARDNUMBER I-CREDITCARDNUMBER I-CREDITCARDNUMBER I-CREDITCARDNUMBER I-CREDITCARDNUMBER I-CREDITCARDNUMBER I-CREDITCARDNUMBER O B-CREDITCARDNUMBER I-CREDITCARDNUMBER I-CREDITCARDNUMBER I-CREDITCARDNUMBER I-CREDITCARDNUMBER I-CREDITCARDNUMBER I-CREDITCARDNUMBER I-CREDITCARDNUMBER I-CREDITCARDNUMBER O B-CREDITCARDISSUER I-CREDITCARDISSUER I-CREDITCARDISSUER I-CREDITCARDISSUER I-CREDITCARDISSUER I-CREDITCARDISSUER O O O O,0.6666666666666666,"[{""type"": ""MASKEDNUMBER"", ""start"": 5, ""end"": 13, ""text"": ""83@@ 25@@ 79@@ 36@@ 7@@ 36@@ 99@@ 582""}, {""type"": ""CREDITCARDNUMBER"", ""start"": 14, ""end"": 23, ""text"": ""45@@ 77@@ 80@@ 30@@ 7@@ 13@@ 9@@ 47@@ 58""}, {""type"": ""CREDITCARDISSUER"", ""start"": 24, ""end"": 30, ""text"": ""b@@ id@@ v mas@@ ter@@ card""}]","[{""type"": ""CREDITCARDNUMBER"", ""start"": 5, ""end"": 13, ""text"": ""83@@ 25@@ 79@@ 36@@ 7@@ 36@@ 99@@ 582""}, {""type"": ""CREDITCARDNUMBER"", ""start"": 14, ""end"": 23, ""text"": ""45@@ 77@@ 80@@ 30@@ 7@@ 13@@ 9@@ 47@@ 58""}, {""type"": ""CREDITCARDISSUER"", ""start"": 24, ""end"": 30, ""text"": ""b@@ id@@ v mas@@ ter@@ card""}]",O O O O O B-MASKEDNUMBER I-MASKEDNUMBER I-MASKEDNUMBER I-MASKEDNUMBER I-MASKEDNUMBER I-MASKEDNUMBER I-MASKEDNUMBER I-MASKEDNUMBER O B-CREDITCARDNUMBER I-CREDITCARDNUMBER I-CREDITCARDNUMBER I-CREDITCARDNUMBER I-CREDITCARDNUMBER I-CREDITCARDNUMBER I-CREDITCARDNUMBER I-CREDITCARDNUMBER I-CREDITCARDNUMBER O B-CREDITCARDISSUER I-CREDITCARDISSUER I-CREDITCARDISSUER I-CREDITCARDISSUER I-CREDITCARDISSUER I-CREDITCARDISSUER O O O O,O O O O O B-CREDITCARDNUMBER I-CREDITCARDNUMBER I-CREDITCARDNUMBER I-CREDITCARDNUMBER I-CREDITCARDNUMBER I-CREDITCARDNUMBER I-CREDITCARDNUMBER I-CREDITCARDNUMBER O B-CREDITCARDNUMBER I-CREDITCARDNUMBER I-CREDITCARDNUMBER I-CREDITCARDNUMBER I-CREDITCARDNUMBER I-CREDITCARDNUMBER I-CREDITCARDNUMBER I-CREDITCARDNUMBER I-CREDITCARDNUMBER O B-CREDITCARDISSUER I-CREDITCARDISSUER I-CREDITCARDISSUER I-CREDITCARDISSUER I-CREDITCARDISSUER I-CREDITCARDISSUER O O O O,0.6666666666666666,"[{""type"": ""MASKEDNUMBER"", ""start"": 5, ""end"": 13, ""text"": ""83@@ 25@@ 79@@ 36@@ 7@@ 36@@ 99@@ 582""}, {""type"": ""CREDITCARDNUMBER"", ""start"": 14, ""end"": 23, ""text"": ""45@@ 77@@ 80@@ 30@@ 7@@ 13@@ 9@@ 47@@ 58""}, {""type"": ""CREDITCARDISSUER"", ""start"": 24, ""end"": 30, ""text"": ""b@@ id@@ v mas@@ ter@@ card""}]","[{""type"": ""CREDITCARDNUMBER"", ""start"": 5, ""end"": 13, ""text"": ""83@@ 25@@ 79@@ 36@@ 7@@ 36@@ 99@@ 582""}, {""type"": ""CREDITCARDNUMBER"", ""start"": 14, ""end"": 23, ""text"": ""45@@ 77@@ 80@@ 30@@ 7@@ 13@@ 9@@ 47@@ 58""}, {""type"": ""CREDITCARDISSUER"", ""start"": 24, ""end"": 30, ""text"": ""b@@ id@@ v mas@@ ter@@ card""}]",O O O O O B-MASKEDNUMBER I-MASKEDNUMBER I-MASKEDNUMBER I-MASKEDNUMBER I-MASKEDNUMBER I-MASKEDNUMBER I-MASKEDNUMBER I-MASKEDNUMBER O B-CREDITCARDNUMBER I-CREDITCARDNUMBER I-CREDITCARDNUMBER I-CREDITCARDNUMBER I-CREDITCARDNUMBER I-CREDITCARDNUMBER I-CREDITCARDNUMBER I-CREDITCARDNUMBER I-CREDITCARDNUMBER O B-CREDITCARDISSUER I-CREDITCARDISSUER I-CREDITCARDISSUER I-CREDITCARDISSUER I-CREDITCARDISSUER I-CREDITCARDISSUER O O O O,O O O O O B-CREDITCARDNUMBER I-CREDITCARDNUMBER I-CREDITCARDNUMBER I-CREDITCARDNUMBER I-CREDITCARDNUMBER I-CREDITCARDNUMBER I-CREDITCARDNUMBER I-CREDITCARDNUMBER O B-CREDITCARDNUMBER I-CREDITCARDNUMBER I-CREDITCARDNUMBER I-CREDITCARDNUMBER I-CREDITCARDNUMBER I-CREDITCARDNUMBER I-CREDITCARDNUMBER I-CREDITCARDNUMBER I-CREDITCARDNUMBER O B-CREDITCARDISSUER I-CREDITCARDISSUER I-CREDITCARDISSUER I-CREDITCARDISSUER I-CREDITCARDISSUER I-CREDITCARDISSUER O O O O,0.6666666666666666,"[{""type"": ""MASKEDNUMBER"", ""start"": 8, ""end"": 15, ""text"": ""▁8 32 579 367 369 95 82""}, {""type"": ""CREDITCARDNUMBER"", ""start"": 16, ""end"": 23, ""text"": ""▁45 778 03 07 139 47 58""}, {""type"": ""CREDITCARDISSUER"", ""start"": 24, ""end"": 28, ""text"": ""▁bi dv ▁master card""}]","[{""type"": ""CREDITCARDNUMBER"", ""start"": 8, ""end"": 15, ""text"": ""▁8 32 579 367 369 95 82""}, {""type"": ""CREDITCARDNUMBER"", ""start"": 16, ""end"": 23, ""text"": ""▁45 778 03 07 139 47 58""}, {""type"": ""CREDITCARDISSUER"", ""start"": 24, ""end"": 28, ""text"": ""▁bi dv ▁master card""}]",O O O O O O O O B-MASKEDNUMBER I-MASKEDNUMBER I-MASKEDNUMBER I-MASKEDNUMBER I-MASKEDNUMBER I-MASKEDNUMBER I-MASKEDNUMBER O B-CREDITCARDNUMBER I-CREDITCARDNUMBER I-CREDITCARDNUMBER I-CREDITCARDNUMBER I-CREDITCARDNUMBER I-CREDITCARDNUMBER I-CREDITCARDNUMBER O B-CREDITCARDISSUER I-CREDITCARDISSUER I-CREDITCARDISSUER I-CREDITCARDISSUER O O O O O,O O O O O O O O B-CREDITCARDNUMBER I-CREDITCARDNUMBER I-CREDITCARDNUMBER I-CREDITCARDNUMBER I-CREDITCARDNUMBER I-CREDITCARDNUMBER I-CREDITCARDNUMBER O B-CREDITCARDNUMBER I-CREDITCARDNUMBER I-CREDITCARDNUMBER I-CREDITCARDNUMBER I-CREDITCARDNUMBER I-CREDITCARDNUMBER I-CREDITCARDNUMBER O B-CREDITCARDISSUER I-CREDITCARDISSUER I-CREDITCARDISSUER I-CREDITCARDISSUER O O O O O
5014,Xin chào Sơn. Ngày tham khảo Oncology của bạn là Ngày 4/4/1953 và sẽ bắt đầu với hướng tối ưu tại 10 giờ tối đúng:00 tại vị trí của chúng tôi tại số 354 Phố Nguyễn Trãi.,True,0.7272727272727272,"[{""type"": ""FIRSTNAME"", ""start"": 2, ""end"": 3, ""text"": ""Sơn""}, {""type"": ""DATE"", ""start"": 12, ""end"": 16, ""text"": ""Ngày 4/@@ 4/@@ 1953""}, {""type"": ""TIME"", ""start"": 23, ""end"": 27, ""text"": ""10 giờ tối đúng""}, {""type"": ""BUILDINGNUMBER"", ""start"": 35, ""end"": 36, ""text"": ""354""}, {""type"": ""STREET"", ""start"": 36, ""end"": 38, ""text"": ""Phố Nguyễn_Trãi""}]","[{""type"": ""FIRSTNAME"", ""start"": 2, ""end"": 3, ""text"": ""Sơn""}, {""type"": ""DOB"", ""start"": 12, ""end"": 14, ""text"": ""Ngày 4/@@""}, {""type"": ""DATE"", ""start"": 14, ""end"": 16, ""text"": ""4/@@ 1953""}, {""type"": ""TIME"", ""start"": 23, ""end"": 27, ""text"": ""10 giờ tối đúng""}, {""type"": ""BUILDINGNUMBER"", ""start"": 35, ""end"": 36, ""text"": ""354""}, {""type"": ""STREET"", ""start"": 36, ""end"": 38, ""text"": ""Phố Nguyễn_Trãi""}]",O O B-FIRSTNAME O O O O O O O O O B-DATE I-DATE I-DATE I-DATE O O O O O O O B-TIME I-TIME I-TIME I-TIME O O O O O O O O B-BUILDINGNUMBER B-STREET I-STREET O,O O B-FIRSTNAME O O O O O O O O O B-DOB I-DOB I-DATE I-DATE O O O O O O O B-TIME I-TIME I-TIME I-TIME O O O O O O O O B-BUILDINGNUMBER B-STREET I-STREET O,0.8000000000000002,"[{""type"": ""FIRSTNAME"", ""start"": 2, ""end"": 3, ""text"": ""Sơn""}, {""type"": ""DATE"", ""start"": 12, ""end"": 16, ""text"": ""Ngày 4/@@ 4/@@ 1953""}, {""type"": ""TIME"", ""start"": 23, ""end"": 27, ""text"": ""10 giờ tối đúng""}, {""type"": ""BUILDINGNUMBER"", ""start"": 35, ""end"": 36, ""text"": ""354""}, {""type"": ""STREET"", ""start"": 36, ""end"": 38, ""text"": ""Phố Nguyễn_Trãi""}]","[{""type"": ""FIRSTNAME"", ""start"": 2, ""end"": 3, ""text"": ""Sơn""}, {""type"": ""DATE"", ""start"": 12, ""end"": 16, ""text"": ""Ngày 4/@@ 4/@@ 1953""}, {""type"": ""TIME"", ""start"": 23, ""end"": 29, ""text"": ""10 giờ tối đúng : 00""}, {""type"": ""BUILDINGNUMBER"", ""start"": 35, ""end"": 36, ""text"": ""354""}, {""type"": ""STREET"", ""start"": 36, ""end"": 38, ""text"": ""Phố Nguyễn_Trãi""}]",O O B-FIRSTNAME O O O O O O O O O B-DATE I-DATE I-DATE I-DATE O O O O O O O B-TIME I-TIME I-TIME I-TIME O O O O O O O O B-BUILDINGNUMBER B-STREET I-STREET O,O O B-FIRSTNAME O O O O O O O O O B-DATE I-DATE I-DATE I-DATE O O O O O O O B-TIME I-TIME I-TIME I-TIME I-TIME I-TIME O O O O O O B-BUILDINGNUMBER B-STREET I-STREET O,0.5454545454545454,"[{""type"": ""FIRSTNAME"", ""start"": 2, ""end"": 3, ""text"": ""Sơn""}, {""type"": ""DATE"", ""start"": 12, ""end"": 16, ""text"": ""Ngày 4/@@ 4/@@ 1953""}, {""type"": ""TIME"", ""start"": 23, ""end"": 27, ""text"": ""10 giờ tối đúng""}, {""type"": ""BUILDINGNUMBER"", ""start"": 35, ""end"": 36, ""text"": ""354""}, {""type"": ""STREET"", ""start"": 36, ""end"": 38, ""text"": ""Phố Nguyễn_Trãi""}]","[{""type"": ""FIRSTNAME"", ""start"": 2, ""end"": 3, ""text"": ""Sơn""}, {""type"": ""DOB"", ""start"": 12, ""end"": 13, ""text"": ""Ngày""}, {""type"": ""DATE"", ""start"": 13, ""end"": 16, ""text"": ""4/@@ 4/@@ 1953""}, {""type"": ""TIME"", ""start"": 23, ""end"": 29, ""text"": ""10 giờ tối đúng : 00""}, {""type"": ""BUILDINGNUMBER"", ""start"": 35, ""end"": 36, ""text"": ""354""}, {""type"": ""STREET"", ""start"": 36, ""end"": 38, ""text"": ""Phố Nguyễn_Trãi""}]",O O B-FIRSTNAME O O O O O O O O O B-DATE I-DATE I-DATE I-DATE O O O O O O O B-TIME I-TIME I-TIME I-TIME O O O O O O O O B-BUILDINGNUMBER B-STREET I-STREET O,O O B-FIRSTNAME O O O O O O O O O B-DOB I-DATE I-DATE I-DATE O O O O O O O B-TIME I-TIME I-TIME I-TIME I-TIME I-TIME O O O O O O B-BUILDINGNUMBER B-STREET I-STREET O,0.8000000000000002,"[{""type"": ""FIRSTNAME"", ""start"": 2, ""end"": 3, ""text"": ""▁Sơn""}, {""type"": ""DATE"", ""start"": 13, ""end"": 18, ""text"": ""▁Ngày ▁4 /4 / 1953""}, {""type"": ""TIME"", ""start"": 27, ""end"": 31, ""text"": ""▁10 ▁giờ ▁tối ▁đúng""}, {""type"": ""BUILDINGNUMBER"", ""start"": 40, ""end"": 42, ""text"": ""▁35 4""}, {""type"": ""STREET"", ""start"": 42, ""end"": 47, ""text"": ""▁Phố ▁Nguyễn ▁Tr ã i""}]","[{""type"": ""FIRSTNAME"", ""start"": 2, ""end"": 3, ""text"": ""▁Sơn""}, {""type"": ""DATE"", ""start"": 13, ""end"": 18, ""text"": ""▁Ngày ▁4 /4 / 1953""}, {""type"": ""TIME"", ""start"": 27, ""end"": 32, ""text"": ""▁10 ▁giờ ▁tối ▁đúng :00""}, {""type"": ""BUILDINGNUMBER"", ""start"": 40, ""end"": 42, ""text"": ""▁35 4""}, {""type"": ""STREET"", ""start"": 42, ""end"": 47, ""text"": ""▁Phố ▁Nguyễn ▁Tr ã i""}]",O O B-FIRSTNAME O O O O O O O O O O B-DATE I-DATE I-DATE I-DATE I-DATE O O O O O O O O O B-TIME I-TIME I-TIME I-TIME O O O O O O O O O B-BUILDINGNUMBER I-BUILDINGNUMBER B-STREET I-STREET I-STREET I-STREET I-STREET O,O O B-FIRSTNAME O O O O O O O O O O B-DATE I-DATE I-DATE I-DATE I-DATE O O O O O O O O O B-TIME I-TIME I-TIME I-TIME I-TIME O O O O O O O O B-BUILDINGNUMBER I-BUILDINGNUMBER B-STREET I-STREET I-STREET I-STREET I-STREET O
5052,"Chào, cuộc hẹn tư vấn tiếp theo của bạn là vào 21/07/1971 lúc 9:01 AM tại địa điểm Nam của chúng tôi, nằm gần [-29.5061, -94.8399].",True,0.75,"[{""type"": ""DOB"", ""start"": 10, ""end"": 13, ""text"": ""21/@@ 07/@@ 1971""}, {""type"": ""TIME"", ""start"": 14, ""end"": 18, ""text"": ""9@@ :@@ 01 AM""}, {""type"": ""ORDINALDIRECTION"", ""start"": 20, ""end"": 21, ""text"": ""Nam""}, {""type"": ""NEARBYGPSCOORDINATE"", ""start"": 26, ""end"": 37, ""text"": ""[ -@@ 29.@@ 50@@ 61 , -@@ 9@@ 4.8@@ 399 ]""}]","[{""type"": ""DATE"", ""start"": 10, ""end"": 13, ""text"": ""21/@@ 07/@@ 1971""}, {""type"": ""TIME"", ""start"": 14, ""end"": 18, ""text"": ""9@@ :@@ 01 AM""}, {""type"": ""ORDINALDIRECTION"", ""start"": 20, ""end"": 21, ""text"": ""Nam""}, {""type"": ""NEARBYGPSCOORDINATE"", ""start"": 26, ""end"": 37, ""text"": ""[ -@@ 29.@@ 50@@ 61 , -@@ 9@@ 4.8@@ 399 ]""}]",O O O O O O O O O O B-DOB I-DOB I-DOB O B-TIME I-TIME I-TIME I-TIME O O B-ORDINALDIRECTION O O O O O B-NEARBYGPSCOORDINATE I-NEARBYGPSCOORDINATE I-NEARBYGPSCOORDINATE I-NEARBYGPSCOORDINATE I-NEARBYGPSCOORDINATE I-NEARBYGPSCOORDINATE I-NEARBYGPSCOORDINATE I-NEARBYGPSCOORDINATE I-NEARBYGPSCOORDINATE I-NEARBYGPSCOORDINATE I-NEARBYGPSCOORDINATE O,O O O O O O O O O O B-DATE I-DATE I-DATE O B-TIME I-TIME I-TIME I-TIME O O B-ORDINALDIRECTION O O O O O B-NEARBYGPSCOORDINATE I-NEARBYGPSCOORDINATE I-NEARBYGPSCOORDINATE I-NEARBYGPSCOORDINATE I-NEARBYGPSCOORDINATE I-NEARBYGPSCOORDINATE I-NEARBYGPSCOORDINATE I-NEARBYGPSCOORDINATE I-NEARBYGPSCOORDINATE I-NEARBYGPSCOORDINATE I-NEARBYGPSCOORDINATE O,0.75,"[{""type"": ""DOB"", ""start"": 10, ""end"": 13, ""text"": ""21/@@ 07/@@ 1971""}, {""type"": ""TIME"", ""start"": 14, ""end"": 18, ""text"": ""9@@ :@@ 01 AM""}, {""type"": ""ORDINALDIRECTION"", ""start"": 20, ""end"": 21, ""text"": ""Nam""}, {""type"": ""NEARBYGPSCOORDINATE"", ""start"": 26, ""end"": 37, ""text"": ""[ -@@ 29.@@ 50@@ 61 , -@@ 9@@ 4.8@@ 399 ]""}]","[{""type"": ""DATE"", ""start"": 10, ""end"": 13, ""text"": ""21/@@ 07/@@ 1971""}, {""type"": ""TIME"", ""start"": 14, ""end"": 18, ""text"": ""9@@ :@@ 01 AM""}, {""type"": ""ORDINALDIRECTION"", ""start"": 20, ""end"": 21, ""text"": ""Nam""}, {""type"": ""NEARBYGPSCOORDINATE"", ""start"": 26, ""end"": 37, ""text"": ""[ -@@ 29.@@ 50@@ 61 , -@@ 9@@ 4.8@@ 399 ]""}]",O O O O O O O O O O B-DOB I-DOB I-DOB O B-TIME I-TIME I-TIME I-TIME O O B-ORDINALDIRECTION O O O O O B-NEARBYGPSCOORDINATE I-NEARBYGPSCOORDINATE I-NEARBYGPSCOORDINATE I-NEARBYGPSCOORDINATE I-NEARBYGPSCOORDINATE I-NEARBYGPSCOORDINATE I-NEARBYGPSCOORDINATE I-NEARBYGPSCOORDINATE I-NEARBYGPSCOORDINATE I-NEARBYGPSCOORDINATE I-NEARBYGPSCOORDINATE O,O O O O O O O O O O B-DATE I-DATE I-DATE O B-TIME I-TIME I-TIME I-TIME O O B-ORDINALDIRECTION O O O O O B-NEARBYGPSCOORDINATE I-NEARBYGPSCOORDINATE I-NEARBYGPSCOORDINATE I-NEARBYGPSCOORDINATE I-NEARBYGPSCOORDINATE I-NEARBYGPSCOORDINATE I-NEARBYGPSCOORDINATE I-NEARBYGPSCOORDINATE I-NEARBYGPSCOORDINATE I-NEARBYGPSCOORDINATE I-NEARBYGPSCOORDINATE O,0.75,"[{""type"": ""DOB"", ""start"": 10, ""end"": 13, ""text"": ""21/@@ 07/@@ 1971""}, {""type"": ""TIME"", ""start"": 14, ""end"": 18, ""text"": ""9@@ :@@ 01 AM""}, {""type"": ""ORDINALDIRECTION"", ""start"": 20, ""end"": 21, ""text"": ""Nam""}, {""type"": ""NEARBYGPSCOORDINATE"", ""start"": 26, ""end"": 37, ""text"": ""[ -@@ 29.@@ 50@@ 61 , -@@ 9@@ 4.8@@ 399 ]""}]","[{""type"": ""DATE"", ""start"": 10, ""end"": 13, ""text"": ""21/@@ 07/@@ 1971""}, {""type"": ""TIME"", ""start"": 14, ""end"": 18, ""text"": ""9@@ :@@ 01 AM""}, {""type"": ""ORDINALDIRECTION"", ""start"": 20, ""end"": 21, ""text"": ""Nam""}, {""type"": ""NEARBYGPSCOORDINATE"", ""start"": 26, ""end"": 37, ""text"": ""[ -@@ 29.@@ 50@@ 61 , -@@ 9@@ 4.8@@ 399 ]""}]",O O O O O O O O O O B-DOB I-DOB I-DOB O B-TIME I-TIME I-TIME I-TIME O O B-ORDINALDIRECTION O O O O O B-NEARBYGPSCOORDINATE I-NEARBYGPSCOORDINATE I-NEARBYGPSCOORDINATE I-NEARBYGPSCOORDINATE I-NEARBYGPSCOORDINATE I-NEARBYGPSCOORDINATE I-NEARBYGPSCOORDINATE I-NEARBYGPSCOORDINATE I-NEARBYGPSCOORDINATE I-NEARBYGPSCOORDINATE I-NEARBYGPSCOORDINATE O,O O O O O O O O O O B-DATE I-DATE I-DATE O B-TIME I-TIME I-TIME I-TIME O O B-ORDINALDIRECTION O O O O O B-NEARBYGPSCOORDINATE I-NEARBYGPSCOORDINATE I-NEARBYGPSCOORDINATE I-NEARBYGPSCOORDINATE I-NEARBYGPSCOORDINATE I-NEARBYGPSCOORDINATE I-NEARBYGPSCOORDINATE I-NEARBYGPSCOORDINATE I-NEARBYGPSCOORDINATE I-NEARBYGPSCOORDINATE I-NEARBYGPSCOORDINATE O,0.75,"[{""type"": ""DOB"", ""start"": 12, ""end"": 15, ""text"": ""▁21 /07/ 1971""}, {""type"": ""TIME"", ""start"": 16, ""end"": 19, ""text"": ""▁9 :01 ▁AM""}, {""type"": ""ORDINALDIRECTION"", ""start"": 22, ""end"": 23, ""text"": ""▁Nam""}, {""type"": ""NEARBYGPSCOORDINATE"", ""start"": 29, ""end"": 41, ""text"": ""▁[ -29 . 50 61 , ▁- 94 . 83 99 ]""}]","[{""type"": ""DATE"", ""start"": 12, ""end"": 15, ""text"": ""▁21 /07/ 1971""}, {""type"": ""TIME"", ""start"": 16, ""end"": 19, ""text"": ""▁9 :01 ▁AM""}, {""type"": ""ORDINALDIRECTION"", ""start"": 22, ""end"": 23, ""text"": ""▁Nam""}, {""type"": ""NEARBYGPSCOORDINATE"", ""start"": 29, ""end"": 41, ""text"": ""▁[ -29 . 50 61 , ▁- 94 . 83 99 ]""}]",O O O O O O O O O O O O B-DOB I-DOB I-DOB O B-TIME I-TIME I-TIME O O O B-ORDINALDIRECTION O O O O O O B-NEARBYGPSCOORDINATE I-NEARBYGPSCOORDINATE I-NEARBYGPSCOORDINATE I-NEARBYGPSCOORDINATE I-NEARBYGPSCOORDINATE I-NEARBYGPSCOORDINATE I-NEARBYGPSCOORDINATE I-NEARBYGPSCOORDINATE I-NEARBYGPSCOORDINATE I-NEARBYGPSCOORDINATE I-NEARBYGPSCOORDINATE I-NEARBYGPSCOORDINATE O,O O O O O O O O O O O O B-DATE I-DATE I-DATE O B-TIME I-TIME I-TIME O O O B-ORDINALDIRECTION O O O O O O B-NEARBYGPSCOORDINATE I-NEARBYGPSCOORDINATE I-NEARBYGPSCOORDINATE I-NEARBYGPSCOORDINATE I-NEARBYGPSCOORDINATE I-NEARBYGPSCOORDINATE I-NEARBYGPSCOORDINATE I-NEARBYGPSCOORDINATE I-NEARBYGPSCOORDINATE I-NEARBYGPSCOORDINATE I-NEARBYGPSCOORDINATE I-NEARBYGPSCOORDINATE O
5119,"Đội ngũ Luật sư của chúng tôi đã cập nhật kế hoạch duy trì hoạt động kinh doanh cho Lào Cai. Mỗi Fixed Deposit Account cần được xác nhận trên Mozilla/5.0 (Macintosh; PPC Mac OS X 10_8_6) AppleWebKit/532.0.2 (KHTML, like Gecko) Chrome/39.0.833.0 Safari/532.0.2 trước 11 giờ kém mười lăm phút đêm để đảm bảo hoạt động diễn ra suôn sẻ.",True,0.8000000000000002,"[{""type"": ""JOBTYPE"", ""start"": 1, ""end"": 2, ""text"": ""Luật_sư""}, {""type"": ""STATE"", ""start"": 11, ""end"": 12, ""text"": ""Lào_Cai""}, {""type"": ""ACCOUNTNAME"", ""start"": 14, ""end"": 22, ""text"": ""Fi@@ xe@@ d_@@ De@@ pos@@ it_@@ Ac@@ count""}, {""type"": ""USERAGENT"", ""start"": 26, ""end"": 75, ""text"": ""Mozilla / 5.0 ( Mac@@ in@@ tosh ; PPC Mac_OS_X 10 _ 8 _ 6 ) Apple@@ Web@@ Kit / 5@@ 32@@ .0@@ .@@ 2 ( KH@@ TM@@ L , like G@@ ec@@ ko ) Chrome / 39@@ .0@@ .@@ 83@@ 3.0 Safari / 5@@ 32@@ .0@@ .@@ 2""}, {""type"": ""TIME"", ""start"": 76, ""end"": 82, ""text"": ""11 giờ kém mười_lăm phút đêm""}]","[{""type"": ""JOBTITLE"", ""start"": 1, ""end"": 2, ""text"": ""Luật_sư""}, {""type"": ""STATE"", ""start"": 11, ""end"": 12, ""text"": ""Lào_Cai""}, {""type"": ""ACCOUNTNAME"", ""start"": 14, ""end"": 22, ""text"": ""Fi@@ xe@@ d_@@ De@@ pos@@ it_@@ Ac@@ count""}, {""type"": ""USERAGENT"", ""start"": 26, ""end"": 75, ""text"": ""Mozilla / 5.0 ( Mac@@ in@@ tosh ; PPC Mac_OS_X 10 _ 8 _ 6 ) Apple@@ Web@@ Kit / 5@@ 32@@ .0@@ .@@ 2 ( KH@@ TM@@ L , like G@@ ec@@ ko ) Chrome / 39@@ .0@@ .@@ 83@@ 3.0 Safari / 5@@ 32@@ .0@@ .@@ 2""}, {""type"": ""TIME"", ""start"": 76, ""end"": 82, ""text"": ""11 giờ kém mười_lăm phút đêm""}]",O B-JOBTYPE O O O O O O O O O B-STATE O O B-ACCOUNTNAME I-ACCOUNTNAME I-ACCOUNTNAME I-ACCOUNTNAME I-ACCOUNTNAME I-ACCOUNTNAME I-ACCOUNTNAME I-ACCOUNTNAME O O O O B-USERAGENT I-USERAGENT I-USERAGENT I-USERAGENT I-USERAGENT I-USERAGENT I-USERAGENT I-USERAGENT I-USERAGENT I-USERAGENT I-USERAGENT I-USERAGENT I-USERAGENT I-USERAGENT I-USERAGENT I-USERAGENT I-USERAGENT I-USERAGENT I-USERAGENT I-USERAGENT I-USERAGENT I-USERAGENT I-USERAGENT I-USERAGENT I-USERAGENT I-USERAGENT I-USERAGENT I-USERAGENT I-USERAGENT I-USERAGENT I-USERAGENT I-USERAGENT I-USERAGENT I-USERAGENT I-USERAGENT I-USERAGENT I-USERAGENT I-USERAGENT I-USERAGENT I-USERAGENT I-USERAGENT I-USERAGENT I-USERAGENT I-USERAGENT I-USERAGENT I-USERAGENT I-USERAGENT I-USERAGENT I-USERAGENT O B-TIME I-TIME I-TIME I-TIME I-TIME I-TIME O O O O O O O,O B-JOBTITLE O O O O O O O O O B-STATE O O B-ACCOUNTNAME I-ACCOUNTNAME I-ACCOUNTNAME I-ACCOUNTNAME I-ACCOUNTNAME I-ACCOUNTNAME I-ACCOUNTNAME I-ACCOUNTNAME O O O O B-USERAGENT I-USERAGENT I-USERAGENT I-USERAGENT I-USERAGENT I-USERAGENT I-USERAGENT I-USERAGENT I-USERAGENT I-USERAGENT I-USERAGENT I-USERAGENT I-USERAGENT I-USERAGENT I-USERAGENT I-USERAGENT I-USERAGENT I-USERAGENT I-USERAGENT I-USERAGENT I-USERAGENT I-USERAGENT I-USERAGENT I-USERAGENT I-USERAGENT I-USERAGENT I-USERAGENT I-USERAGENT I-USERAGENT I-USERAGENT I-USERAGENT I-USERAGENT I-USERAGENT I-USERAGENT I-USERAGENT I-USERAGENT I-USERAGENT I-USERAGENT I-USERAGENT I-USERAGENT I-USERAGENT I-USERAGENT I-USERAGENT I-USERAGENT I-USERAGENT I-USERAGENT I-USERAGENT I-USERAGENT I-USERAGENT O B-TIME I-TIME I-TIME I-TIME I-TIME I-TIME O O O O O O O,0.8000000000000002,"[{""type"": ""JOBTYPE"", ""start"": 1, ""end"": 2, ""text"": ""Luật_sư""}, {""type"": ""STATE"", ""start"": 11, ""end"": 12, ""text"": ""Lào_Cai""}, {""type"": ""ACCOUNTNAME"", ""start"": 14, ""end"": 22, ""text"": ""Fi@@ xe@@ d_@@ De@@ pos@@ it_@@ Ac@@ count""}, {""type"": ""USERAGENT"", ""start"": 26, ""end"": 75, ""text"": ""Mozilla / 5.0 ( Mac@@ in@@ tosh ; PPC Mac_OS_X 10 _ 8 _ 6 ) Apple@@ Web@@ Kit / 5@@ 32@@ .0@@ .@@ 2 ( KH@@ TM@@ L , like G@@ ec@@ ko ) Chrome / 39@@ .0@@ .@@ 83@@ 3.0 Safari / 5@@ 32@@ .0@@ .@@ 2""}, {""type"": ""TIME"", ""start"": 76, ""end"": 82, ""text"": ""11 giờ kém mười_lăm phút đêm""}]","[{""type"": ""JOBTITLE"", ""start"": 1, ""end"": 2, ""text"": ""Luật_sư""}, {""type"": ""STATE"", ""start"": 11, ""end"": 12, ""text"": ""Lào_Cai""}, {""type"": ""ACCOUNTNAME"", ""start"": 14, ""end"": 22, ""text"": ""Fi@@ xe@@ d_@@ De@@ pos@@ it_@@ Ac@@ count""}, {""type"": ""USERAGENT"", ""start"": 26, ""end"": 75, ""text"": ""Mozilla / 5.0 ( Mac@@ in@@ tosh ; PPC Mac_OS_X 10 _ 8 _ 6 ) Apple@@ Web@@ Kit / 5@@ 32@@ .0@@ .@@ 2 ( KH@@ TM@@ L , like G@@ ec@@ ko ) Chrome / 39@@ .0@@ .@@ 83@@ 3.0 Safari / 5@@ 32@@ .0@@ .@@ 2""}, {""type"": ""TIME"", ""start"": 76, ""end"": 82, ""text"": ""11 giờ kém mười_lăm phút đêm""}]",O B-JOBTYPE O O O O O O O O O B-STATE O O B-ACCOUNTNAME I-ACCOUNTNAME I-ACCOUNTNAME I-ACCOUNTNAME I-ACCOUNTNAME I-ACCOUNTNAME I-ACCOUNTNAME I-ACCOUNTNAME O O O O B-USERAGENT I-USERAGENT I-USERAGENT I-USERAGENT I-USERAGENT I-USERAGENT I-USERAGENT I-USERAGENT I-USERAGENT I-USERAGENT I-USERAGENT I-USERAGENT I-USERAGENT I-USERAGENT I-USERAGENT I-USERAGENT I-USERAGENT I-USERAGENT I-USERAGENT I-USERAGENT I-USERAGENT I-USERAGENT I-USERAGENT I-USERAGENT I-USERAGENT I-USERAGENT I-USERAGENT I-USERAGENT I-USERAGENT I-USERAGENT I-USERAGENT I-USERAGENT I-USERAGENT I-USERAGENT I-USERAGENT I-USERAGENT I-USERAGENT I-USERAGENT I-USERAGENT I-USERAGENT I-USERAGENT I-USERAGENT I-USERAGENT I-USERAGENT I-USERAGENT I-USERAGENT I-USERAGENT I-USERAGENT I-USERAGENT O B-TIME I-TIME I-TIME I-TIME I-TIME I-TIME O O O O O O O,O B-JOBTITLE O O O O O O O O O B-STATE O O B-ACCOUNTNAME I-ACCOUNTNAME I-ACCOUNTNAME I-ACCOUNTNAME I-ACCOUNTNAME I-ACCOUNTNAME I-ACCOUNTNAME I-ACCOUNTNAME O O O O B-USERAGENT I-USERAGENT I-USERAGENT I-USERAGENT I-USERAGENT I-USERAGENT I-USERAGENT I-USERAGENT I-USERAGENT I-USERAGENT I-USERAGENT I-USERAGENT I-USERAGENT I-USERAGENT I-USERAGENT I-USERAGENT I-USERAGENT I-USERAGENT I-USERAGENT I-USERAGENT I-USERAGENT I-USERAGENT I-USERAGENT I-USERAGENT I-USERAGENT I-USERAGENT I-USERAGENT I-USERAGENT I-USERAGENT I-USERAGENT I-USERAGENT I-USERAGENT I-USERAGENT I-USERAGENT I-USERAGENT I-USERAGENT I-USERAGENT I-USERAGENT I-USERAGENT I-USERAGENT I-USERAGENT I-USERAGENT I-USERAGENT I-USERAGENT I-USERAGENT I-USERAGENT I-USERAGENT I-USERAGENT I-USERAGENT O B-TIME I-TIME I-TIME I-TIME I-TIME I-TIME O O O O O O O,0.8000000000000002,"[{""type"": ""JOBTYPE"", ""start"": 1, ""end"": 2, ""text"": ""Luật_sư""}, {""type"": ""STATE"", ""start"": 11, ""end"": 12, ""text"": ""Lào_Cai""}, {""type"": ""ACCOUNTNAME"", ""start"": 14, ""end"": 22, ""text"": ""Fi@@ xe@@ d_@@ De@@ pos@@ it_@@ Ac@@ count""}, {""type"": ""USERAGENT"", ""start"": 26, ""end"": 75, ""text"": ""Mozilla / 5.0 ( Mac@@ in@@ tosh ; PPC Mac_OS_X 10 _ 8 _ 6 ) Apple@@ Web@@ Kit / 5@@ 32@@ .0@@ .@@ 2 ( KH@@ TM@@ L , like G@@ ec@@ ko ) Chrome / 39@@ .0@@ .@@ 83@@ 3.0 Safari / 5@@ 32@@ .0@@ .@@ 2""}, {""type"": ""TIME"", ""start"": 76, ""end"": 82, ""text"": ""11 giờ kém mười_lăm phút đêm""}]","[{""type"": ""JOBTITLE"", ""start"": 1, ""end"": 2, ""text"": ""Luật_sư""}, {""type"": ""STATE"", ""start"": 11, ""end"": 12, ""text"": ""Lào_Cai""}, {""type"": ""ACCOUNTNAME"", ""start"": 14, ""end"": 22, ""text"": ""Fi@@ xe@@ d_@@ De@@ pos@@ it_@@ Ac@@ count""}, {""type"": ""USERAGENT"", ""start"": 26, ""end"": 75, ""text"": ""Mozilla / 5.0 ( Mac@@ in@@ tosh ; PPC Mac_OS_X 10 _ 8 _ 6 ) Apple@@ Web@@ Kit / 5@@ 32@@ .0@@ .@@ 2 ( KH@@ TM@@ L , like G@@ ec@@ ko ) Chrome / 39@@ .0@@ .@@ 83@@ 3.0 Safari / 5@@ 32@@ .0@@ .@@ 2""}, {""type"": ""TIME"", ""start"": 76, ""end"": 82, ""text"": ""11 giờ kém mười_lăm phút đêm""}]",O B-JOBTYPE O O O O O O O O O B-STATE O O B-ACCOUNTNAME I-ACCOUNTNAME I-ACCOUNTNAME I-ACCOUNTNAME I-ACCOUNTNAME I-ACCOUNTNAME I-ACCOUNTNAME I-ACCOUNTNAME O O O O B-USERAGENT I-USERAGENT I-USERAGENT I-USERAGENT I-USERAGENT I-USERAGENT I-USERAGENT I-USERAGENT I-USERAGENT I-USERAGENT I-USERAGENT I-USERAGENT I-USERAGENT I-USERAGENT I-USERAGENT I-USERAGENT I-USERAGENT I-USERAGENT I-USERAGENT I-USERAGENT I-USERAGENT I-USERAGENT I-USERAGENT I-USERAGENT I-USERAGENT I-USERAGENT I-USERAGENT I-USERAGENT I-USERAGENT I-USERAGENT I-USERAGENT I-USERAGENT I-USERAGENT I-USERAGENT I-USERAGENT I-USERAGENT I-USERAGENT I-USERAGENT I-USERAGENT I-USERAGENT I-USERAGENT I-USERAGENT I-USERAGENT I-USERAGENT I-USERAGENT I-USERAGENT I-USERAGENT I-USERAGENT I-USERAGENT O B-TIME I-TIME I-TIME I-TIME I-TIME I-TIME O O O O O O O,O B-JOBTITLE O O O O O O O O O B-STATE O O B-ACCOUNTNAME I-ACCOUNTNAME I-ACCOUNTNAME I-ACCOUNTNAME I-ACCOUNTNAME I-ACCOUNTNAME I-ACCOUNTNAME I-ACCOUNTNAME O O O O B-USERAGENT I-USERAGENT I-USERAGENT I-USERAGENT I-USERAGENT I-USERAGENT I-USERAGENT I-USERAGENT I-USERAGENT I-USERAGENT I-USERAGENT I-USERAGENT I-USERAGENT I-USERAGENT I-USERAGENT I-USERAGENT I-USERAGENT I-USERAGENT I-USERAGENT I-USERAGENT I-USERAGENT I-USERAGENT I-USERAGENT I-USERAGENT I-USERAGENT I-USERAGENT I-USERAGENT I-USERAGENT I-USERAGENT I-USERAGENT I-USERAGENT I-USERAGENT I-USERAGENT I-USERAGENT I-USERAGENT I-USERAGENT I-USERAGENT I-USERAGENT I-USERAGENT I-USERAGENT I-USERAGENT I-USERAGENT I-USERAGENT I-USERAGENT I-USERAGENT I-USERAGENT I-USERAGENT I-USERAGENT I-USERAGENT O B-TIME I-TIME I-TIME I-TIME I-TIME I-TIME O O O O O O O,0.8000000000000002,"[{""type"": ""JOBTYPE"", ""start"": 3, ""end"": 5, ""text"": ""▁Luật ▁sư""}, {""type"": ""STATE"", ""start"": 20, ""end"": 23, ""text"": ""▁Là o ▁Cai""}, {""type"": ""ACCOUNTNAME"", ""start"": 26, ""end"": 30, ""text"": ""▁Fix ed ▁Deposit ▁Account""}, {""type"": ""USERAGENT"", ""start"": 35, ""end"": 81, ""text"": ""▁Mozilla / 5.0 ▁( Mac into sh ; ▁P PC ▁Mac ▁OS ▁X ▁10 _ 8 _ 6) ▁Apple Web K it /5 32 . 0.2 ▁( K HTML , ▁like ▁G ecko ) ▁Chrome / 39 . 0.8 3 3.0 ▁Safari /5 32 . 0.2""}, {""type"": ""TIME"", ""start"": 82, ""end"": 90, ""text"": ""▁11 ▁giờ ▁kém ▁mười ▁l ăm ▁phút ▁đêm""}]","[{""type"": ""JOBTITLE"", ""start"": 3, ""end"": 5, ""text"": ""▁Luật ▁sư""}, {""type"": ""STATE"", ""start"": 20, ""end"": 23, ""text"": ""▁Là o ▁Cai""}, {""type"": ""ACCOUNTNAME"", ""start"": 26, ""end"": 30, ""text"": ""▁Fix ed ▁Deposit ▁Account""}, {""type"": ""USERAGENT"", ""start"": 35, ""end"": 81, ""text"": ""▁Mozilla / 5.0 ▁( Mac into sh ; ▁P PC ▁Mac ▁OS ▁X ▁10 _ 8 _ 6) ▁Apple Web K it /5 32 . 0.2 ▁( K HTML , ▁like ▁G ecko ) ▁Chrome / 39 . 0.8 3 3.0 ▁Safari /5 32 . 0.2""}, {""type"": ""TIME"", ""start"": 82, ""end"": 90, ""text"": ""▁11 ▁giờ ▁kém ▁mười ▁l ăm ▁phút ▁đêm""}]",O O O B-JOBTYPE I-JOBTYPE O O O O O O O O O O O O O O O B-STATE I-STATE I-STATE O O O B-ACCOUNTNAME I-ACCOUNTNAME I-ACCOUNTNAME I-ACCOUNTNAME O O O O O B-USERAGENT I-USERAGENT I-USERAGENT I-USERAGENT I-USERAGENT I-USERAGENT I-USERAGENT I-USERAGENT I-USERAGENT I-USERAGENT I-USERAGENT I-USERAGENT I-USERAGENT I-USERAGENT I-USERAGENT I-USERAGENT I-USERAGENT I-USERAGENT I-USERAGENT I-USERAGENT I-USERAGENT I-USERAGENT I-USERAGENT I-USERAGENT I-USERAGENT I-USERAGENT I-USERAGENT I-USERAGENT I-USERAGENT I-USERAGENT I-USERAGENT I-USERAGENT I-USERAGENT I-USERAGENT I-USERAGENT I-USERAGENT I-USERAGENT I-USERAGENT I-USERAGENT I-USERAGENT I-USERAGENT I-USERAGENT I-USERAGENT I-USERAGENT I-USERAGENT I-USERAGENT O B-TIME I-TIME I-TIME I-TIME I-TIME I-TIME I-TIME I-TIME O O O O O O O O O O O,O O O B-JOBTITLE I-JOBTITLE O O O O O O O O O O O O O O O B-STATE I-STATE I-STATE O O O B-ACCOUNTNAME I-ACCOUNTNAME I-ACCOUNTNAME I-ACCOUNTNAME O O O O O B-USERAGENT I-USERAGENT I-USERAGENT I-USERAGENT I-USERAGENT I-USERAGENT I-USERAGENT I-USERAGENT I-USERAGENT I-USERAGENT I-USERAGENT I-USERAGENT I-USERAGENT I-USERAGENT I-USERAGENT I-USERAGENT I-USERAGENT I-USERAGENT I-USERAGENT I-USERAGENT I-USERAGENT I-USERAGENT I-USERAGENT I-USERAGENT I-USERAGENT I-USERAGENT I-USERAGENT I-USERAGENT I-USERAGENT I-USERAGENT I-USERAGENT I-USERAGENT I-USERAGENT I-USERAGENT I-USERAGENT I-USERAGENT I-USERAGENT I-USERAGENT I-USERAGENT I-USERAGENT I-USERAGENT I-USERAGENT I-USERAGENT I-USERAGENT I-USERAGENT I-USERAGENT O B-TIME I-TIME I-TIME I-TIME I-TIME I-TIME I-TIME I-TIME O O O O O O O O O O O
5142,Một hóa đơn mới trị giá $1500 đã đến. Vui lòng xử lý để thanh toán từ tài khoản Tài khoản vay mua nhà của chúng tôi. Mã giao dịch là 2514347579411628.,True,0.8,"[{""type"": ""CURRENCYSYMBOL"", ""start"": 4, ""end"": 5, ""text"": ""$@@""}, {""type"": ""ACCOUNTNAME"", ""start"": 16, ""end"": 20, ""text"": ""Tài_khoản vay mua nhà""}, {""type"": ""MASKEDNUMBER"", ""start"": 26, ""end"": 34, ""text"": ""25@@ 14@@ 34@@ 75@@ 79@@ 4@@ 116@@ 28""}]","[{""type"": ""ACCOUNTNAME"", ""start"": 16, ""end"": 20, ""text"": ""Tài_khoản vay mua nhà""}, {""type"": ""MASKEDNUMBER"", ""start"": 26, ""end"": 34, ""text"": ""25@@ 14@@ 34@@ 75@@ 79@@ 4@@ 116@@ 28""}]",O O O O B-CURRENCYSYMBOL O O O O O O O O O O O B-ACCOUNTNAME I-ACCOUNTNAME I-ACCOUNTNAME I-ACCOUNTNAME O O O O O O B-MASKEDNUMBER I-MASKEDNUMBER I-MASKEDNUMBER I-MASKEDNUMBER I-MASKEDNUMBER I-MASKEDNUMBER I-MASKEDNUMBER I-MASKEDNUMBER O,O O O O O O O O O O O O O O O O B-ACCOUNTNAME I-ACCOUNTNAME I-ACCOUNTNAME I-ACCOUNTNAME O O O O O O B-MASKEDNUMBER I-MASKEDNUMBER I-MASKEDNUMBER I-MASKEDNUMBER I-MASKEDNUMBER I-MASKEDNUMBER I-MASKEDNUMBER I-MASKEDNUMBER O,0.6666666666666666,"[{""type"": ""CURRENCYSYMBOL"", ""start"": 4, ""end"": 5, ""text"": ""$@@""}, {""type"": ""ACCOUNTNAME"", ""start"": 16, ""end"": 20, ""text"": ""Tài_khoản vay mua nhà""}, {""type"": ""MASKEDNUMBER"", ""start"": 26, ""end"": 34, ""text"": ""25@@ 14@@ 34@@ 75@@ 79@@ 4@@ 116@@ 28""}]","[{""type"": ""CURRENCYSYMBOL"", ""start"": 4, ""end"": 5, ""text"": ""$@@""}, {""type"": ""ACCOUNTNAME"", ""start"": 16, ""end"": 20, ""text"": ""Tài_khoản vay mua nhà""}, {""type"": ""CREDITCARDNUMBER"", ""start"": 26, ""end"": 34, ""text"": ""25@@ 14@@ 34@@ 75@@ 79@@ 4@@ 116@@ 28""}]",O O O O B-CURRENCYSYMBOL O O O O O O O O O O O B-ACCOUNTNAME I-ACCOUNTNAME I-ACCOUNTNAME I-ACCOUNTNAME O O O O O O B-MASKEDNUMBER I-MASKEDNUMBER I-MASKEDNUMBER I-MASKEDNUMBER I-MASKEDNUMBER I-MASKEDNUMBER I-MASKEDNUMBER I-MASKEDNUMBER O,O O O O B-CURRENCYSYMBOL O O O O O O O O O O O B-ACCOUNTNAME I-ACCOUNTNAME I-ACCOUNTNAME I-ACCOUNTNAME O O O O O O B-CREDITCARDNUMBER I-CREDITCARDNUMBER I-CREDITCARDNUMBER I-CREDITCARDNUMBER I-CREDITCARDNUMBER I-CREDITCARDNUMBER I-CREDITCARDNUMBER I-CREDITCARDNUMBER O,0.8,"[{""type"": ""CURRENCYSYMBOL"", ""start"": 4, ""end"": 5, ""text"": ""$@@""}, {""type"": ""ACCOUNTNAME"", ""start"": 16, ""end"": 20, ""text"": ""Tài_khoản vay mua nhà""}, {""type"": ""MASKEDNUMBER"", ""start"": 26, ""end"": 34, ""text"": ""25@@ 14@@ 34@@ 75@@ 79@@ 4@@ 116@@ 28""}]","[{""type"": ""ACCOUNTNAME"", ""start"": 16, ""end"": 20, ""text"": ""Tài_khoản vay mua nhà""}, {""type"": ""MASKEDNUMBER"", ""start"": 26, ""end"": 34, ""text"": ""25@@ 14@@ 34@@ 75@@ 79@@ 4@@ 116@@ 28""}]",O O O O B-CURRENCYSYMBOL O O O O O O O O O O O B-ACCOUNTNAME I-ACCOUNTNAME I-ACCOUNTNAME I-ACCOUNTNAME O O O O O O B-MASKEDNUMBER I-MASKEDNUMBER I-MASKEDNUMBER I-MASKEDNUMBER I-MASKEDNUMBER I-MASKEDNUMBER I-MASKEDNUMBER I-MASKEDNUMBER O,O O O O O O O O O O O O O O O O B-ACCOUNTNAME I-ACCOUNTNAME I-ACCOUNTNAME I-ACCOUNTNAME O O O O O O B-MASKEDNUMBER I-MASKEDNUMBER I-MASKEDNUMBER I-MASKEDNUMBER I-MASKEDNUMBER I-MASKEDNUMBER I-MASKEDNUMBER I-MASKEDNUMBER O,0.8,"[{""type"": ""CURRENCYSYMBOL"", ""start"": 6, ""end"": 7, ""text"": ""▁$1""}, {""type"": ""ACCOUNTNAME"", ""start"": 21, ""end"": 26, ""text"": ""▁Tài ▁khoản ▁vay ▁mua ▁nhà""}, {""type"": ""MASKEDNUMBER"", ""start"": 34, ""end"": 40, ""text"": ""▁251 434 75 794 116 28""}]","[{""type"": ""ACCOUNTNAME"", ""start"": 21, ""end"": 26, ""text"": ""▁Tài ▁khoản ▁vay ▁mua ▁nhà""}, {""type"": ""MASKEDNUMBER"", ""start"": 34, ""end"": 40, ""text"": ""▁251 434 75 794 116 28""}]",O O O O O O B-CURRENCYSYMBOL O O O O O O O O O O O O O O B-ACCOUNTNAME I-ACCOUNTNAME I-ACCOUNTNAME I-ACCOUNTNAME I-ACCOUNTNAME O O O O O O O O B-MASKEDNUMBER I-MASKEDNUMBER I-MASKEDNUMBER I-MASKEDNUMBER I-MASKEDNUMBER I-MASKEDNUMBER O,O O O O O O O O O O O O O O O O O O O O O B-ACCOUNTNAME I-ACCOUNTNAME I-ACCOUNTNAME I-ACCOUNTNAME I-ACCOUNTNAME O O O O O O O O B-MASKEDNUMBER I-MASKEDNUMBER I-MASKEDNUMBER I-MASKEDNUMBER I-MASKEDNUMBER I-MASKEDNUMBER O
5198,"Như một phần của kiểm tra an ninh hàng năm, chúng tôi muốn xác nhận thông tin thẻ chính của bạn. Vui lòng xác nhận xem thẻ tín dụng có số 4932427451103815 và nhà phát hành grab rewards có phải là phương thức thanh toán chính của bạn không.",True,0.5,"[{""type"": ""MASKEDNUMBER"", ""start"": 25, ""end"": 33, ""text"": ""49@@ 3@@ 24@@ 27@@ 45@@ 110@@ 38@@ 15""}, {""type"": ""CREDITCARDISSUER"", ""start"": 36, ""end"": 41, ""text"": ""gra@@ b re@@ w@@ ards""}]","[{""type"": ""CREDITCARDNUMBER"", ""start"": 25, ""end"": 33, ""text"": ""49@@ 3@@ 24@@ 27@@ 45@@ 110@@ 38@@ 15""}, {""type"": ""CREDITCARDISSUER"", ""start"": 36, ""end"": 41, ""text"": ""gra@@ b re@@ w@@ ards""}]",O O O O O O O O O O O O O O O O O O O O O O O O O B-MASKEDNUMBER I-MASKEDNUMBER I-MASKEDNUMBER I-MASKEDNUMBER I-MASKEDNUMBER I-MASKEDNUMBER I-MASKEDNUMBER I-MASKEDNUMBER O O O B-CREDITCARDISSUER I-CREDITCARDISSUER I-CREDITCARDISSUER I-CREDITCARDISSUER I-CREDITCARDISSUER O O O O O O O O O O,O O O O O O O O O O O O O O O O O O O O O O O O O B-CREDITCARDNUMBER I-CREDITCARDNUMBER I-CREDITCARDNUMBER I-CREDITCARDNUMBER I-CREDITCARDNUMBER I-CREDITCARDNUMBER I-CREDITCARDNUMBER I-CREDITCARDNUMBER O O O B-CREDITCARDISSUER I-CREDITCARDISSUER I-CREDITCARDISSUER I-CREDITCARDISSUER I-CREDITCARDISSUER O O O O O O O O O O,0.5,"[{""type"": ""MASKEDNUMBER"", ""start"": 25, ""end"": 33, ""text"": ""49@@ 3@@ 24@@ 27@@ 45@@ 110@@ 38@@ 15""}, {""type"": ""CREDITCARDISSUER"", ""start"": 36, ""end"": 41, ""text"": ""gra@@ b re@@ w@@ ards""}]","[{""type"": ""CREDITCARDNUMBER"", ""start"": 25, ""end"": 33, ""text"": ""49@@ 3@@ 24@@ 27@@ 45@@ 110@@ 38@@ 15""}, {""type"": ""CREDITCARDISSUER"", ""start"": 36, ""end"": 41, ""text"": ""gra@@ b re@@ w@@ ards""}]",O O O O O O O O O O O O O O O O O O O O O O O O O B-MASKEDNUMBER I-MASKEDNUMBER I-MASKEDNUMBER I-MASKEDNUMBER I-MASKEDNUMBER I-MASKEDNUMBER I-MASKEDNUMBER I-MASKEDNUMBER O O O B-CREDITCARDISSUER I-CREDITCARDISSUER I-CREDITCARDISSUER I-CREDITCARDISSUER I-CREDITCARDISSUER O O O O O O O O O O,O O O O O O O O O O O O O O O O O O O O O O O O O B-CREDITCARDNUMBER I-CREDITCARDNUMBER I-CREDITCARDNUMBER I-CREDITCARDNUMBER I-CREDITCARDNUMBER I-CREDITCARDNUMBER I-CREDITCARDNUMBER I-CREDITCARDNUMBER O O O B-CREDITCARDISSUER I-CREDITCARDISSUER I-CREDITCARDISSUER I-CREDITCARDISSUER I-CREDITCARDISSUER O O O O O O O O O O,0.5,"[{""type"": ""MASKEDNUMBER"", ""start"": 25, ""end"": 33, ""text"": ""49@@ 3@@ 24@@ 27@@ 45@@ 110@@ 38@@ 15""}, {""type"": ""CREDITCARDISSUER"", ""start"": 36, ""end"": 41, ""text"": ""gra@@ b re@@ w@@ ards""}]","[{""type"": ""CREDITCARDNUMBER"", ""start"": 25, ""end"": 33, ""text"": ""49@@ 3@@ 24@@ 27@@ 45@@ 110@@ 38@@ 15""}, {""type"": ""CREDITCARDISSUER"", ""start"": 36, ""end"": 41, ""text"": ""gra@@ b re@@ w@@ ards""}]",O O O O O O O O O O O O O O O O O O O O O O O O O B-MASKEDNUMBER I-MASKEDNUMBER I-MASKEDNUMBER I-MASKEDNUMBER I-MASKEDNUMBER I-MASKEDNUMBER I-MASKEDNUMBER I-MASKEDNUMBER O O O B-CREDITCARDISSUER I-CREDITCARDISSUER I-CREDITCARDISSUER I-CREDITCARDISSUER I-CREDITCARDISSUER O O O O O O O O O O,O O O O O O O O O O O O O O O O O O O O O O O O O B-CREDITCARDNUMBER I-CREDITCARDNUMBER I-CREDITCARDNUMBER I-CREDITCARDNUMBER I-CREDITCARDNUMBER I-CREDITCARDNUMBER I-CREDITCARDNUMBER I-CREDITCARDNUMBER O O O B-CREDITCARDISSUER I-CREDITCARDISSUER I-CREDITCARDISSUER I-CREDITCARDISSUER I-CREDITCARDISSUER O O O O O O O O O O,0.5,"[{""type"": ""MASKEDNUMBER"", ""start"": 33, ""end"": 40, ""text"": ""▁49 32 42 745 110 38 15""}, {""type"": ""CREDITCARDISSUER"", ""start"": 44, ""end"": 47, ""text"": ""▁grab ▁reward s""}]","[{""type"": ""CREDITCARDNUMBER"", ""start"": 33, ""end"": 40, ""text"": ""▁49 32 42 745 110 38 15""}, {""type"": ""CREDITCARDISSUER"", ""start"": 44, ""end"": 47, ""text"": ""▁grab ▁reward s""}]",O O O O O O O O O O O O O O O O O O O O O O O O O O O O O O O O O B-MASKEDNUMBER I-MASKEDNUMBER I-MASKEDNUMBER I-MASKEDNUMBER I-MASKEDNUMBER I-MASKEDNUMBER I-MASKEDNUMBER O O O O B-CREDITCARDISSUER I-CREDITCARDISSUER I-CREDITCARDISSUER O O O O O O O O O O O O,O O O O O O O O O O O O O O O O O O O O O O O O O O O O O O O O O B-CREDITCARDNUMBER I-CREDITCARDNUMBER I-CREDITCARDNUMBER I-CREDITCARDNUMBER I-CREDITCARDNUMBER I-CREDITCARDNUMBER I-CREDITCARDNUMBER O O O O B-CREDITCARDISSUER I-CREDITCARDISSUER I-CREDITCARDISSUER O O O O O O O O O O O O
5259,"Kỹ sư Ông Thị từ Gia Lai, tôi nhận thấy loại công việc Nữ của bạn có thể cần các buổi trị liệu nghề nghiệp. Số điện thoại để đặt lịch hẹn là 0938435042.",True,0.7272727272727272,"[{""type"": ""PREFIX"", ""start"": 0, ""end"": 2, ""text"": ""Kỹ_sư Ông""}, {""type"": ""MIDDLENAME"", ""start"": 2, ""end"": 3, ""text"": ""Thị""}, {""type"": ""STATE"", ""start"": 4, ""end"": 5, ""text"": ""Gia_Lai""}, {""type"": ""SEX"", ""start"": 11, ""end"": 12, ""text"": ""Nữ""}, {""type"": ""PHONENUMBER"", ""start"": 28, ""end"": 33, ""text"": ""09@@ 38@@ 43@@ 50@@ 42""}]","[{""type"": ""PREFIX"", ""start"": 0, ""end"": 1, ""text"": ""Kỹ_sư""}, {""type"": ""PREFIX"", ""start"": 1, ""end"": 2, ""text"": ""Ông""}, {""type"": ""MIDDLENAME"", ""start"": 2, ""end"": 3, ""text"": ""Thị""}, {""type"": ""STATE"", ""start"": 4, ""end"": 5, ""text"": ""Gia_Lai""}, {""type"": ""SEX"", ""start"": 11, ""end"": 12, ""text"": ""Nữ""}, {""type"": ""PHONENUMBER"", ""start"": 28, ""end"": 33, ""text"": ""09@@ 38@@ 43@@ 50@@ 42""}]",B-PREFIX I-PREFIX B-MIDDLENAME O B-STATE O O O O O O B-SEX O O O O O O O O O O O O O O O O B-PHONENUMBER I-PHONENUMBER I-PHONENUMBER I-PHONENUMBER I-PHONENUMBER O,B-PREFIX B-PREFIX B-MIDDLENAME O B-STATE O O O O O O B-SEX O O O O O O O O O O O O O O O O B-PHONENUMBER I-PHONENUMBER I-PHONENUMBER I-PHONENUMBER I-PHONENUMBER O,0.7272727272727272,"[{""type"": ""PREFIX"", ""start"": 0, ""end"": 2, ""text"": ""Kỹ_sư Ông""}, {""type"": ""MIDDLENAME"", ""start"": 2, ""end"": 3, ""text"": ""Thị""}, {""type"": ""STATE"", ""start"": 4, ""end"": 5, ""text"": ""Gia_Lai""}, {""type"": ""SEX"", ""start"": 11, ""end"": 12, ""text"": ""Nữ""}, {""type"": ""PHONENUMBER"", ""start"": 28, ""end"": 33, ""text"": ""09@@ 38@@ 43@@ 50@@ 42""}]","[{""type"": ""PREFIX"", ""start"": 0, ""end"": 1, ""text"": ""Kỹ_sư""}, {""type"": ""PREFIX"", ""start"": 1, ""end"": 2, ""text"": ""Ông""}, {""type"": ""MIDDLENAME"", ""start"": 2, ""end"": 3, ""text"": ""Thị""}, {""type"": ""STATE"", ""start"": 4, ""end"": 5, ""text"": ""Gia_Lai""}, {""type"": ""SEX"", ""start"": 11, ""end"": 12, ""text"": ""Nữ""}, {""type"": ""PHONENUMBER"", ""start"": 28, ""end"": 33, ""text"": ""09@@ 38@@ 43@@ 50@@ 42""}]",B-PREFIX I-PREFIX B-MIDDLENAME O B-STATE O O O O O O B-SEX O O O O O O O O O O O O O O O O B-PHONENUMBER I-PHONENUMBER I-PHONENUMBER I-PHONENUMBER I-PHONENUMBER O,B-PREFIX B-PREFIX B-MIDDLENAME O B-STATE O O O O O O B-SEX O O O O O O O O O O O O O O O O B-PHONENUMBER I-PHONENUMBER I-PHONENUMBER I-PHONENUMBER I-PHONENUMBER O,0.7272727272727272,"[{""type"": ""PREFIX"", ""start"": 0, ""end"": 2, ""text"": ""Kỹ_sư Ông""}, {""type"": ""MIDDLENAME"", ""start"": 2, ""end"": 3, ""text"": ""Thị""}, {""type"": ""STATE"", ""start"": 4, ""end"": 5, ""text"": ""Gia_Lai""}, {""type"": ""SEX"", ""start"": 11, ""end"": 12, ""text"": ""Nữ""}, {""type"": ""PHONENUMBER"", ""start"": 28, ""end"": 33, ""text"": ""09@@ 38@@ 43@@ 50@@ 42""}]","[{""type"": ""PREFIX"", ""start"": 0, ""end"": 1, ""text"": ""Kỹ_sư""}, {""type"": ""PREFIX"", ""start"": 1, ""end"": 2, ""text"": ""Ông""}, {""type"": ""MIDDLENAME"", ""start"": 2, ""end"": 3, ""text"": ""Thị""}, {""type"": ""STATE"", ""start"": 4, ""end"": 5, ""text"": ""Gia_Lai""}, {""type"": ""SEX"", ""start"": 11, ""end"": 12, ""text"": ""Nữ""}, {""type"": ""PHONENUMBER"", ""start"": 28, ""end"": 33, ""text"": ""09@@ 38@@ 43@@ 50@@ 42""}]",B-PREFIX I-PREFIX B-MIDDLENAME O B-STATE O O O O O O B-SEX O O O O O O O O O O O O O O O O B-PHONENUMBER I-PHONENUMBER I-PHONENUMBER I-PHONENUMBER I-PHONENUMBER O,B-PREFIX B-PREFIX B-MIDDLENAME O B-STATE O O O O O O B-SEX O O O O O O O O O O O O O O O O B-PHONENUMBER I-PHONENUMBER I-PHONENUMBER I-PHONENUMBER I-PHONENUMBER O,0.7272727272727272,"[{""type"": ""PREFIX"", ""start"": 0, ""end"": 3, ""text"": ""▁Kỹ ▁sư ▁Ông""}, {""type"": ""MIDDLENAME"", ""start"": 3, ""end"": 4, ""text"": ""▁Thị""}, {""type"": ""STATE"", ""start"": 5, ""end"": 7, ""text"": ""▁Gia ▁Lai""}, {""type"": ""SEX"", ""start"": 14, ""end"": 15, ""text"": ""▁Nữ""}, {""type"": ""PHONENUMBER"", ""start"": 35, ""end"": 39, ""text"": ""▁09 384 350 42""}]","[{""type"": ""PREFIX"", ""start"": 0, ""end"": 2, ""text"": ""▁Kỹ ▁sư""}, {""type"": ""PREFIX"", ""start"": 2, ""end"": 3, ""text"": ""▁Ông""}, {""type"": ""MIDDLENAME"", ""start"": 3, ""end"": 4, ""text"": ""▁Thị""}, {""type"": ""STATE"", ""start"": 5, ""end"": 7, ""text"": ""▁Gia ▁Lai""}, {""type"": ""SEX"", ""start"": 14, ""end"": 15, ""text"": ""▁Nữ""}, {""type"": ""PHONENUMBER"", ""start"": 35, ""end"": 39, ""text"": ""▁09 384 350 42""}]",B-PREFIX I-PREFIX I-PREFIX B-MIDDLENAME O B-STATE I-STATE O O O O O O O B-SEX O O O O O O O O O O O O O O O O O O O O B-PHONENUMBER I-PHONENUMBER I-PHONENUMBER I-PHONENUMBER O,B-PREFIX I-PREFIX B-PREFIX B-MIDDLENAME O B-STATE I-STATE O O O O O O O B-SEX O O O O O O O O O O O O O O O O O O O O B-PHONENUMBER I-PHONENUMBER I-PHONENUMBER I-PHONENUMBER O
5267,"Chúng ta cần thảo luận về một số khía cạnh của các khoản tài trợ Điện tử trong chính sách giáo dục đại học, đặc biệt là những cơ hội dựa trên Euro. Vui lòng gửi những quan sát của bạn đến lienduong@viettel.vn.",True,0.6666666666666666,"[{""type"": ""JOBAREA"", ""start"": 10, ""end"": 11, ""text"": ""Điện_tử""}, {""type"": ""CURRENCY"", ""start"": 22, ""end"": 23, ""text"": ""Euro""}, {""type"": ""EMAIL"", ""start"": 32, ""end"": 40, ""text"": ""li@@ end@@ u@@ ong@@ @@@ viet@@ tel@@ .vn.""}]","[{""type"": ""JOBAREA"", ""start"": 10, ""end"": 11, ""text"": ""Điện_tử""}, {""type"": ""CURRENCYNAME"", ""start"": 22, ""end"": 23, ""text"": ""Euro""}, {""type"": ""EMAIL"", ""start"": 32, ""end"": 40, ""text"": ""li@@ end@@ u@@ ong@@ @@@ viet@@ tel@@ .vn.""}]",O O O O O O O O O O B-JOBAREA O O O O O O O O O O O B-CURRENCY O O O O O O O O O B-EMAIL I-EMAIL I-EMAIL I-EMAIL I-EMAIL I-EMAIL I-EMAIL I-EMAIL,O O O O O O O O O O B-JOBAREA O O O O O O O O O O O B-CURRENCYNAME O O O O O O O O O B-EMAIL I-EMAIL I-EMAIL I-EMAIL I-EMAIL I-EMAIL I-EMAIL I-EMAIL,0.6666666666666666,"[{""type"": ""JOBAREA"", ""start"": 10, ""end"": 11, ""text"": ""Điện_tử""}, {""type"": ""CURRENCY"", ""start"": 22, ""end"": 23, ""text"": ""Euro""}, {""type"": ""EMAIL"", ""start"": 32, ""end"": 40, ""text"": ""li@@ end@@ u@@ ong@@ @@@ viet@@ tel@@ .vn.""}]","[{""type"": ""JOBAREA"", ""start"": 10, ""end"": 11, ""text"": ""Điện_tử""}, {""type"": ""CURRENCYNAME"", ""start"": 22, ""end"": 23, ""text"": ""Euro""}, {""type"": ""EMAIL"", ""start"": 32, ""end"": 40, ""text"": ""li@@ end@@ u@@ ong@@ @@@ viet@@ tel@@ .vn.""}]",O O O O O O O O O O B-JOBAREA O O O O O O O O O O O B-CURRENCY O O O O O O O O O B-EMAIL I-EMAIL I-EMAIL I-EMAIL I-EMAIL I-EMAIL I-EMAIL I-EMAIL,O O O O O O O O O O B-JOBAREA O O O O O O O O O O O B-CURRENCYNAME O O O O O O O O O B-EMAIL I-EMAIL I-EMAIL I-EMAIL I-EMAIL I-EMAIL I-EMAIL I-EMAIL,0.6666666666666666,"[{""type"": ""JOBAREA"", ""start"": 10, ""end"": 11, ""text"": ""Điện_tử""}, {""type"": ""CURRENCY"", ""start"": 22, ""end"": 23, ""text"": ""Euro""}, {""type"": ""EMAIL"", ""start"": 32, ""end"": 40, ""text"": ""li@@ end@@ u@@ ong@@ @@@ viet@@ tel@@ .vn.""}]","[{""type"": ""JOBAREA"", ""start"": 10, ""end"": 11, ""text"": ""Điện_tử""}, {""type"": ""CURRENCYNAME"", ""start"": 22, ""end"": 23, ""text"": ""Euro""}, {""type"": ""EMAIL"", ""start"": 32, ""end"": 40, ""text"": ""li@@ end@@ u@@ ong@@ @@@ viet@@ tel@@ .vn.""}]",O O O O O O O O O O B-JOBAREA O O O O O O O O O O O B-CURRENCY O O O O O O O O O B-EMAIL I-EMAIL I-EMAIL I-EMAIL I-EMAIL I-EMAIL I-EMAIL I-EMAIL,O O O O O O O O O O B-JOBAREA O O O O O O O O O O O B-CURRENCYNAME O O O O O O O O O B-EMAIL I-EMAIL I-EMAIL I-EMAIL I-EMAIL I-EMAIL I-EMAIL I-EMAIL,0.6666666666666666,"[{""type"": ""JOBAREA"", ""start"": 16, ""end"": 18, ""text"": ""▁Điện ▁tử""}, {""type"": ""CURRENCY"", ""start"": 34, ""end"": 35, ""text"": ""▁Euro""}, {""type"": ""EMAIL"", ""start"": 45, ""end"": 53, ""text"": ""▁lien du ong @ vi ettel . vn""}]","[{""type"": ""JOBAREA"", ""start"": 16, ""end"": 18, ""text"": ""▁Điện ▁tử""}, {""type"": ""CURRENCYNAME"", ""start"": 34, ""end"": 35, ""text"": ""▁Euro""}, {""type"": ""EMAIL"", ""start"": 45, ""end"": 53, ""text"": ""▁lien du ong @ vi ettel . vn""}]",O O O O O O O O O O O O O O O O B-JOBAREA I-JOBAREA O O O O O O O O O O O O O O O O B-CURRENCY O O O O O O O O O O B-EMAIL I-EMAIL I-EMAIL I-EMAIL I-EMAIL I-EMAIL I-EMAIL I-EMAIL O,O O O O O O O O O O O O O O O O B-JOBAREA I-JOBAREA O O O O O O O O O O O O O O O O B-CURRENCYNAME O O O O O O O O O O B-EMAIL I-EMAIL I-EMAIL I-EMAIL I-EMAIL I-EMAIL I-EMAIL I-EMAIL O
5281,"Trong việc tuyển dụng Nhân viên kinh doanh, chúng tôi đã sử dụng Kiểm tra Tâm lý học với ID 22-338832-124219-0 vào ngày 17.10.1967. Bài kiểm tra diễn ra suôn sẻ và kết quả tổng thể cho thấy sự ưu tiên của ứng viên nữ, đặc biệt là ở TP. Hà Nội và Huyện Vụ Bản.",True,0.6666666666666666,"[{""type"": ""JOBTYPE"", ""start"": 3, ""end"": 5, ""text"": ""Nhân_viên kinh_doanh""}, {""type"": ""PHONEIMEI"", ""start"": 13, ""end"": 22, ""text"": ""22-@@ 3@@ 38@@ 83@@ 2-@@ 12@@ 42@@ 19-@@ 0""}, {""type"": ""DOB"", ""start"": 24, ""end"": 27, ""text"": ""17.@@ 10.@@ 1967""}, {""type"": ""GENDER"", ""start"": 42, ""end"": 43, ""text"": ""nữ""}, {""type"": ""STATE"", ""start"": 47, ""end"": 49, ""text"": ""TP. Hà_Nội""}, {""type"": ""COUNTY"", ""start"": 50, ""end"": 52, ""text"": ""Huyện Vụ_Bản""}]","[{""type"": ""JOBTITLE"", ""start"": 3, ""end"": 5, ""text"": ""Nhân_viên kinh_doanh""}, {""type"": ""PHONEIMEI"", ""start"": 13, ""end"": 22, ""text"": ""22-@@ 3@@ 38@@ 83@@ 2-@@ 12@@ 42@@ 19-@@ 0""}, {""type"": ""DATE"", ""start"": 24, ""end"": 27, ""text"": ""17.@@ 10.@@ 1967""}, {""type"": ""GENDER"", ""start"": 42, ""end"": 43, ""text"": ""nữ""}, {""type"": ""STATE"", ""start"": 47, ""end"": 49, ""text"": ""TP. Hà_Nội""}, {""type"": ""COUNTY"", ""start"": 50, ""end"": 52, ""text"": ""Huyện Vụ_Bản""}]",O O O B-JOBTYPE I-JOBTYPE O O O O O O O O B-PHONEIMEI I-PHONEIMEI I-PHONEIMEI I-PHONEIMEI I-PHONEIMEI I-PHONEIMEI I-PHONEIMEI I-PHONEIMEI I-PHONEIMEI O O B-DOB I-DOB I-DOB O O O O O O O O O O O O O O O B-GENDER O O O O B-STATE I-STATE O B-COUNTY I-COUNTY O,O O O B-JOBTITLE I-JOBTITLE O O O O O O O O B-PHONEIMEI I-PHONEIMEI I-PHONEIMEI I-PHONEIMEI I-PHONEIMEI I-PHONEIMEI I-PHONEIMEI I-PHONEIMEI I-PHONEIMEI O O B-DATE I-DATE I-DATE O O O O O O O O O O O O O O O B-GENDER O O O O B-STATE I-STATE O B-COUNTY I-COUNTY O,0.6666666666666666,"[{""type"": ""JOBTYPE"", ""start"": 3, ""end"": 5, ""text"": ""Nhân_viên kinh_doanh""}, {""type"": ""PHONEIMEI"", ""start"": 13, ""end"": 22, ""text"": ""22-@@ 3@@ 38@@ 83@@ 2-@@ 12@@ 42@@ 19-@@ 0""}, {""type"": ""DOB"", ""start"": 24, ""end"": 27, ""text"": ""17.@@ 10.@@ 1967""}, {""type"": ""GENDER"", ""start"": 42, ""end"": 43, ""text"": ""nữ""}, {""type"": ""STATE"", ""start"": 47, ""end"": 49, ""text"": ""TP. Hà_Nội""}, {""type"": ""COUNTY"", ""start"": 50, ""end"": 52, ""text"": ""Huyện Vụ_Bản""}]","[{""type"": ""JOBTITLE"", ""start"": 3, ""end"": 5, ""text"": ""Nhân_viên kinh_doanh""}, {""type"": ""PHONEIMEI"", ""start"": 13, ""end"": 22, ""text"": ""22-@@ 3@@ 38@@ 83@@ 2-@@ 12@@ 42@@ 19-@@ 0""}, {""type"": ""DATE"", ""start"": 24, ""end"": 27, ""text"": ""17.@@ 10.@@ 1967""}, {""type"": ""GENDER"", ""start"": 42, ""end"": 43, ""text"": ""nữ""}, {""type"": ""STATE"", ""start"": 47, ""end"": 49, ""text"": ""TP. Hà_Nội""}, {""type"": ""COUNTY"", ""start"": 50, ""end"": 52, ""text"": ""Huyện Vụ_Bản""}]",O O O B-JOBTYPE I-JOBTYPE O O O O O O O O B-PHONEIMEI I-PHONEIMEI I-PHONEIMEI I-PHONEIMEI I-PHONEIMEI I-PHONEIMEI I-PHONEIMEI I-PHONEIMEI I-PHONEIMEI O O B-DOB I-DOB I-DOB O O O O O O O O O O O O O O O B-GENDER O O O O B-STATE I-STATE O B-COUNTY I-COUNTY O,O O O B-JOBTITLE I-JOBTITLE O O O O O O O O B-PHONEIMEI I-PHONEIMEI I-PHONEIMEI I-PHONEIMEI I-PHONEIMEI I-PHONEIMEI I-PHONEIMEI I-PHONEIMEI I-PHONEIMEI O O B-DATE I-DATE I-DATE O O O O O O O O O O O O O O O B-GENDER O O O O B-STATE I-STATE O B-COUNTY I-COUNTY O,0.8333333333333334,"[{""type"": ""JOBTYPE"", ""start"": 3, ""end"": 5, ""text"": ""Nhân_viên kinh_doanh""}, {""type"": ""PHONEIMEI"", ""start"": 13, ""end"": 22, ""text"": ""22-@@ 3@@ 38@@ 83@@ 2-@@ 12@@ 42@@ 19-@@ 0""}, {""type"": ""DOB"", ""start"": 24, ""end"": 27, ""text"": ""17.@@ 10.@@ 1967""}, {""type"": ""GENDER"", ""start"": 42, ""end"": 43, ""text"": ""nữ""}, {""type"": ""STATE"", ""start"": 47, ""end"": 49, ""text"": ""TP. Hà_Nội""}, {""type"": ""COUNTY"", ""start"": 50, ""end"": 52, ""text"": ""Huyện Vụ_Bản""}]","[{""type"": ""JOBTITLE"", ""start"": 3, ""end"": 5, ""text"": ""Nhân_viên kinh_doanh""}, {""type"": ""PHONEIMEI"", ""start"": 13, ""end"": 22, ""text"": ""22-@@ 3@@ 38@@ 83@@ 2-@@ 12@@ 42@@ 19-@@ 0""}, {""type"": ""DOB"", ""start"": 24, ""end"": 27, ""text"": ""17.@@ 10.@@ 1967""}, {""type"": ""GENDER"", ""start"": 42, ""end"": 43, ""text"": ""nữ""}, {""type"": ""STATE"", ""start"": 47, ""end"": 49, ""text"": ""TP. Hà_Nội""}, {""type"": ""COUNTY"", ""start"": 50, ""end"": 52, ""text"": ""Huyện Vụ_Bản""}]",O O O B-JOBTYPE I-JOBTYPE O O O O O O O O B-PHONEIMEI I-PHONEIMEI I-PHONEIMEI I-PHONEIMEI I-PHONEIMEI I-PHONEIMEI I-PHONEIMEI I-PHONEIMEI I-PHONEIMEI O O B-DOB I-DOB I-DOB O O O O O O O O O O O O O O O B-GENDER O O O O B-STATE I-STATE O B-COUNTY I-COUNTY O,O O O B-JOBTITLE I-JOBTITLE O O O O O O O O B-PHONEIMEI I-PHONEIMEI I-PHONEIMEI I-PHONEIMEI I-PHONEIMEI I-PHONEIMEI I-PHONEIMEI I-PHONEIMEI I-PHONEIMEI O O B-DOB I-DOB I-DOB O O O O O O O O O O O O O O O B-GENDER O O O O B-STATE I-STATE O B-COUNTY I-COUNTY O,0.6153846153846153,"[{""type"": ""JOBTYPE"", ""start"": 4, ""end"": 8, ""text"": ""▁Nhân ▁viên ▁kinh ▁doanh""}, {""type"": ""PHONEIMEI"", ""start"": 22, ""end"": 30, ""text"": ""▁22 -3 388 32 -12 42 19 -0""}, {""type"": ""DOB"", ""start"": 32, ""end"": 35, ""text"": ""▁17 .10. 1967""}, {""type"": ""GENDER"", ""start"": 57, ""end"": 58, ""text"": ""▁nữ""}, {""type"": ""STATE"", ""start"": 63, ""end"": 67, ""text"": ""▁TP . ▁Hà ▁Nội""}, {""type"": ""COUNTY"", ""start"": 68, ""end"": 73, ""text"": ""▁Huy ệ n ▁Vụ ▁Bản""}]","[{""type"": ""JOBTITLE"", ""start"": 4, ""end"": 8, ""text"": ""▁Nhân ▁viên ▁kinh ▁doanh""}, {""type"": ""PHONEIMEI"", ""start"": 22, ""end"": 30, ""text"": ""▁22 -3 388 32 -12 42 19 -0""}, {""type"": ""DOB"", ""start"": 32, ""end"": 33, ""text"": ""▁17""}, {""type"": ""DATE"", ""start"": 33, ""end"": 35, ""text"": "".10. 1967""}, {""type"": ""GENDER"", ""start"": 57, ""end"": 58, ""text"": ""▁nữ""}, {""type"": ""STATE"", ""start"": 63, ""end"": 67, ""text"": ""▁TP . ▁Hà ▁Nội""}, {""type"": ""COUNTY"", ""start"": 68, ""end"": 73, ""text"": ""▁Huy ệ n ▁Vụ ▁Bản""}]",O O O O B-JOBTYPE I-JOBTYPE I-JOBTYPE I-JOBTYPE O O O O O O O O O O O O O O B-PHONEIMEI I-PHONEIMEI I-PHONEIMEI I-PHONEIMEI I-PHONEIMEI I-PHONEIMEI I-PHONEIMEI I-PHONEIMEI O O B-DOB I-DOB I-DOB O O O O O O O O O O O O O O O O O O O O O O B-GENDER O O O O O B-STATE I-STATE I-STATE I-STATE O B-COUNTY I-COUNTY I-COUNTY I-COUNTY I-COUNTY O,O O O O B-JOBTITLE I-JOBTITLE I-JOBTITLE I-JOBTITLE O O O O O O O O O O O O O O B-PHONEIMEI I-PHONEIMEI I-PHONEIMEI I-PHONEIMEI I-PHONEIMEI I-PHONEIMEI I-PHONEIMEI I-PHONEIMEI O O B-DOB I-DATE I-DATE O O O O O O O O O O O O O O O O O O O O O O B-GENDER O O O O O B-STATE I-STATE I-STATE I-STATE O B-COUNTY I-COUNTY I-COUNTY I-COUNTY I-COUNTY O
5324,"Đôi lúc không thể đến trường đại học để hiện số thứ tự chứng nhận 087268809668, tôi được thông báo rằng học kỳ của tôi có thể không được đếm. Tuy nhiên, Xuân đã giúp tôi chứng nhận được tính chính xác, và tôi tiếp tục với học kỳ này.",True,0.5,"[{""type"": ""CCCD"", ""start"": 10, ""end"": 16, ""text"": ""08@@ 7@@ 26@@ 88@@ 096@@ 68""}, {""type"": ""FIRSTNAME"", ""start"": 31, ""end"": 32, ""text"": ""Xuân""}]","[{""type"": ""CCCD"", ""start"": 10, ""end"": 16, ""text"": ""08@@ 7@@ 26@@ 88@@ 096@@ 68""}, {""type"": ""MIDDLENAME"", ""start"": 31, ""end"": 32, ""text"": ""Xuân""}]",O O O O O O O O O O B-CCCD I-CCCD I-CCCD I-CCCD I-CCCD I-CCCD O O O O O O O O O O O O O O O B-FIRSTNAME O O O O O O O O O O O O O O O,O O O O O O O O O O B-CCCD I-CCCD I-CCCD I-CCCD I-CCCD I-CCCD O O O O O O O O O O O O O O O B-MIDDLENAME O O O O O O O O O O O O O O O,0.5,"[{""type"": ""CCCD"", ""start"": 10, ""end"": 16, ""text"": ""08@@ 7@@ 26@@ 88@@ 096@@ 68""}, {""type"": ""FIRSTNAME"", ""start"": 31, ""end"": 32, ""text"": ""Xuân""}]","[{""type"": ""CCCD"", ""start"": 10, ""end"": 16, ""text"": ""08@@ 7@@ 26@@ 88@@ 096@@ 68""}, {""type"": ""MIDDLENAME"", ""start"": 31, ""end"": 32, ""text"": ""Xuân""}]",O O O O O O O O O O B-CCCD I-CCCD I-CCCD I-CCCD I-CCCD I-CCCD O O O O O O O O O O O O O O O B-FIRSTNAME O O O O O O O O O O O O O O O,O O O O O O O O O O B-CCCD I-CCCD I-CCCD I-CCCD I-CCCD I-CCCD O O O O O O O O O O O O O O O B-MIDDLENAME O O O O O O O O O O O O O O O,0.5,"[{""type"": ""CCCD"", ""start"": 10, ""end"": 16, ""text"": ""08@@ 7@@ 26@@ 88@@ 096@@ 68""}, {""type"": ""FIRSTNAME"", ""start"": 31, ""end"": 32, ""text"": ""Xuân""}]","[{""type"": ""CCCD"", ""start"": 10, ""end"": 16, ""text"": ""08@@ 7@@ 26@@ 88@@ 096@@ 68""}, {""type"": ""MIDDLENAME"", ""start"": 31, ""end"": 32, ""text"": ""Xuân""}]",O O O O O O O O O O B-CCCD I-CCCD I-CCCD I-CCCD I-CCCD I-CCCD O O O O O O O O O O O O O O O B-FIRSTNAME O O O O O O O O O O O O O O O,O O O O O O O O O O B-CCCD I-CCCD I-CCCD I-CCCD I-CCCD I-CCCD O O O O O O O O O O O O O O O B-MIDDLENAME O O O O O O O O O O O O O O O,0.5,"[{""type"": ""CCCD"", ""start"": 16, ""end"": 21, ""text"": ""▁08 72 688 09 668""}, {""type"": ""FIRSTNAME"", ""start"": 41, ""end"": 42, ""text"": ""▁Xuân""}]","[{""type"": ""CCCD"", ""start"": 16, ""end"": 21, ""text"": ""▁08 72 688 09 668""}, {""type"": ""MIDDLENAME"", ""start"": 41, ""end"": 42, ""text"": ""▁Xuân""}]",O O O O O O O O O O O O O O O O B-CCCD I-CCCD I-CCCD I-CCCD I-CCCD O O O O O O O O O O O O O O O O O O O O B-FIRSTNAME O O O O O O O O O O O O O O O O O O O,O O O O O O O O O O O O O O O O B-CCCD I-CCCD I-CCCD I-CCCD I-CCCD O O O O O O O O O O O O O O O O O O O O B-MIDDLENAME O O O O O O O O O O O O O O O O O O O
5326,Chúng tôi đang chuẩn bị cho sự kiện ngày nghề hàng năm và tìm kiếm những diễn giả có thể truyền cảm hứng cho các bạn nữ trẻ tuổi. Tôi được giới thiệu Nam. Cô ấy là một nam. Ai có thể liên hệ với cô ấy qua 86-536809-294717-0 để xác minh không?,True,0.5714285714285715,"[{""type"": ""FIRSTNAME"", ""start"": 26, ""end"": 27, ""text"": ""Nam""}, {""type"": ""GENDER"", ""start"": 32, ""end"": 33, ""text"": ""nam""}, {""type"": ""PHONEIMEI"", ""start"": 41, ""end"": 50, ""text"": ""86-@@ 5@@ 36@@ 80@@ 9-@@ 29@@ 47@@ 17-@@ 0""}]","[{""type"": ""GENDER"", ""start"": 19, ""end"": 20, ""text"": ""nữ""}, {""type"": ""SEX"", ""start"": 26, ""end"": 27, ""text"": ""Nam""}, {""type"": ""GENDER"", ""start"": 32, ""end"": 33, ""text"": ""nam""}, {""type"": ""PHONEIMEI"", ""start"": 41, ""end"": 50, ""text"": ""86-@@ 5@@ 36@@ 80@@ 9-@@ 29@@ 47@@ 17-@@ 0""}]",O O O O O O O O O O O O O O O O O O O O O O O O O O B-FIRSTNAME O O O O O B-GENDER O O O O O O O O B-PHONEIMEI I-PHONEIMEI I-PHONEIMEI I-PHONEIMEI I-PHONEIMEI I-PHONEIMEI I-PHONEIMEI I-PHONEIMEI I-PHONEIMEI O O O O,O O O O O O O O O O O O O O O O O O O B-GENDER O O O O O O B-SEX O O O O O B-GENDER O O O O O O O O B-PHONEIMEI I-PHONEIMEI I-PHONEIMEI I-PHONEIMEI I-PHONEIMEI I-PHONEIMEI I-PHONEIMEI I-PHONEIMEI I-PHONEIMEI O O O O,0.5714285714285715,"[{""type"": ""FIRSTNAME"", ""start"": 26, ""end"": 27, ""text"": ""Nam""}, {""type"": ""GENDER"", ""start"": 32, ""end"": 33, ""text"": ""nam""}, {""type"": ""PHONEIMEI"", ""start"": 41, ""end"": 50, ""text"": ""86-@@ 5@@ 36@@ 80@@ 9-@@ 29@@ 47@@ 17-@@ 0""}]","[{""type"": ""GENDER"", ""start"": 19, ""end"": 20, ""text"": ""nữ""}, {""type"": ""SEX"", ""start"": 26, ""end"": 27, ""text"": ""Nam""}, {""type"": ""GENDER"", ""start"": 32, ""end"": 33, ""text"": ""nam""}, {""type"": ""PHONEIMEI"", ""start"": 41, ""end"": 50, ""text"": ""86-@@ 5@@ 36@@ 80@@ 9-@@ 29@@ 47@@ 17-@@ 0""}]",O O O O O O O O O O O O O O O O O O O O O O O O O O B-FIRSTNAME O O O O O B-GENDER O O O O O O O O B-PHONEIMEI I-PHONEIMEI I-PHONEIMEI I-PHONEIMEI I-PHONEIMEI I-PHONEIMEI I-PHONEIMEI I-PHONEIMEI I-PHONEIMEI O O O O,O O O O O O O O O O O O O O O O O O O B-GENDER O O O O O O B-SEX O O O O O B-GENDER O O O O O O O O B-PHONEIMEI I-PHONEIMEI I-PHONEIMEI I-PHONEIMEI I-PHONEIMEI I-PHONEIMEI I-PHONEIMEI I-PHONEIMEI I-PHONEIMEI O O O O,0.5714285714285715,"[{""type"": ""FIRSTNAME"", ""start"": 26, ""end"": 27, ""text"": ""Nam""}, {""type"": ""GENDER"", ""start"": 32, ""end"": 33, ""text"": ""nam""}, {""type"": ""PHONEIMEI"", ""start"": 41, ""end"": 50, ""text"": ""86-@@ 5@@ 36@@ 80@@ 9-@@ 29@@ 47@@ 17-@@ 0""}]","[{""type"": ""GENDER"", ""start"": 19, ""end"": 20, ""text"": ""nữ""}, {""type"": ""SEX"", ""start"": 26, ""end"": 27, ""text"": ""Nam""}, {""type"": ""GENDER"", ""start"": 32, ""end"": 33, ""text"": ""nam""}, {""type"": ""PHONEIMEI"", ""start"": 41, ""end"": 50, ""text"": ""86-@@ 5@@ 36@@ 80@@ 9-@@ 29@@ 47@@ 17-@@ 0""}]",O O O O O O O O O O O O O O O O O O O O O O O O O O B-FIRSTNAME O O O O O B-GENDER O O O O O O O O B-PHONEIMEI I-PHONEIMEI I-PHONEIMEI I-PHONEIMEI I-PHONEIMEI I-PHONEIMEI I-PHONEIMEI I-PHONEIMEI I-PHONEIMEI O O O O,O O O O O O O O O O O O O O O O O O O B-GENDER O O O O O O B-SEX O O O O O B-GENDER O O O O O O O O B-PHONEIMEI I-PHONEIMEI I-PHONEIMEI I-PHONEIMEI I-PHONEIMEI I-PHONEIMEI I-PHONEIMEI I-PHONEIMEI I-PHONEIMEI O O O O,0.5714285714285715,"[{""type"": ""FIRSTNAME"", ""start"": 34, ""end"": 35, ""text"": ""▁Nam""}, {""type"": ""GENDER"", ""start"": 40, ""end"": 41, ""text"": ""▁nam""}, {""type"": ""PHONEIMEI"", ""start"": 51, ""end"": 59, ""text"": ""▁86 -5 368 09 -29 47 17 -0""}]","[{""type"": ""GENDER"", ""start"": 26, ""end"": 27, ""text"": ""▁nữ""}, {""type"": ""SEX"", ""start"": 34, ""end"": 35, ""text"": ""▁Nam""}, {""type"": ""GENDER"", ""start"": 40, ""end"": 41, ""text"": ""▁nam""}, {""type"": ""PHONEIMEI"", ""start"": 51, ""end"": 59, ""text"": ""▁86 -5 368 09 -29 47 17 -0""}]",O O O O O O O O O O O O O O O O O O O O O O O O O O O O O O O O O O B-FIRSTNAME O O O O O B-GENDER O O O O O O O O O O B-PHONEIMEI I-PHONEIMEI I-PHONEIMEI I-PHONEIMEI I-PHONEIMEI I-PHONEIMEI I-PHONEIMEI I-PHONEIMEI O O O O O,O O O O O O O O O O O O O O O O O O O O O O O O O O B-GENDER O O O O O O O B-SEX O O O O O B-GENDER O O O O O O O O O O B-PHONEIMEI I-PHONEIMEI I-PHONEIMEI I-PHONEIMEI I-PHONEIMEI I-PHONEIMEI I-PHONEIMEI I-PHONEIMEI O O O O O
5328,"Ngày mai là ngày đầu tiên của bạn với tư cách là thực tập sinh Thư ký. Bạn đã sẵn sàng để bắt đầu ngay chưa, Thắng?",True,0.5,"[{""type"": ""JOBTYPE"", ""start"": 10, ""end"": 11, ""text"": ""Thư_ký""}, {""type"": ""FIRSTNAME"", ""start"": 20, ""end"": 21, ""text"": ""Thắng""}]","[{""type"": ""JOBTITLE"", ""start"": 10, ""end"": 11, ""text"": ""Thư_ký""}, {""type"": ""FIRSTNAME"", ""start"": 20, ""end"": 21, ""text"": ""Thắng""}]",O O O O O O O O O O B-JOBTYPE O O O O O O O O O B-FIRSTNAME O,O O O O O O O O O O B-JOBTITLE O O O O O O O O O B-FIRSTNAME O,0.5,"[{""type"": ""JOBTYPE"", ""start"": 10, ""end"": 11, ""text"": ""Thư_ký""}, {""type"": ""FIRSTNAME"", ""start"": 20, ""end"": 21, ""text"": ""Thắng""}]","[{""type"": ""JOBAREA"", ""start"": 10, ""end"": 11, ""text"": ""Thư_ký""}, {""type"": ""FIRSTNAME"", ""start"": 20, ""end"": 21, ""text"": ""Thắng""}]",O O O O O O O O O O B-JOBTYPE O O O O O O O O O B-FIRSTNAME O,O O O O O O O O O O B-JOBAREA O O O O O O O O O B-FIRSTNAME O,0.5,"[{""type"": ""JOBTYPE"", ""start"": 10, ""end"": 11, ""text"": ""Thư_ký""}, {""type"": ""FIRSTNAME"", ""start"": 20, ""end"": 21, ""text"": ""Thắng""}]","[{""type"": ""JOBAREA"", ""start"": 10, ""end"": 11, ""text"": ""Thư_ký""}, {""type"": ""FIRSTNAME"", ""start"": 20, ""end"": 21, ""text"": ""Thắng""}]",O O O O O O O O O O B-JOBTYPE O O O O O O O O O B-FIRSTNAME O,O O O O O O O O O O B-JOBAREA O O O O O O O O O B-FIRSTNAME O,0.5,"[{""type"": ""JOBTYPE"", ""start"": 15, ""end"": 17, ""text"": ""▁Thư ▁ký""}, {""type"": ""FIRSTNAME"", ""start"": 28, ""end"": 29, ""text"": ""▁Thắng""}]","[{""type"": ""JOBAREA"", ""start"": 15, ""end"": 17, ""text"": ""▁Thư ▁ký""}, {""type"": ""FIRSTNAME"", ""start"": 28, ""end"": 29, ""text"": ""▁Thắng""}]",O O O O O O O O O O O O O O O B-JOBTYPE I-JOBTYPE O O O O O O O O O O O B-FIRSTNAME O,O O O O O O O O O O O O O O O B-JOBAREA I-JOBAREA O O O O O O O O O O O B-FIRSTNAME O
5342,"Đối với sự cố mạng tại địa chỉ IP 4ed8:3eeb:f512:935b:ea11:ca1f:8257:98db, xin hãy đảm bảo bạn không chia sẻ TraSuaCauHon. Thời gian học tập của bạn bắt đầu vào 10:16, và kiểm tra thông tin danh tính sẽ được thực hiện vào 02.11.1971.",True,0.75,"[{""type"": ""IPADDRESS"", ""start"": 6, ""end"": 32, ""text"": ""4@@ ed 8@@ :3 e@@ eb : f 5 12@@ :9 35 b : ea_@@ 11 : ca 1 f : 825 7@@ :9 8@@ d@@""}, {""type"": ""PASSWORD"", ""start"": 40, ""end"": 46, ""text"": ""Tra@@ Su@@ a@@ Cau@@ Ho@@ n""}, {""type"": ""TIME"", ""start"": 53, ""end"": 55, ""text"": ""10:@@ 16""}, {""type"": ""DOB"", ""start"": 64, ""end"": 68, ""text"": ""0@@ 2.@@ 11.@@ 1971""}]","[{""type"": ""IPADDRESS"", ""start"": 6, ""end"": 32, ""text"": ""4@@ ed 8@@ :3 e@@ eb : f 5 12@@ :9 35 b : ea_@@ 11 : ca 1 f : 825 7@@ :9 8@@ d@@""}, {""type"": ""PASSWORD"", ""start"": 40, ""end"": 46, ""text"": ""Tra@@ Su@@ a@@ Cau@@ Ho@@ n""}, {""type"": ""TIME"", ""start"": 53, ""end"": 55, ""text"": ""10:@@ 16""}, {""type"": ""DATE"", ""start"": 64, ""end"": 68, ""text"": ""0@@ 2.@@ 11.@@ 1971""}]",O O O O O O B-IPADDRESS I-IPADDRESS I-IPADDRESS I-IPADDRESS I-IPADDRESS I-IPADDRESS I-IPADDRESS I-IPADDRESS I-IPADDRESS I-IPADDRESS I-IPADDRESS I-IPADDRESS I-IPADDRESS I-IPADDRESS I-IPADDRESS I-IPADDRESS I-IPADDRESS I-IPADDRESS I-IPADDRESS I-IPADDRESS I-IPADDRESS I-IPADDRESS I-IPADDRESS I-IPADDRESS I-IPADDRESS I-IPADDRESS O O O O O O O O B-PASSWORD I-PASSWORD I-PASSWORD I-PASSWORD I-PASSWORD I-PASSWORD O O O O O O O B-TIME I-TIME O O O O O O O O O B-DOB I-DOB I-DOB I-DOB O,O O O O O O B-IPADDRESS I-IPADDRESS I-IPADDRESS I-IPADDRESS I-IPADDRESS I-IPADDRESS I-IPADDRESS I-IPADDRESS I-IPADDRESS I-IPADDRESS I-IPADDRESS I-IPADDRESS I-IPADDRESS I-IPADDRESS I-IPADDRESS I-IPADDRESS I-IPADDRESS I-IPADDRESS I-IPADDRESS I-IPADDRESS I-IPADDRESS I-IPADDRESS I-IPADDRESS I-IPADDRESS I-IPADDRESS I-IPADDRESS O O O O O O O O B-PASSWORD I-PASSWORD I-PASSWORD I-PASSWORD I-PASSWORD I-PASSWORD O O O O O O O B-TIME I-TIME O O O O O O O O O B-DATE I-DATE I-DATE I-DATE O,0.75,"[{""type"": ""IPADDRESS"", ""start"": 6, ""end"": 32, ""text"": ""4@@ ed 8@@ :3 e@@ eb : f 5 12@@ :9 35 b : ea_@@ 11 : ca 1 f : 825 7@@ :9 8@@ d@@""}, {""type"": ""PASSWORD"", ""start"": 40, ""end"": 46, ""text"": ""Tra@@ Su@@ a@@ Cau@@ Ho@@ n""}, {""type"": ""TIME"", ""start"": 53, ""end"": 55, ""text"": ""10:@@ 16""}, {""type"": ""DOB"", ""start"": 64, ""end"": 68, ""text"": ""0@@ 2.@@ 11.@@ 1971""}]","[{""type"": ""IPADDRESS"", ""start"": 6, ""end"": 32, ""text"": ""4@@ ed 8@@ :3 e@@ eb : f 5 12@@ :9 35 b : ea_@@ 11 : ca 1 f : 825 7@@ :9 8@@ d@@""}, {""type"": ""PASSWORD"", ""start"": 40, ""end"": 46, ""text"": ""Tra@@ Su@@ a@@ Cau@@ Ho@@ n""}, {""type"": ""TIME"", ""start"": 53, ""end"": 55, ""text"": ""10:@@ 16""}, {""type"": ""DATE"", ""start"": 64, ""end"": 68, ""text"": ""0@@ 2.@@ 11.@@ 1971""}]",O O O O O O B-IPADDRESS I-IPADDRESS I-IPADDRESS I-IPADDRESS I-IPADDRESS I-IPADDRESS I-IPADDRESS I-IPADDRESS I-IPADDRESS I-IPADDRESS I-IPADDRESS I-IPADDRESS I-IPADDRESS I-IPADDRESS I-IPADDRESS I-IPADDRESS I-IPADDRESS I-IPADDRESS I-IPADDRESS I-IPADDRESS I-IPADDRESS I-IPADDRESS I-IPADDRESS I-IPADDRESS I-IPADDRESS I-IPADDRESS O O O O O O O O B-PASSWORD I-PASSWORD I-PASSWORD I-PASSWORD I-PASSWORD I-PASSWORD O O O O O O O B-TIME I-TIME O O O O O O O O O B-DOB I-DOB I-DOB I-DOB O,O O O O O O B-IPADDRESS I-IPADDRESS I-IPADDRESS I-IPADDRESS I-IPADDRESS I-IPADDRESS I-IPADDRESS I-IPADDRESS I-IPADDRESS I-IPADDRESS I-IPADDRESS I-IPADDRESS I-IPADDRESS I-IPADDRESS I-IPADDRESS I-IPADDRESS I-IPADDRESS I-IPADDRESS I-IPADDRESS I-IPADDRESS I-IPADDRESS I-IPADDRESS I-IPADDRESS I-IPADDRESS I-IPADDRESS I-IPADDRESS O O O O O O O O B-PASSWORD I-PASSWORD I-PASSWORD I-PASSWORD I-PASSWORD I-PASSWORD O O O O O O O B-TIME I-TIME O O O O O O O O O B-DATE I-DATE I-DATE I-DATE O,0.6,"[{""type"": ""IPADDRESS"", ""start"": 6, ""end"": 32, ""text"": ""4@@ ed 8@@ :3 e@@ eb : f 5 12@@ :9 35 b : ea_@@ 11 : ca 1 f : 825 7@@ :9 8@@ d@@""}, {""type"": ""PASSWORD"", ""start"": 40, ""end"": 46, ""text"": ""Tra@@ Su@@ a@@ Cau@@ Ho@@ n""}, {""type"": ""TIME"", ""start"": 53, ""end"": 55, ""text"": ""10:@@ 16""}, {""type"": ""DOB"", ""start"": 64, ""end"": 68, ""text"": ""0@@ 2.@@ 11.@@ 1971""}]","[{""type"": ""IPADDRESS"", ""start"": 6, ""end"": 32, ""text"": ""4@@ ed 8@@ :3 e@@ eb : f 5 12@@ :9 35 b : ea_@@ 11 : ca 1 f : 825 7@@ :9 8@@ d@@""}, {""type"": ""PASSWORD"", ""start"": 40, ""end"": 46, ""text"": ""Tra@@ Su@@ a@@ Cau@@ Ho@@ n""}, {""type"": ""TIME"", ""start"": 53, ""end"": 55, ""text"": ""10:@@ 16""}, {""type"": ""DOB"", ""start"": 64, ""end"": 65, ""text"": ""0@@""}, {""type"": ""DATE"", ""start"": 65, ""end"": 66, ""text"": ""2.@@""}, {""type"": ""DOB"", ""start"": 66, ""end"": 68, ""text"": ""11.@@ 1971""}]",O O O O O O B-IPADDRESS I-IPADDRESS I-IPADDRESS I-IPADDRESS I-IPADDRESS I-IPADDRESS I-IPADDRESS I-IPADDRESS I-IPADDRESS I-IPADDRESS I-IPADDRESS I-IPADDRESS I-IPADDRESS I-IPADDRESS I-IPADDRESS I-IPADDRESS I-IPADDRESS I-IPADDRESS I-IPADDRESS I-IPADDRESS I-IPADDRESS I-IPADDRESS I-IPADDRESS I-IPADDRESS I-IPADDRESS I-IPADDRESS O O O O O O O O B-PASSWORD I-PASSWORD I-PASSWORD I-PASSWORD I-PASSWORD I-PASSWORD O O O O O O O B-TIME I-TIME O O O O O O O O O B-DOB I-DOB I-DOB I-DOB O,O O O O O O B-IPADDRESS I-IPADDRESS I-IPADDRESS I-IPADDRESS I-IPADDRESS I-IPADDRESS I-IPADDRESS I-IPADDRESS I-IPADDRESS I-IPADDRESS I-IPADDRESS I-IPADDRESS I-IPADDRESS I-IPADDRESS I-IPADDRESS I-IPADDRESS I-IPADDRESS I-IPADDRESS I-IPADDRESS I-IPADDRESS I-IPADDRESS I-IPADDRESS I-IPADDRESS I-IPADDRESS I-IPADDRESS I-IPADDRESS O O O O O O O O B-PASSWORD I-PASSWORD I-PASSWORD I-PASSWORD I-PASSWORD I-PASSWORD O O O O O O O B-TIME I-TIME O O O O O O O O O B-DOB I-DATE I-DOB I-DOB O,0.75,"[{""type"": ""IPADDRESS"", ""start"": 9, ""end"": 38, ""text"": ""▁4 ed 8 : 3 e eb : f 5 12 : 9 35 b : e a 11 : ca 1 f : 82 57 : 98 db""}, {""type"": ""PASSWORD"", ""start"": 47, ""end"": 54, ""text"": ""▁Tra Su a C au H on""}, {""type"": ""TIME"", ""start"": 64, ""end"": 66, ""text"": ""▁10 :16""}, {""type"": ""DOB"", ""start"": 79, ""end"": 82, ""text"": ""▁02 .11. 1971""}]","[{""type"": ""IPADDRESS"", ""start"": 9, ""end"": 38, ""text"": ""▁4 ed 8 : 3 e eb : f 5 12 : 9 35 b : e a 11 : ca 1 f : 82 57 : 98 db""}, {""type"": ""PASSWORD"", ""start"": 47, ""end"": 54, ""text"": ""▁Tra Su a C au H on""}, {""type"": ""TIME"", ""start"": 64, ""end"": 66, ""text"": ""▁10 :16""}, {""type"": ""DATE"", ""start"": 79, ""end"": 82, ""text"": ""▁02 .11. 1971""}]",O O O O O O O O O B-IPADDRESS I-IPADDRESS I-IPADDRESS I-IPADDRESS I-IPADDRESS I-IPADDRESS I-IPADDRESS I-IPADDRESS I-IPADDRESS I-IPADDRESS I-IPADDRESS I-IPADDRESS I-IPADDRESS I-IPADDRESS I-IPADDRESS I-IPADDRESS I-IPADDRESS I-IPADDRESS I-IPADDRESS I-IPADDRESS I-IPADDRESS I-IPADDRESS I-IPADDRESS I-IPADDRESS I-IPADDRESS I-IPADDRESS I-IPADDRESS I-IPADDRESS I-IPADDRESS O O O O O O O O O B-PASSWORD I-PASSWORD I-PASSWORD I-PASSWORD I-PASSWORD I-PASSWORD I-PASSWORD O O O O O O O O O O B-TIME I-TIME O O O O O O O O O O O O O B-DOB I-DOB I-DOB O,O O O O O O O O O B-IPADDRESS I-IPADDRESS I-IPADDRESS I-IPADDRESS I-IPADDRESS I-IPADDRESS I-IPADDRESS I-IPADDRESS I-IPADDRESS I-IPADDRESS I-IPADDRESS I-IPADDRESS I-IPADDRESS I-IPADDRESS I-IPADDRESS I-IPADDRESS I-IPADDRESS I-IPADDRESS I-IPADDRESS I-IPADDRESS I-IPADDRESS I-IPADDRESS I-IPADDRESS I-IPADDRESS I-IPADDRESS I-IPADDRESS I-IPADDRESS I-IPADDRESS I-IPADDRESS O O O O O O O O O B-PASSWORD I-PASSWORD I-PASSWORD I-PASSWORD I-PASSWORD I-PASSWORD I-PASSWORD O O O O O O O O O O B-TIME I-TIME O O O O O O O O O O O O O B-DATE I-DATE I-DATE O
5400,"Nam, bạn có thể đảm bảo rằng thuốc đã đến tay bệnh nhân tại địa chỉ đã cung cấp (Mã căn hộ: Khu tập thể Kim Giang, Mã bưu chính: 30979) không?",True,0.6666666666666666,"[{""type"": ""FIRSTNAME"", ""start"": 0, ""end"": 1, ""text"": ""Nam""}, {""type"": ""SECONDARYADDRESS"", ""start"": 19, ""end"": 22, ""text"": ""Khu tập_thể Kim_Giang""}, {""type"": ""ZIPCODE"", ""start"": 26, ""end"": 29, ""text"": ""30@@ 9@@ 79""}]","[{""type"": ""SEX"", ""start"": 0, ""end"": 1, ""text"": ""Nam""}, {""type"": ""SECONDARYADDRESS"", ""start"": 19, ""end"": 22, ""text"": ""Khu tập_thể Kim_Giang""}, {""type"": ""ZIPCODE"", ""start"": 26, ""end"": 29, ""text"": ""30@@ 9@@ 79""}]",B-FIRSTNAME O O O O O O O O O O O O O O O O O O B-SECONDARYADDRESS I-SECONDARYADDRESS I-SECONDARYADDRESS O O O O B-ZIPCODE I-ZIPCODE I-ZIPCODE O O O,B-SEX O O O O O O O O O O O O O O O O O O B-SECONDARYADDRESS I-SECONDARYADDRESS I-SECONDARYADDRESS O O O O B-ZIPCODE I-ZIPCODE I-ZIPCODE O O O,0.6666666666666666,"[{""type"": ""FIRSTNAME"", ""start"": 0, ""end"": 1, ""text"": ""Nam""}, {""type"": ""SECONDARYADDRESS"", ""start"": 19, ""end"": 22, ""text"": ""Khu tập_thể Kim_Giang""}, {""type"": ""ZIPCODE"", ""start"": 26, ""end"": 29, ""text"": ""30@@ 9@@ 79""}]","[{""type"": ""SEX"", ""start"": 0, ""end"": 1, ""text"": ""Nam""}, {""type"": ""SECONDARYADDRESS"", ""start"": 19, ""end"": 22, ""text"": ""Khu tập_thể Kim_Giang""}, {""type"": ""ZIPCODE"", ""start"": 26, ""end"": 29, ""text"": ""30@@ 9@@ 79""}]",B-FIRSTNAME O O O O O O O O O O O O O O O O O O B-SECONDARYADDRESS I-SECONDARYADDRESS I-SECONDARYADDRESS O O O O B-ZIPCODE I-ZIPCODE I-ZIPCODE O O O,B-SEX O O O O O O O O O O O O O O O O O O B-SECONDARYADDRESS I-SECONDARYADDRESS I-SECONDARYADDRESS O O O O B-ZIPCODE I-ZIPCODE I-ZIPCODE O O O,0.6666666666666666,"[{""type"": ""FIRSTNAME"", ""start"": 0, ""end"": 1, ""text"": ""Nam""}, {""type"": ""SECONDARYADDRESS"", ""start"": 19, ""end"": 22, ""text"": ""Khu tập_thể Kim_Giang""}, {""type"": ""ZIPCODE"", ""start"": 26, ""end"": 29, ""text"": ""30@@ 9@@ 79""}]","[{""type"": ""SEX"", ""start"": 0, ""end"": 1, ""text"": ""Nam""}, {""type"": ""SECONDARYADDRESS"", ""start"": 19, ""end"": 22, ""text"": ""Khu tập_thể Kim_Giang""}, {""type"": ""ZIPCODE"", ""start"": 26, ""end"": 29, ""text"": ""30@@ 9@@ 79""}]",B-FIRSTNAME O O O O O O O O O O O O O O O O O O B-SECONDARYADDRESS I-SECONDARYADDRESS I-SECONDARYADDRESS O O O O B-ZIPCODE I-ZIPCODE I-ZIPCODE O O O,B-SEX O O O O O O O O O O O O O O O O O O B-SECONDARYADDRESS I-SECONDARYADDRESS I-SECONDARYADDRESS O O O O B-ZIPCODE I-ZIPCODE I-ZIPCODE O O O,0.6666666666666666,"[{""type"": ""FIRSTNAME"", ""start"": 0, ""end"": 1, ""text"": ""▁Nam""}, {""type"": ""SECONDARYADDRESS"", ""start"": 26, ""end"": 31, ""text"": ""▁Khu ▁tập ▁thể ▁Kim ▁Giang""}, {""type"": ""ZIPCODE"", ""start"": 37, ""end"": 39, ""text"": ""▁30 979""}]","[{""type"": ""SEX"", ""start"": 0, ""end"": 1, ""text"": ""▁Nam""}, {""type"": ""SECONDARYADDRESS"", ""start"": 26, ""end"": 31, ""text"": ""▁Khu ▁tập ▁thể ▁Kim ▁Giang""}, {""type"": ""ZIPCODE"", ""start"": 37, ""end"": 39, ""text"": ""▁30 979""}]",B-FIRSTNAME O O O O O O O O O O O O O O O O O O O O O O O O O B-SECONDARYADDRESS I-SECONDARYADDRESS I-SECONDARYADDRESS I-SECONDARYADDRESS I-SECONDARYADDRESS O O O O O O B-ZIPCODE I-ZIPCODE O O O,B-SEX O O O O O O O O O O O O O O O O O O O O O O O O O B-SECONDARYADDRESS I-SECONDARYADDRESS I-SECONDARYADDRESS I-SECONDARYADDRESS I-SECONDARYADDRESS O O O O O O B-ZIPCODE I-ZIPCODE O O O
5403,"1fb5:c151:7d65:d5d1:e89d:de4f:1aa2:88a9 đã thực hiện các giao dịch bất hợp pháp liên quan đến 1yJyPPtDXpEdjk6bGbaQ4JNd1o6d. Với tư cách là một Chuyên viên tư vấn, sự giúp đỡ của bạn là cần thiết trong vấn đề này.",True,0.6666666666666666,"[{""type"": ""IPADDRESS"", ""start"": 0, ""end"": 33, ""text"": ""1 f@@ b 5 : c 15 1:@@ 7 d 65 : d 5 d 1 : e 89 d : de 4 f : 1 aa 2@@ :@@ 8 8@@ a@@ 9""}, {""type"": ""BITCOINADDRESS"", ""start"": 40, ""end"": 64, ""text"": ""1@@ y@@ J@@ y@@ PP@@ t@@ DX@@ p@@ Ed@@ j@@ k@@ 6@@ b@@ G@@ ba@@ Q@@ 4@@ J@@ N@@ d@@ 1@@ o@@ 6@@ d""}, {""type"": ""JOBTYPE"", ""start"": 69, ""end"": 71, ""text"": ""Chuyên_viên tư_vấn""}]","[{""type"": ""IPADDRESS"", ""start"": 0, ""end"": 33, ""text"": ""1 f@@ b 5 : c 15 1:@@ 7 d 65 : d 5 d 1 : e 89 d : de 4 f : 1 aa 2@@ :@@ 8 8@@ a@@ 9""}, {""type"": ""BITCOINADDRESS"", ""start"": 40, ""end"": 64, ""text"": ""1@@ y@@ J@@ y@@ PP@@ t@@ DX@@ p@@ Ed@@ j@@ k@@ 6@@ b@@ G@@ ba@@ Q@@ 4@@ J@@ N@@ d@@ 1@@ o@@ 6@@ d""}, {""type"": ""JOBTITLE"", ""start"": 69, ""end"": 71, ""text"": ""Chuyên_viên tư_vấn""}]",B-IPADDRESS I-IPADDRESS I-IPADDRESS I-IPADDRESS I-IPADDRESS I-IPADDRESS I-IPADDRESS I-IPADDRESS I-IPADDRESS I-IPADDRESS I-IPADDRESS I-IPADDRESS I-IPADDRESS I-IPADDRESS I-IPADDRESS I-IPADDRESS I-IPADDRESS I-IPADDRESS I-IPADDRESS I-IPADDRESS I-IPADDRESS I-IPADDRESS I-IPADDRESS I-IPADDRESS I-IPADDRESS I-IPADDRESS I-IPADDRESS I-IPADDRESS I-IPADDRESS I-IPADDRESS I-IPADDRESS I-IPADDRESS I-IPADDRESS O O O O O O O B-BITCOINADDRESS I-BITCOINADDRESS I-BITCOINADDRESS I-BITCOINADDRESS I-BITCOINADDRESS I-BITCOINADDRESS I-BITCOINADDRESS I-BITCOINADDRESS I-BITCOINADDRESS I-BITCOINADDRESS I-BITCOINADDRESS I-BITCOINADDRESS I-BITCOINADDRESS I-BITCOINADDRESS I-BITCOINADDRESS I-BITCOINADDRESS I-BITCOINADDRESS I-BITCOINADDRESS I-BITCOINADDRESS I-BITCOINADDRESS I-BITCOINADDRESS I-BITCOINADDRESS I-BITCOINADDRESS I-BITCOINADDRESS O O O O O B-JOBTYPE I-JOBTYPE O O O O O O O O O O O,B-IPADDRESS I-IPADDRESS I-IPADDRESS I-IPADDRESS I-IPADDRESS I-IPADDRESS I-IPADDRESS I-IPADDRESS I-IPADDRESS I-IPADDRESS I-IPADDRESS I-IPADDRESS I-IPADDRESS I-IPADDRESS I-IPADDRESS I-IPADDRESS I-IPADDRESS I-IPADDRESS I-IPADDRESS I-IPADDRESS I-IPADDRESS I-IPADDRESS I-IPADDRESS I-IPADDRESS I-IPADDRESS I-IPADDRESS I-IPADDRESS I-IPADDRESS I-IPADDRESS I-IPADDRESS I-IPADDRESS I-IPADDRESS I-IPADDRESS O O O O O O O B-BITCOINADDRESS I-BITCOINADDRESS I-BITCOINADDRESS I-BITCOINADDRESS I-BITCOINADDRESS I-BITCOINADDRESS I-BITCOINADDRESS I-BITCOINADDRESS I-BITCOINADDRESS I-BITCOINADDRESS I-BITCOINADDRESS I-BITCOINADDRESS I-BITCOINADDRESS I-BITCOINADDRESS I-BITCOINADDRESS I-BITCOINADDRESS I-BITCOINADDRESS I-BITCOINADDRESS I-BITCOINADDRESS I-BITCOINADDRESS I-BITCOINADDRESS I-BITCOINADDRESS I-BITCOINADDRESS I-BITCOINADDRESS O O O O O B-JOBTITLE I-JOBTITLE O O O O O O O O O O O,0.6666666666666666,"[{""type"": ""IPADDRESS"", ""start"": 0, ""end"": 33, ""text"": ""1 f@@ b 5 : c 15 1:@@ 7 d 65 : d 5 d 1 : e 89 d : de 4 f : 1 aa 2@@ :@@ 8 8@@ a@@ 9""}, {""type"": ""BITCOINADDRESS"", ""start"": 40, ""end"": 64, ""text"": ""1@@ y@@ J@@ y@@ PP@@ t@@ DX@@ p@@ Ed@@ j@@ k@@ 6@@ b@@ G@@ ba@@ Q@@ 4@@ J@@ N@@ d@@ 1@@ o@@ 6@@ d""}, {""type"": ""JOBTYPE"", ""start"": 69, ""end"": 71, ""text"": ""Chuyên_viên tư_vấn""}]","[{""type"": ""IPADDRESS"", ""start"": 0, ""end"": 33, ""text"": ""1 f@@ b 5 : c 15 1:@@ 7 d 65 : d 5 d 1 : e 89 d : de 4 f : 1 aa 2@@ :@@ 8 8@@ a@@ 9""}, {""type"": ""BITCOINADDRESS"", ""start"": 40, ""end"": 64, ""text"": ""1@@ y@@ J@@ y@@ PP@@ t@@ DX@@ p@@ Ed@@ j@@ k@@ 6@@ b@@ G@@ ba@@ Q@@ 4@@ J@@ N@@ d@@ 1@@ o@@ 6@@ d""}, {""type"": ""JOBTITLE"", ""start"": 69, ""end"": 71, ""text"": ""Chuyên_viên tư_vấn""}]",B-IPADDRESS I-IPADDRESS I-IPADDRESS I-IPADDRESS I-IPADDRESS I-IPADDRESS I-IPADDRESS I-IPADDRESS I-IPADDRESS I-IPADDRESS I-IPADDRESS I-IPADDRESS I-IPADDRESS I-IPADDRESS I-IPADDRESS I-IPADDRESS I-IPADDRESS I-IPADDRESS I-IPADDRESS I-IPADDRESS I-IPADDRESS I-IPADDRESS I-IPADDRESS I-IPADDRESS I-IPADDRESS I-IPADDRESS I-IPADDRESS I-IPADDRESS I-IPADDRESS I-IPADDRESS I-IPADDRESS I-IPADDRESS I-IPADDRESS O O O O O O O B-BITCOINADDRESS I-BITCOINADDRESS I-BITCOINADDRESS I-BITCOINADDRESS I-BITCOINADDRESS I-BITCOINADDRESS I-BITCOINADDRESS I-BITCOINADDRESS I-BITCOINADDRESS I-BITCOINADDRESS I-BITCOINADDRESS I-BITCOINADDRESS I-BITCOINADDRESS I-BITCOINADDRESS I-BITCOINADDRESS I-BITCOINADDRESS I-BITCOINADDRESS I-BITCOINADDRESS I-BITCOINADDRESS I-BITCOINADDRESS I-BITCOINADDRESS I-BITCOINADDRESS I-BITCOINADDRESS I-BITCOINADDRESS O O O O O B-JOBTYPE I-JOBTYPE O O O O O O O O O O O,B-IPADDRESS I-IPADDRESS I-IPADDRESS I-IPADDRESS I-IPADDRESS I-IPADDRESS I-IPADDRESS I-IPADDRESS I-IPADDRESS I-IPADDRESS I-IPADDRESS I-IPADDRESS I-IPADDRESS I-IPADDRESS I-IPADDRESS I-IPADDRESS I-IPADDRESS I-IPADDRESS I-IPADDRESS I-IPADDRESS I-IPADDRESS I-IPADDRESS I-IPADDRESS I-IPADDRESS I-IPADDRESS I-IPADDRESS I-IPADDRESS I-IPADDRESS I-IPADDRESS I-IPADDRESS I-IPADDRESS I-IPADDRESS I-IPADDRESS O O O O O O O B-BITCOINADDRESS I-BITCOINADDRESS I-BITCOINADDRESS I-BITCOINADDRESS I-BITCOINADDRESS I-BITCOINADDRESS I-BITCOINADDRESS I-BITCOINADDRESS I-BITCOINADDRESS I-BITCOINADDRESS I-BITCOINADDRESS I-BITCOINADDRESS I-BITCOINADDRESS I-BITCOINADDRESS I-BITCOINADDRESS I-BITCOINADDRESS I-BITCOINADDRESS I-BITCOINADDRESS I-BITCOINADDRESS I-BITCOINADDRESS I-BITCOINADDRESS I-BITCOINADDRESS I-BITCOINADDRESS I-BITCOINADDRESS O O O O O B-JOBTITLE I-JOBTITLE O O O O O O O O O O O,0.6666666666666666,"[{""type"": ""IPADDRESS"", ""start"": 0, ""end"": 33, ""text"": ""1 f@@ b 5 : c 15 1:@@ 7 d 65 : d 5 d 1 : e 89 d : de 4 f : 1 aa 2@@ :@@ 8 8@@ a@@ 9""}, {""type"": ""BITCOINADDRESS"", ""start"": 40, ""end"": 64, ""text"": ""1@@ y@@ J@@ y@@ PP@@ t@@ DX@@ p@@ Ed@@ j@@ k@@ 6@@ b@@ G@@ ba@@ Q@@ 4@@ J@@ N@@ d@@ 1@@ o@@ 6@@ d""}, {""type"": ""JOBTYPE"", ""start"": 69, ""end"": 71, ""text"": ""Chuyên_viên tư_vấn""}]","[{""type"": ""IPADDRESS"", ""start"": 0, ""end"": 33, ""text"": ""1 f@@ b 5 : c 15 1:@@ 7 d 65 : d 5 d 1 : e 89 d : de 4 f : 1 aa 2@@ :@@ 8 8@@ a@@ 9""}, {""type"": ""BITCOINADDRESS"", ""start"": 40, ""end"": 64, ""text"": ""1@@ y@@ J@@ y@@ PP@@ t@@ DX@@ p@@ Ed@@ j@@ k@@ 6@@ b@@ G@@ ba@@ Q@@ 4@@ J@@ N@@ d@@ 1@@ o@@ 6@@ d""}, {""type"": ""JOBTITLE"", ""start"": 69, ""end"": 71, ""text"": ""Chuyên_viên tư_vấn""}]",B-IPADDRESS I-IPADDRESS I-IPADDRESS I-IPADDRESS I-IPADDRESS I-IPADDRESS I-IPADDRESS I-IPADDRESS I-IPADDRESS I-IPADDRESS I-IPADDRESS I-IPADDRESS I-IPADDRESS I-IPADDRESS I-IPADDRESS I-IPADDRESS I-IPADDRESS I-IPADDRESS I-IPADDRESS I-IPADDRESS I-IPADDRESS I-IPADDRESS I-IPADDRESS I-IPADDRESS I-IPADDRESS I-IPADDRESS I-IPADDRESS I-IPADDRESS I-IPADDRESS I-IPADDRESS I-IPADDRESS I-IPADDRESS I-IPADDRESS O O O O O O O B-BITCOINADDRESS I-BITCOINADDRESS I-BITCOINADDRESS I-BITCOINADDRESS I-BITCOINADDRESS I-BITCOINADDRESS I-BITCOINADDRESS I-BITCOINADDRESS I-BITCOINADDRESS I-BITCOINADDRESS I-BITCOINADDRESS I-BITCOINADDRESS I-BITCOINADDRESS I-BITCOINADDRESS I-BITCOINADDRESS I-BITCOINADDRESS I-BITCOINADDRESS I-BITCOINADDRESS I-BITCOINADDRESS I-BITCOINADDRESS I-BITCOINADDRESS I-BITCOINADDRESS I-BITCOINADDRESS I-BITCOINADDRESS O O O O O B-JOBTYPE I-JOBTYPE O O O O O O O O O O O,B-IPADDRESS I-IPADDRESS I-IPADDRESS I-IPADDRESS I-IPADDRESS I-IPADDRESS I-IPADDRESS I-IPADDRESS I-IPADDRESS I-IPADDRESS I-IPADDRESS I-IPADDRESS I-IPADDRESS I-IPADDRESS I-IPADDRESS I-IPADDRESS I-IPADDRESS I-IPADDRESS I-IPADDRESS I-IPADDRESS I-IPADDRESS I-IPADDRESS I-IPADDRESS I-IPADDRESS I-IPADDRESS I-IPADDRESS I-IPADDRESS I-IPADDRESS I-IPADDRESS I-IPADDRESS I-IPADDRESS I-IPADDRESS I-IPADDRESS O O O O O O O B-BITCOINADDRESS I-BITCOINADDRESS I-BITCOINADDRESS I-BITCOINADDRESS I-BITCOINADDRESS I-BITCOINADDRESS I-BITCOINADDRESS I-BITCOINADDRESS I-BITCOINADDRESS I-BITCOINADDRESS I-BITCOINADDRESS I-BITCOINADDRESS I-BITCOINADDRESS I-BITCOINADDRESS I-BITCOINADDRESS I-BITCOINADDRESS I-BITCOINADDRESS I-BITCOINADDRESS I-BITCOINADDRESS I-BITCOINADDRESS I-BITCOINADDRESS I-BITCOINADDRESS I-BITCOINADDRESS I-BITCOINADDRESS O O O O O B-JOBTITLE I-JOBTITLE O O O O O O O O O O O,0.6666666666666666,"[{""type"": ""IPADDRESS"", ""start"": 0, ""end"": 31, ""text"": ""▁1 f b 5 : c 151 : 7 d 65 : d 5 d 1: e 89 d : de 4 f :1 a a 2 : 88 a 9""}, {""type"": ""BITCOINADDRESS"", ""start"": 43, ""end"": 66, ""text"": ""▁1 y J y PP t D X p Ed jk 6 b G ba Q 4 JN d 1 o 6 d""}, {""type"": ""JOBTYPE"", ""start"": 72, ""end"": 76, ""text"": ""▁Chuyên ▁viên ▁tư ▁vấn""}]","[{""type"": ""IPADDRESS"", ""start"": 0, ""end"": 31, ""text"": ""▁1 f b 5 : c 151 : 7 d 65 : d 5 d 1: e 89 d : de 4 f :1 a a 2 : 88 a 9""}, {""type"": ""BITCOINADDRESS"", ""start"": 43, ""end"": 66, ""text"": ""▁1 y J y PP t D X p Ed jk 6 b G ba Q 4 JN d 1 o 6 d""}, {""type"": ""JOBTITLE"", ""start"": 72, ""end"": 76, ""text"": ""▁Chuyên ▁viên ▁tư ▁vấn""}]",B-IPADDRESS I-IPADDRESS I-IPADDRESS I-IPADDRESS I-IPADDRESS I-IPADDRESS I-IPADDRESS I-IPADDRESS I-IPADDRESS I-IPADDRESS I-IPADDRESS I-IPADDRESS I-IPADDRESS I-IPADDRESS I-IPADDRESS I-IPADDRESS I-IPADDRESS I-IPADDRESS I-IPADDRESS I-IPADDRESS I-IPADDRESS I-IPADDRESS I-IPADDRESS I-IPADDRESS I-IPADDRESS I-IPADDRESS I-IPADDRESS I-IPADDRESS I-IPADDRESS I-IPADDRESS I-IPADDRESS O O O O O O O O O O O O B-BITCOINADDRESS I-BITCOINADDRESS I-BITCOINADDRESS I-BITCOINADDRESS I-BITCOINADDRESS I-BITCOINADDRESS I-BITCOINADDRESS I-BITCOINADDRESS I-BITCOINADDRESS I-BITCOINADDRESS I-BITCOINADDRESS I-BITCOINADDRESS I-BITCOINADDRESS I-BITCOINADDRESS I-BITCOINADDRESS I-BITCOINADDRESS I-BITCOINADDRESS I-BITCOINADDRESS I-BITCOINADDRESS I-BITCOINADDRESS I-BITCOINADDRESS I-BITCOINADDRESS I-BITCOINADDRESS O O O O O O B-JOBTYPE I-JOBTYPE I-JOBTYPE I-JOBTYPE O O O O O O O O O O O O O O,B-IPADDRESS I-IPADDRESS I-IPADDRESS I-IPADDRESS I-IPADDRESS I-IPADDRESS I-IPADDRESS I-IPADDRESS I-IPADDRESS I-IPADDRESS I-IPADDRESS I-IPADDRESS I-IPADDRESS I-IPADDRESS I-IPADDRESS I-IPADDRESS I-IPADDRESS I-IPADDRESS I-IPADDRESS I-IPADDRESS I-IPADDRESS I-IPADDRESS I-IPADDRESS I-IPADDRESS I-IPADDRESS I-IPADDRESS I-IPADDRESS I-IPADDRESS I-IPADDRESS I-IPADDRESS I-IPADDRESS O O O O O O O O O O O O B-BITCOINADDRESS I-BITCOINADDRESS I-BITCOINADDRESS I-BITCOINADDRESS I-BITCOINADDRESS I-BITCOINADDRESS I-BITCOINADDRESS I-BITCOINADDRESS I-BITCOINADDRESS I-BITCOINADDRESS I-BITCOINADDRESS I-BITCOINADDRESS I-BITCOINADDRESS I-BITCOINADDRESS I-BITCOINADDRESS I-BITCOINADDRESS I-BITCOINADDRESS I-BITCOINADDRESS I-BITCOINADDRESS I-BITCOINADDRESS I-BITCOINADDRESS I-BITCOINADDRESS I-BITCOINADDRESS O O O O O O B-JOBTITLE I-JOBTITLE I-JOBTITLE I-JOBTITLE O O O O O O O O O O O O O O
5449,"Do sự cố mất điện bất ngờ, cuộc hẹn của bạn với bác sĩ Hoàng đã được dời lại vào ngày 16-02-1981 lúc 12:14. Xin lỗi vì sự bất tiện này.",True,0.6666666666666666,"[{""type"": ""LASTNAME"", ""start"": 12, ""end"": 13, ""text"": ""Hoàng""}, {""type"": ""DATE"", ""start"": 18, ""end"": 23, ""text"": ""ngày 16-@@ 0@@ 2-@@ 1981""}, {""type"": ""TIME"", ""start"": 24, ""end"": 27, ""text"": ""12@@ :1 4""}]","[{""type"": ""MIDDLENAME"", ""start"": 12, ""end"": 13, ""text"": ""Hoàng""}, {""type"": ""DATE"", ""start"": 18, ""end"": 23, ""text"": ""ngày 16-@@ 0@@ 2-@@ 1981""}, {""type"": ""TIME"", ""start"": 24, ""end"": 27, ""text"": ""12@@ :1 4""}]",O O O O O O O O O O O O B-LASTNAME O O O O O B-DATE I-DATE I-DATE I-DATE I-DATE O B-TIME I-TIME I-TIME O O O O O O O,O O O O O O O O O O O O B-MIDDLENAME O O O O O B-DATE I-DATE I-DATE I-DATE I-DATE O B-TIME I-TIME I-TIME O O O O O O O,0.6666666666666666,"[{""type"": ""LASTNAME"", ""start"": 12, ""end"": 13, ""text"": ""Hoàng""}, {""type"": ""DATE"", ""start"": 18, ""end"": 23, ""text"": ""ngày 16-@@ 0@@ 2-@@ 1981""}, {""type"": ""TIME"", ""start"": 24, ""end"": 27, ""text"": ""12@@ :1 4""}]","[{""type"": ""MIDDLENAME"", ""start"": 12, ""end"": 13, ""text"": ""Hoàng""}, {""type"": ""DATE"", ""start"": 18, ""end"": 23, ""text"": ""ngày 16-@@ 0@@ 2-@@ 1981""}, {""type"": ""TIME"", ""start"": 24, ""end"": 27, ""text"": ""12@@ :1 4""}]",O O O O O O O O O O O O B-LASTNAME O O O O O B-DATE I-DATE I-DATE I-DATE I-DATE O B-TIME I-TIME I-TIME O O O O O O O,O O O O O O O O O O O O B-MIDDLENAME O O O O O B-DATE I-DATE I-DATE I-DATE I-DATE O B-TIME I-TIME I-TIME O O O O O O O,0.3333333333333333,"[{""type"": ""LASTNAME"", ""start"": 12, ""end"": 13, ""text"": ""Hoàng""}, {""type"": ""DATE"", ""start"": 18, ""end"": 23, ""text"": ""ngày 16-@@ 0@@ 2-@@ 1981""}, {""type"": ""TIME"", ""start"": 24, ""end"": 27, ""text"": ""12@@ :1 4""}]","[{""type"": ""MIDDLENAME"", ""start"": 12, ""end"": 13, ""text"": ""Hoàng""}, {""type"": ""DATE"", ""start"": 19, ""end"": 23, ""text"": ""16-@@ 0@@ 2-@@ 1981""}, {""type"": ""TIME"", ""start"": 24, ""end"": 27, ""text"": ""12@@ :1 4""}]",O O O O O O O O O O O O B-LASTNAME O O O O O B-DATE I-DATE I-DATE I-DATE I-DATE O B-TIME I-TIME I-TIME O O O O O O O,O O O O O O O O O O O O B-MIDDLENAME O O O O O O B-DATE I-DATE I-DATE I-DATE O B-TIME I-TIME I-TIME O O O O O O O,0.3333333333333333,"[{""type"": ""LASTNAME"", ""start"": 15, ""end"": 16, ""text"": ""▁Hoàng""}, {""type"": ""DATE"", ""start"": 22, ""end"": 26, ""text"": ""▁ngày ▁16 -02- 1981""}, {""type"": ""TIME"", ""start"": 27, ""end"": 29, ""text"": ""▁12 :14""}]","[{""type"": ""MIDDLENAME"", ""start"": 15, ""end"": 16, ""text"": ""▁Hoàng""}, {""type"": ""DATE"", ""start"": 23, ""end"": 26, ""text"": ""▁16 -02- 1981""}, {""type"": ""TIME"", ""start"": 27, ""end"": 29, ""text"": ""▁12 :14""}]",O O O O O O O O O O O O O O O B-LASTNAME O O O O O O B-DATE I-DATE I-DATE I-DATE O B-TIME I-TIME O O O O O O O O O,O O O O O O O O O O O O O O O B-MIDDLENAME O O O O O O O B-DATE I-DATE I-DATE O B-TIME I-TIME O O O O O O O O O
5492,"Thân gửi Bác, chúng tôi xin thông báo rằng chúng tôi đã ghi nhận sự quan tâm của bạn đối với chương trình hướng dẫn của chúng tôi. Bạn cần hoàn thành các mẫu đơn đính kèm và nộp trước ngày 01.01.1960.",True,0.5,"[{""type"": ""PREFIX"", ""start"": 2, ""end"": 3, ""text"": ""Bác""}, {""type"": ""DOB"", ""start"": 32, ""end"": 36, ""text"": ""0@@ 1.0@@ 1.@@ 1960""}]","[{""type"": ""PREFIX"", ""start"": 2, ""end"": 3, ""text"": ""Bác""}, {""type"": ""DATE"", ""start"": 32, ""end"": 36, ""text"": ""0@@ 1.0@@ 1.@@ 1960""}]",O O B-PREFIX O O O O O O O O O O O O O O O O O O O O O O O O O O O O O B-DOB I-DOB I-DOB I-DOB O,O O B-PREFIX O O O O O O O O O O O O O O O O O O O O O O O O O O O O O B-DATE I-DATE I-DATE I-DATE O,0.5,"[{""type"": ""PREFIX"", ""start"": 2, ""end"": 3, ""text"": ""Bác""}, {""type"": ""DOB"", ""start"": 32, ""end"": 36, ""text"": ""0@@ 1.0@@ 1.@@ 1960""}]","[{""type"": ""PREFIX"", ""start"": 2, ""end"": 3, ""text"": ""Bác""}, {""type"": ""DATE"", ""start"": 32, ""end"": 36, ""text"": ""0@@ 1.0@@ 1.@@ 1960""}]",O O B-PREFIX O O O O O O O O O O O O O O O O O O O O O O O O O O O O O B-DOB I-DOB I-DOB I-DOB O,O O B-PREFIX O O O O O O O O O O O O O O O O O O O O O O O O O O O O O B-DATE I-DATE I-DATE I-DATE O,0.5,"[{""type"": ""PREFIX"", ""start"": 2, ""end"": 3, ""text"": ""Bác""}, {""type"": ""DOB"", ""start"": 32, ""end"": 36, ""text"": ""0@@ 1.0@@ 1.@@ 1960""}]","[{""type"": ""PREFIX"", ""start"": 2, ""end"": 3, ""text"": ""Bác""}, {""type"": ""DATE"", ""start"": 32, ""end"": 36, ""text"": ""0@@ 1.0@@ 1.@@ 1960""}]",O O B-PREFIX O O O O O O O O O O O O O O O O O O O O O O O O O O O O O B-DOB I-DOB I-DOB I-DOB O,O O B-PREFIX O O O O O O O O O O O O O O O O O O O O O O O O O O O O O B-DATE I-DATE I-DATE I-DATE O,0.5,"[{""type"": ""PREFIX"", ""start"": 2, ""end"": 3, ""text"": ""▁Bác""}, {""type"": ""DOB"", ""start"": 43, ""end"": 45, ""text"": ""▁01.01. 1960""}]","[{""type"": ""PREFIX"", ""start"": 2, ""end"": 3, ""text"": ""▁Bác""}, {""type"": ""DATE"", ""start"": 43, ""end"": 45, ""text"": ""▁01.01. 1960""}]",O O B-PREFIX O O O O O O O O O O O O O O O O O O O O O O O O O O O O O O O O O O O O O O O O B-DOB I-DOB O,O O B-PREFIX O O O O O O O O O O O O O O O O O O O O O O O O O O O O O O O O O O O O O O O O B-DATE I-DATE O
5545,"Chào Nam, thẻ tín dụng 0451840092419455 của bạn đã bị từ chối. Bạn có thể cung cấp thẻ khác để thực hiện giao dịch không?",True,0.5,"[{""type"": ""FIRSTNAME"", ""start"": 1, ""end"": 2, ""text"": ""Nam""}, {""type"": ""CREDITCARDNUMBER"", ""start"": 4, ""end"": 12, ""text"": ""0@@ 45@@ 18@@ 400@@ 9@@ 24@@ 194@@ 55""}]","[{""type"": ""SEX"", ""start"": 1, ""end"": 2, ""text"": ""Nam""}, {""type"": ""CREDITCARDNUMBER"", ""start"": 4, ""end"": 12, ""text"": ""0@@ 45@@ 18@@ 400@@ 9@@ 24@@ 194@@ 55""}]",O B-FIRSTNAME O O B-CREDITCARDNUMBER I-CREDITCARDNUMBER I-CREDITCARDNUMBER I-CREDITCARDNUMBER I-CREDITCARDNUMBER I-CREDITCARDNUMBER I-CREDITCARDNUMBER I-CREDITCARDNUMBER O O O O O O O O O O O O O O O O,O B-SEX O O B-CREDITCARDNUMBER I-CREDITCARDNUMBER I-CREDITCARDNUMBER I-CREDITCARDNUMBER I-CREDITCARDNUMBER I-CREDITCARDNUMBER I-CREDITCARDNUMBER I-CREDITCARDNUMBER O O O O O O O O O O O O O O O O,0.5,"[{""type"": ""FIRSTNAME"", ""start"": 1, ""end"": 2, ""text"": ""Nam""}, {""type"": ""CREDITCARDNUMBER"", ""start"": 4, ""end"": 12, ""text"": ""0@@ 45@@ 18@@ 400@@ 9@@ 24@@ 194@@ 55""}]","[{""type"": ""SEX"", ""start"": 1, ""end"": 2, ""text"": ""Nam""}, {""type"": ""CREDITCARDNUMBER"", ""start"": 4, ""end"": 12, ""text"": ""0@@ 45@@ 18@@ 400@@ 9@@ 24@@ 194@@ 55""}]",O B-FIRSTNAME O O B-CREDITCARDNUMBER I-CREDITCARDNUMBER I-CREDITCARDNUMBER I-CREDITCARDNUMBER I-CREDITCARDNUMBER I-CREDITCARDNUMBER I-CREDITCARDNUMBER I-CREDITCARDNUMBER O O O O O O O O O O O O O O O O,O B-SEX O O B-CREDITCARDNUMBER I-CREDITCARDNUMBER I-CREDITCARDNUMBER I-CREDITCARDNUMBER I-CREDITCARDNUMBER I-CREDITCARDNUMBER I-CREDITCARDNUMBER I-CREDITCARDNUMBER O O O O O O O O O O O O O O O O,0.5,"[{""type"": ""FIRSTNAME"", ""start"": 1, ""end"": 2, ""text"": ""Nam""}, {""type"": ""CREDITCARDNUMBER"", ""start"": 4, ""end"": 12, ""text"": ""0@@ 45@@ 18@@ 400@@ 9@@ 24@@ 194@@ 55""}]","[{""type"": ""SEX"", ""start"": 1, ""end"": 2, ""text"": ""Nam""}, {""type"": ""CREDITCARDNUMBER"", ""start"": 4, ""end"": 12, ""text"": ""0@@ 45@@ 18@@ 400@@ 9@@ 24@@ 194@@ 55""}]",O B-FIRSTNAME O O B-CREDITCARDNUMBER I-CREDITCARDNUMBER I-CREDITCARDNUMBER I-CREDITCARDNUMBER I-CREDITCARDNUMBER I-CREDITCARDNUMBER I-CREDITCARDNUMBER I-CREDITCARDNUMBER O O O O O O O O O O O O O O O O,O B-SEX O O B-CREDITCARDNUMBER I-CREDITCARDNUMBER I-CREDITCARDNUMBER I-CREDITCARDNUMBER I-CREDITCARDNUMBER I-CREDITCARDNUMBER I-CREDITCARDNUMBER I-CREDITCARDNUMBER O O O O O O O O O O O O O O O O,0.5,"[{""type"": ""FIRSTNAME"", ""start"": 1, ""end"": 2, ""text"": ""▁Nam""}, {""type"": ""CREDITCARDNUMBER"", ""start"": 6, ""end"": 13, ""text"": ""▁04 51 84 009 24 1945 5""}]","[{""type"": ""SEX"", ""start"": 1, ""end"": 2, ""text"": ""▁Nam""}, {""type"": ""CREDITCARDNUMBER"", ""start"": 6, ""end"": 13, ""text"": ""▁04 51 84 009 24 1945 5""}]",O B-FIRSTNAME O O O O B-CREDITCARDNUMBER I-CREDITCARDNUMBER I-CREDITCARDNUMBER I-CREDITCARDNUMBER I-CREDITCARDNUMBER I-CREDITCARDNUMBER I-CREDITCARDNUMBER O O O O O O O O O O O O O O O O O O O O O,O B-SEX O O O O B-CREDITCARDNUMBER I-CREDITCARDNUMBER I-CREDITCARDNUMBER I-CREDITCARDNUMBER I-CREDITCARDNUMBER I-CREDITCARDNUMBER I-CREDITCARDNUMBER O O O O O O O O O O O O O O O O O O O O O
5634,Cần sắp xếp một cuộc hẹn ngay lập tức cho Ánh. Vai trò Giáo viên của cô ấy có thể góp phần vào tình trạng sức khỏe tâm thần đang xấu đi của cô ấy.,True,0.5,"[{""type"": ""FIRSTNAME"", ""start"": 7, ""end"": 8, ""text"": ""Ánh""}, {""type"": ""JOBTYPE"", ""start"": 10, ""end"": 11, ""text"": ""Giáo_viên""}]","[{""type"": ""FIRSTNAME"", ""start"": 7, ""end"": 8, ""text"": ""Ánh""}, {""type"": ""JOBTITLE"", ""start"": 10, ""end"": 11, ""text"": ""Giáo_viên""}]",O O O O O O O B-FIRSTNAME O O B-JOBTYPE O O O O O O O O O O O O O O O O,O O O O O O O B-FIRSTNAME O O B-JOBTITLE O O O O O O O O O O O O O O O O,0.5,"[{""type"": ""FIRSTNAME"", ""start"": 7, ""end"": 8, ""text"": ""Ánh""}, {""type"": ""JOBTYPE"", ""start"": 10, ""end"": 11, ""text"": ""Giáo_viên""}]","[{""type"": ""FIRSTNAME"", ""start"": 7, ""end"": 8, ""text"": ""Ánh""}, {""type"": ""JOBTITLE"", ""start"": 10, ""end"": 11, ""text"": ""Giáo_viên""}]",O O O O O O O B-FIRSTNAME O O B-JOBTYPE O O O O O O O O O O O O O O O O,O O O O O O O B-FIRSTNAME O O B-JOBTITLE O O O O O O O O O O O O O O O O,0.5,"[{""type"": ""FIRSTNAME"", ""start"": 7, ""end"": 8, ""text"": ""Ánh""}, {""type"": ""JOBTYPE"", ""start"": 10, ""end"": 11, ""text"": ""Giáo_viên""}]","[{""type"": ""FIRSTNAME"", ""start"": 7, ""end"": 8, ""text"": ""Ánh""}, {""type"": ""JOBTITLE"", ""start"": 10, ""end"": 11, ""text"": ""Giáo_viên""}]",O O O O O O O B-FIRSTNAME O O B-JOBTYPE O O O O O O O O O O O O O O O O,O O O O O O O B-FIRSTNAME O O B-JOBTITLE O O O O O O O O O O O O O O O O,0.5,"[{""type"": ""FIRSTNAME"", ""start"": 10, ""end"": 12, ""text"": ""▁Á nh""}, {""type"": ""JOBTYPE"", ""start"": 15, ""end"": 17, ""text"": ""▁Giáo ▁viên""}]","[{""type"": ""FIRSTNAME"", ""start"": 10, ""end"": 12, ""text"": ""▁Á nh""}, {""type"": ""JOBTITLE"", ""start"": 15, ""end"": 17, ""text"": ""▁Giáo ▁viên""}]",O O O O O O O O O O B-FIRSTNAME I-FIRSTNAME O O O B-JOBTYPE I-JOBTYPE O O O O O O O O O O O O O O O O O O O O O,O O O O O O O O O O B-FIRSTNAME I-FIRSTNAME O O O B-JOBTITLE I-JOBTITLE O O O O O O O O O O O O O O O O O O O O O
5691,Tôi muốn đặt một cuộc hẹn theo dõi chăm sóc sức khỏe ban đầu tại phòng khám Phố Nguyễn Trãi. Xin vui lòng lên lịch cho ngày ngày 18 tháng Tư năm 1963 nếu có thể. Số bảo hiểm 5104782908684415.,True,0.6666666666666666,"[{""type"": ""STREET"", ""start"": 12, ""end"": 14, ""text"": ""Phố Nguyễn_Trãi""}, {""type"": ""DATE"", ""start"": 21, ""end"": 26, ""text"": ""18 tháng Tư năm 1963""}, {""type"": ""CREDITCARDNUMBER"", ""start"": 31, ""end"": 39, ""text"": ""510@@ 47@@ 8@@ 29@@ 08@@ 68@@ 44@@ 15""}]","[{""type"": ""STREET"", ""start"": 12, ""end"": 14, ""text"": ""Phố Nguyễn_Trãi""}, {""type"": ""DOB"", ""start"": 21, ""end"": 26, ""text"": ""18 tháng Tư năm 1963""}, {""type"": ""CREDITCARDNUMBER"", ""start"": 31, ""end"": 39, ""text"": ""510@@ 47@@ 8@@ 29@@ 08@@ 68@@ 44@@ 15""}]",O O O O O O O O O O O O B-STREET I-STREET O O O O O O O I-DATE I-DATE I-DATE I-DATE I-DATE O O O O O B-CREDITCARDNUMBER I-CREDITCARDNUMBER I-CREDITCARDNUMBER I-CREDITCARDNUMBER I-CREDITCARDNUMBER I-CREDITCARDNUMBER I-CREDITCARDNUMBER I-CREDITCARDNUMBER O,O O O O O O O O O O O O B-STREET I-STREET O O O O O O O I-DOB I-DOB I-DOB I-DOB I-DOB O O O O O B-CREDITCARDNUMBER I-CREDITCARDNUMBER I-CREDITCARDNUMBER I-CREDITCARDNUMBER I-CREDITCARDNUMBER I-CREDITCARDNUMBER I-CREDITCARDNUMBER I-CREDITCARDNUMBER O,0.6666666666666666,"[{""type"": ""STREET"", ""start"": 12, ""end"": 14, ""text"": ""Phố Nguyễn_Trãi""}, {""type"": ""DATE"", ""start"": 21, ""end"": 26, ""text"": ""18 tháng Tư năm 1963""}, {""type"": ""CREDITCARDNUMBER"", ""start"": 31, ""end"": 39, ""text"": ""510@@ 47@@ 8@@ 29@@ 08@@ 68@@ 44@@ 15""}]","[{""type"": ""STREET"", ""start"": 12, ""end"": 14, ""text"": ""Phố Nguyễn_Trãi""}, {""type"": ""DATE"", ""start"": 21, ""end"": 26, ""text"": ""18 tháng Tư năm 1963""}, {""type"": ""IBAN"", ""start"": 31, ""end"": 39, ""text"": ""510@@ 47@@ 8@@ 29@@ 08@@ 68@@ 44@@ 15""}]",O O O O O O O O O O O O B-STREET I-STREET O O O O O O O I-DATE I-DATE I-DATE I-DATE I-DATE O O O O O B-CREDITCARDNUMBER I-CREDITCARDNUMBER I-CREDITCARDNUMBER I-CREDITCARDNUMBER I-CREDITCARDNUMBER I-CREDITCARDNUMBER I-CREDITCARDNUMBER I-CREDITCARDNUMBER O,O O O O O O O O O O O O B-STREET I-STREET O O O O O O O I-DATE I-DATE I-DATE I-DATE I-DATE O O O O O B-IBAN I-IBAN I-IBAN I-IBAN I-IBAN I-IBAN I-IBAN I-IBAN O,0.3333333333333333,"[{""type"": ""STREET"", ""start"": 12, ""end"": 14, ""text"": ""Phố Nguyễn_Trãi""}, {""type"": ""DATE"", ""start"": 21, ""end"": 26, ""text"": ""18 tháng Tư năm 1963""}, {""type"": ""CREDITCARDNUMBER"", ""start"": 31, ""end"": 39, ""text"": ""510@@ 47@@ 8@@ 29@@ 08@@ 68@@ 44@@ 15""}]","[{""type"": ""STREET"", ""start"": 12, ""end"": 14, ""text"": ""Phố Nguyễn_Trãi""}, {""type"": ""DOB"", ""start"": 21, ""end"": 26, ""text"": ""18 tháng Tư năm 1963""}, {""type"": ""MASKEDNUMBER"", ""start"": 31, ""end"": 39, ""text"": ""510@@ 47@@ 8@@ 29@@ 08@@ 68@@ 44@@ 15""}]",O O O O O O O O O O O O B-STREET I-STREET O O O O O O O I-DATE I-DATE I-DATE I-DATE I-DATE O O O O O B-CREDITCARDNUMBER I-CREDITCARDNUMBER I-CREDITCARDNUMBER I-CREDITCARDNUMBER I-CREDITCARDNUMBER I-CREDITCARDNUMBER I-CREDITCARDNUMBER I-CREDITCARDNUMBER O,O O O O O O O O O O O O B-STREET I-STREET O O O O O O O I-DOB I-DOB I-DOB I-DOB I-DOB O O O O O B-MASKEDNUMBER I-MASKEDNUMBER I-MASKEDNUMBER I-MASKEDNUMBER I-MASKEDNUMBER I-MASKEDNUMBER I-MASKEDNUMBER I-MASKEDNUMBER O,0.6666666666666666,"[{""type"": ""STREET"", ""start"": 17, ""end"": 22, ""text"": ""▁Phố ▁Nguyễn ▁Tr ã i""}, {""type"": ""DATE"", ""start"": 30, ""end"": 36, ""text"": ""▁ngày ▁18 ▁tháng ▁Tư ▁năm ▁1963""}, {""type"": ""CREDITCARDNUMBER"", ""start"": 43, ""end"": 49, ""text"": ""▁510 478 290 868 44 15""}]","[{""type"": ""STREET"", ""start"": 17, ""end"": 22, ""text"": ""▁Phố ▁Nguyễn ▁Tr ã i""}, {""type"": ""DATE"", ""start"": 30, ""end"": 36, ""text"": ""▁ngày ▁18 ▁tháng ▁Tư ▁năm ▁1963""}, {""type"": ""MASKEDNUMBER"", ""start"": 43, ""end"": 49, ""text"": ""▁510 478 290 868 44 15""}]",O O O O O O O O O O O O O O O O O B-STREET I-STREET I-STREET I-STREET I-STREET O O O O O O O O B-DATE I-DATE I-DATE I-DATE I-DATE I-DATE O O O O O O O B-CREDITCARDNUMBER I-CREDITCARDNUMBER I-CREDITCARDNUMBER I-CREDITCARDNUMBER I-CREDITCARDNUMBER I-CREDITCARDNUMBER O,O O O O O O O O O O O O O O O O O B-STREET I-STREET I-STREET I-STREET I-STREET O O O O O O O O B-DATE I-DATE I-DATE I-DATE I-DATE I-DATE O O O O O O O B-MASKEDNUMBER I-MASKEDNUMBER I-MASKEDNUMBER I-MASKEDNUMBER I-MASKEDNUMBER I-MASKEDNUMBER O
5717,"Sau khi kiểm tra dữ liệu gần đây, tại đại hạng Nam xảy ra sự tăng lên số lượng trường hợp. Rõ rệt trong đó, trong nhóm tuổi 44 đến 38 xảy ra xu hướng quá trọng.",True,0.4,"[{""type"": ""ORDINALDIRECTION"", ""start"": 10, ""end"": 11, ""text"": ""Nam""}, {""type"": ""AGE"", ""start"": 30, ""end"": 31, ""text"": ""ra""}]","[{""type"": ""ORDINALDIRECTION"", ""start"": 10, ""end"": 11, ""text"": ""Nam""}, {""type"": ""AGE"", ""start"": 26, ""end"": 27, ""text"": ""44""}, {""type"": ""AGE"", ""start"": 28, ""end"": 29, ""text"": ""38""}]",O O O O O O O O O O B-ORDINALDIRECTION O O O O O O O O O O O O O O O O O O O B-AGE O O O O,O O O O O O O O O O B-ORDINALDIRECTION O O O O O O O O O O O O O O O B-AGE O B-AGE O O O O O O,0.0,"[{""type"": ""ORDINALDIRECTION"", ""start"": 10, ""end"": 11, ""text"": ""Nam""}, {""type"": ""AGE"", ""start"": 30, ""end"": 31, ""text"": ""ra""}]","[{""type"": ""SEX"", ""start"": 10, ""end"": 11, ""text"": ""Nam""}, {""type"": ""AGE"", ""start"": 26, ""end"": 27, ""text"": ""44""}, {""type"": ""AGE"", ""start"": 28, ""end"": 29, ""text"": ""38""}]",O O O O O O O O O O B-ORDINALDIRECTION O O O O O O O O O O O O O O O O O O O B-AGE O O O O,O O O O O O O O O O B-SEX O O O O O O O O O O O O O O O B-AGE O B-AGE O O O O O O,0.0,"[{""type"": ""ORDINALDIRECTION"", ""start"": 10, ""end"": 11, ""text"": ""Nam""}, {""type"": ""AGE"", ""start"": 30, ""end"": 31, ""text"": ""ra""}]","[{""type"": ""SEX"", ""start"": 10, ""end"": 11, ""text"": ""Nam""}, {""type"": ""AGE"", ""start"": 26, ""end"": 27, ""text"": ""44""}, {""type"": ""AGE"", ""start"": 28, ""end"": 29, ""text"": ""38""}]",O O O O O O O O O O B-ORDINALDIRECTION O O O O O O O O O O O O O O O O O O O B-AGE O O O O,O O O O O O O O O O B-SEX O O O O O O O O O O O O O O O B-AGE O B-AGE O O O O O O,0.6666666666666666,"[{""type"": ""ORDINALDIRECTION"", ""start"": 12, ""end"": 13, ""text"": ""▁Nam""}, {""type"": ""AGE"", ""start"": 34, ""end"": 35, ""text"": ""▁44""}, {""type"": ""AGE"", ""start"": 36, ""end"": 37, ""text"": ""▁38""}]","[{""type"": ""SEX"", ""start"": 12, ""end"": 13, ""text"": ""▁Nam""}, {""type"": ""AGE"", ""start"": 34, ""end"": 35, ""text"": ""▁44""}, {""type"": ""AGE"", ""start"": 36, ""end"": 37, ""text"": ""▁38""}]",O O O O O O O O O O O O B-ORDINALDIRECTION O O O O O O O O O O O O O O O O O O O O O B-AGE O B-AGE O O O O O O O O,O O O O O O O O O O O O B-SEX O O O O O O O O O O O O O O O O O O O O O B-AGE O B-AGE O O O O O O O O
5770,"Là Quản trị viên Web (Kỹ sư phần mềm trong Điện tử), truy cập vào cơ sở dữ liệu qua IP 252.185.36.48. Sử dụng mật khẩu (Q7Uxqb1YmLEQ) để xem dữ liệu đánh giá sinh viên.",True,0.75,"[{""type"": ""JOBTYPE"", ""start"": 5, ""end"": 7, ""text"": ""Kỹ_sư phần_mềm""}, {""type"": ""JOBAREA"", ""start"": 8, ""end"": 9, ""text"": ""Điện_tử""}, {""type"": ""IPADDRESS"", ""start"": 16, ""end"": 22, ""text"": ""25@@ 2.@@ 18@@ 5.@@ 36.@@ 48""}, {""type"": ""PASSWORD"", ""start"": 26, ""end"": 37, ""text"": ""Q 7 U@@ x@@ q@@ b 1 Y@@ m@@ LE@@ Q""}]","[{""type"": ""JOBTITLE"", ""start"": 5, ""end"": 7, ""text"": ""Kỹ_sư phần_mềm""}, {""type"": ""JOBAREA"", ""start"": 8, ""end"": 9, ""text"": ""Điện_tử""}, {""type"": ""IPADDRESS"", ""start"": 16, ""end"": 22, ""text"": ""25@@ 2.@@ 18@@ 5.@@ 36.@@ 48""}, {""type"": ""PASSWORD"", ""start"": 26, ""end"": 37, ""text"": ""Q 7 U@@ x@@ q@@ b 1 Y@@ m@@ LE@@ Q""}]",O O O O O B-JOBTYPE I-JOBTYPE O B-JOBAREA O O O O O O O B-IPADDRESS I-IPADDRESS I-IPADDRESS I-IPADDRESS I-IPADDRESS I-IPADDRESS O O O O B-PASSWORD I-PASSWORD I-PASSWORD I-PASSWORD I-PASSWORD I-PASSWORD I-PASSWORD I-PASSWORD I-PASSWORD I-PASSWORD I-PASSWORD O O O O O O O,O O O O O B-JOBTITLE I-JOBTITLE O B-JOBAREA O O O O O O O B-IPADDRESS I-IPADDRESS I-IPADDRESS I-IPADDRESS I-IPADDRESS I-IPADDRESS O O O O B-PASSWORD I-PASSWORD I-PASSWORD I-PASSWORD I-PASSWORD I-PASSWORD I-PASSWORD I-PASSWORD I-PASSWORD I-PASSWORD I-PASSWORD O O O O O O O,0.75,"[{""type"": ""JOBTYPE"", ""start"": 5, ""end"": 7, ""text"": ""Kỹ_sư phần_mềm""}, {""type"": ""JOBAREA"", ""start"": 8, ""end"": 9, ""text"": ""Điện_tử""}, {""type"": ""IPADDRESS"", ""start"": 16, ""end"": 22, ""text"": ""25@@ 2.@@ 18@@ 5.@@ 36.@@ 48""}, {""type"": ""PASSWORD"", ""start"": 26, ""end"": 37, ""text"": ""Q 7 U@@ x@@ q@@ b 1 Y@@ m@@ LE@@ Q""}]","[{""type"": ""JOBTITLE"", ""start"": 5, ""end"": 7, ""text"": ""Kỹ_sư phần_mềm""}, {""type"": ""JOBAREA"", ""start"": 8, ""end"": 9, ""text"": ""Điện_tử""}, {""type"": ""IPADDRESS"", ""start"": 16, ""end"": 22, ""text"": ""25@@ 2.@@ 18@@ 5.@@ 36.@@ 48""}, {""type"": ""PASSWORD"", ""start"": 26, ""end"": 37, ""text"": ""Q 7 U@@ x@@ q@@ b 1 Y@@ m@@ LE@@ Q""}]",O O O O O B-JOBTYPE I-JOBTYPE O B-JOBAREA O O O O O O O B-IPADDRESS I-IPADDRESS I-IPADDRESS I-IPADDRESS I-IPADDRESS I-IPADDRESS O O O O B-PASSWORD I-PASSWORD I-PASSWORD I-PASSWORD I-PASSWORD I-PASSWORD I-PASSWORD I-PASSWORD I-PASSWORD I-PASSWORD I-PASSWORD O O O O O O O,O O O O O B-JOBTITLE I-JOBTITLE O B-JOBAREA O O O O O O O B-IPADDRESS I-IPADDRESS I-IPADDRESS I-IPADDRESS I-IPADDRESS I-IPADDRESS O O O O B-PASSWORD I-PASSWORD I-PASSWORD I-PASSWORD I-PASSWORD I-PASSWORD I-PASSWORD I-PASSWORD I-PASSWORD I-PASSWORD I-PASSWORD O O O O O O O,0.75,"[{""type"": ""JOBTYPE"", ""start"": 5, ""end"": 7, ""text"": ""Kỹ_sư phần_mềm""}, {""type"": ""JOBAREA"", ""start"": 8, ""end"": 9, ""text"": ""Điện_tử""}, {""type"": ""IPADDRESS"", ""start"": 16, ""end"": 22, ""text"": ""25@@ 2.@@ 18@@ 5.@@ 36.@@ 48""}, {""type"": ""PASSWORD"", ""start"": 26, ""end"": 37, ""text"": ""Q 7 U@@ x@@ q@@ b 1 Y@@ m@@ LE@@ Q""}]","[{""type"": ""JOBTITLE"", ""start"": 5, ""end"": 7, ""text"": ""Kỹ_sư phần_mềm""}, {""type"": ""JOBAREA"", ""start"": 8, ""end"": 9, ""text"": ""Điện_tử""}, {""type"": ""IPADDRESS"", ""start"": 16, ""end"": 22, ""text"": ""25@@ 2.@@ 18@@ 5.@@ 36.@@ 48""}, {""type"": ""PASSWORD"", ""start"": 26, ""end"": 37, ""text"": ""Q 7 U@@ x@@ q@@ b 1 Y@@ m@@ LE@@ Q""}]",O O O O O B-JOBTYPE I-JOBTYPE O B-JOBAREA O O O O O O O B-IPADDRESS I-IPADDRESS I-IPADDRESS I-IPADDRESS I-IPADDRESS I-IPADDRESS O O O O B-PASSWORD I-PASSWORD I-PASSWORD I-PASSWORD I-PASSWORD I-PASSWORD I-PASSWORD I-PASSWORD I-PASSWORD I-PASSWORD I-PASSWORD O O O O O O O,O O O O O B-JOBTITLE I-JOBTITLE O B-JOBAREA O O O O O O O B-IPADDRESS I-IPADDRESS I-IPADDRESS I-IPADDRESS I-IPADDRESS I-IPADDRESS O O O O B-PASSWORD I-PASSWORD I-PASSWORD I-PASSWORD I-PASSWORD I-PASSWORD I-PASSWORD I-PASSWORD I-PASSWORD I-PASSWORD I-PASSWORD O O O O O O O,0.75,"[{""type"": ""JOBTYPE"", ""start"": 6, ""end"": 11, ""text"": ""K ỹ ▁sư ▁phần ▁mềm""}, {""type"": ""JOBAREA"", ""start"": 12, ""end"": 14, ""text"": ""▁Điện ▁tử""}, {""type"": ""IPADDRESS"", ""start"": 24, ""end"": 31, ""text"": ""▁25 2.1 85 . 36 . 48""}, {""type"": ""PASSWORD"", ""start"": 37, ""end"": 48, ""text"": ""Q 7 U x q b 1 Y m LE Q""}]","[{""type"": ""JOBTITLE"", ""start"": 6, ""end"": 11, ""text"": ""K ỹ ▁sư ▁phần ▁mềm""}, {""type"": ""JOBAREA"", ""start"": 12, ""end"": 14, ""text"": ""▁Điện ▁tử""}, {""type"": ""IPADDRESS"", ""start"": 24, ""end"": 31, ""text"": ""▁25 2.1 85 . 36 . 48""}, {""type"": ""PASSWORD"", ""start"": 37, ""end"": 48, ""text"": ""Q 7 U x q b 1 Y m LE Q""}]",O O O O O O B-JOBTYPE I-JOBTYPE I-JOBTYPE I-JOBTYPE I-JOBTYPE O B-JOBAREA I-JOBAREA O O O O O O O O O O B-IPADDRESS I-IPADDRESS I-IPADDRESS I-IPADDRESS I-IPADDRESS I-IPADDRESS I-IPADDRESS O O O O O O B-PASSWORD I-PASSWORD I-PASSWORD I-PASSWORD I-PASSWORD I-PASSWORD I-PASSWORD I-PASSWORD I-PASSWORD I-PASSWORD I-PASSWORD O O O O O O O O O O,O O O O O O B-JOBTITLE I-JOBTITLE I-JOBTITLE I-JOBTITLE I-JOBTITLE O B-JOBAREA I-JOBAREA O O O O O O O O O O B-IPADDRESS I-IPADDRESS I-IPADDRESS I-IPADDRESS I-IPADDRESS I-IPADDRESS I-IPADDRESS O O O O O O B-PASSWORD I-PASSWORD I-PASSWORD I-PASSWORD I-PASSWORD I-PASSWORD I-PASSWORD I-PASSWORD I-PASSWORD I-PASSWORD I-PASSWORD O O O O O O O O O O
5780,"Có gặp vấn đề về răng miệng nào không, Khanh? Hãy đặt lịch hẹn của bạn trước 23-09-1978 và nhận được giảm giá Solomon Islands Dollar trên tổng số tiền hóa đơn.",True,0.6666666666666666,"[{""type"": ""FIRSTNAME"", ""start"": 9, ""end"": 10, ""text"": ""Khanh""}, {""type"": ""DOB"", ""start"": 18, ""end"": 22, ""text"": ""23-@@ 0@@ 9-@@ 1978""}, {""type"": ""CURRENCY"", ""start"": 26, ""end"": 33, ""text"": ""Solo@@ mon_@@ Is@@ land@@ s_@@ Dol@@ lar""}]","[{""type"": ""FIRSTNAME"", ""start"": 9, ""end"": 10, ""text"": ""Khanh""}, {""type"": ""DATE"", ""start"": 18, ""end"": 22, ""text"": ""23-@@ 0@@ 9-@@ 1978""}, {""type"": ""CURRENCY"", ""start"": 26, ""end"": 33, ""text"": ""Solo@@ mon_@@ Is@@ land@@ s_@@ Dol@@ lar""}]",O O O O O O O O O B-FIRSTNAME O O O O O O O O B-DOB I-DOB I-DOB I-DOB O O O O B-CURRENCY I-CURRENCY I-CURRENCY I-CURRENCY I-CURRENCY I-CURRENCY I-CURRENCY O O O O O,O O O O O O O O O B-FIRSTNAME O O O O O O O O B-DATE I-DATE I-DATE I-DATE O O O O B-CURRENCY I-CURRENCY I-CURRENCY I-CURRENCY I-CURRENCY I-CURRENCY I-CURRENCY O O O O O,0.6666666666666666,"[{""type"": ""FIRSTNAME"", ""start"": 9, ""end"": 10, ""text"": ""Khanh""}, {""type"": ""DOB"", ""start"": 18, ""end"": 22, ""text"": ""23-@@ 0@@ 9-@@ 1978""}, {""type"": ""CURRENCY"", ""start"": 26, ""end"": 33, ""text"": ""Solo@@ mon_@@ Is@@ land@@ s_@@ Dol@@ lar""}]","[{""type"": ""FIRSTNAME"", ""start"": 9, ""end"": 10, ""text"": ""Khanh""}, {""type"": ""DATE"", ""start"": 18, ""end"": 22, ""text"": ""23-@@ 0@@ 9-@@ 1978""}, {""type"": ""CURRENCY"", ""start"": 26, ""end"": 33, ""text"": ""Solo@@ mon_@@ Is@@ land@@ s_@@ Dol@@ lar""}]",O O O O O O O O O B-FIRSTNAME O O O O O O O O B-DOB I-DOB I-DOB I-DOB O O O O B-CURRENCY I-CURRENCY I-CURRENCY I-CURRENCY I-CURRENCY I-CURRENCY I-CURRENCY O O O O O,O O O O O O O O O B-FIRSTNAME O O O O O O O O B-DATE I-DATE I-DATE I-DATE O O O O B-CURRENCY I-CURRENCY I-CURRENCY I-CURRENCY I-CURRENCY I-CURRENCY I-CURRENCY O O O O O,0.5714285714285715,"[{""type"": ""FIRSTNAME"", ""start"": 9, ""end"": 10, ""text"": ""Khanh""}, {""type"": ""DOB"", ""start"": 18, ""end"": 22, ""text"": ""23-@@ 0@@ 9-@@ 1978""}, {""type"": ""CURRENCY"", ""start"": 26, ""end"": 33, ""text"": ""Solo@@ mon_@@ Is@@ land@@ s_@@ Dol@@ lar""}]","[{""type"": ""FIRSTNAME"", ""start"": 9, ""end"": 10, ""text"": ""Khanh""}, {""type"": ""DOB"", ""start"": 18, ""end"": 19, ""text"": ""23-@@""}, {""type"": ""DATE"", ""start"": 19, ""end"": 22, ""text"": ""0@@ 9-@@ 1978""}, {""type"": ""CURRENCY"", ""start"": 26, ""end"": 33, ""text"": ""Solo@@ mon_@@ Is@@ land@@ s_@@ Dol@@ lar""}]",O O O O O O O O O B-FIRSTNAME O O O O O O O O B-DOB I-DOB I-DOB I-DOB O O O O B-CURRENCY I-CURRENCY I-CURRENCY I-CURRENCY I-CURRENCY I-CURRENCY I-CURRENCY O O O O O,O O O O O O O O O B-FIRSTNAME O O O O O O O O B-DOB I-DATE I-DATE I-DATE O O O O B-CURRENCY I-CURRENCY I-CURRENCY I-CURRENCY I-CURRENCY I-CURRENCY I-CURRENCY O O O O O,0.6666666666666666,"[{""type"": ""FIRSTNAME"", ""start"": 10, ""end"": 12, ""text"": ""▁Khan h""}, {""type"": ""DOB"", ""start"": 20, ""end"": 23, ""text"": ""▁23 -09- 1978""}, {""type"": ""CURRENCY"", ""start"": 28, ""end"": 32, ""text"": ""▁Solomon ▁Island s ▁Dollar""}]","[{""type"": ""FIRSTNAME"", ""start"": 10, ""end"": 12, ""text"": ""▁Khan h""}, {""type"": ""DATE"", ""start"": 20, ""end"": 23, ""text"": ""▁23 -09- 1978""}, {""type"": ""CURRENCY"", ""start"": 28, ""end"": 32, ""text"": ""▁Solomon ▁Island s ▁Dollar""}]",O O O O O O O O O O B-FIRSTNAME I-FIRSTNAME O O O O O O O O B-DOB I-DOB I-DOB O O O O O B-CURRENCY I-CURRENCY I-CURRENCY I-CURRENCY O O O O O O O,O O O O O O O O O O B-FIRSTNAME I-FIRSTNAME O O O O O O O O B-DATE I-DATE I-DATE O O O O O B-CURRENCY I-CURRENCY I-CURRENCY I-CURRENCY O O O O O O O
5785,"Nhắc nhở cuộc họp: Xuân, nam, hãy tham gia cùng chúng tôi tại [-29.25, -67.1064] để thảo luận về chính sách giáo dục dự kiến vào ngày 16/02/2011.",True,0.75,"[{""type"": ""FIRSTNAME"", ""start"": 6, ""end"": 7, ""text"": ""Xuân""}, {""type"": ""GENDER"", ""start"": 8, ""end"": 9, ""text"": ""nam""}, {""type"": ""NEARBYGPSCOORDINATE"", ""start"": 15, ""end"": 26, ""text"": ""[ -@@ 29.@@ 25 , -@@ 6@@ 7.@@ 10@@ 64 ]""}, {""type"": ""DATE"", ""start"": 34, ""end"": 37, ""text"": ""16/@@ 02@@ /2011""}]","[{""type"": ""MIDDLENAME"", ""start"": 6, ""end"": 7, ""text"": ""Xuân""}, {""type"": ""GENDER"", ""start"": 8, ""end"": 9, ""text"": ""nam""}, {""type"": ""NEARBYGPSCOORDINATE"", ""start"": 15, ""end"": 26, ""text"": ""[ -@@ 29.@@ 25 , -@@ 6@@ 7.@@ 10@@ 64 ]""}, {""type"": ""DATE"", ""start"": 34, ""end"": 37, ""text"": ""16/@@ 02@@ /2011""}]",O O O O O O B-FIRSTNAME O B-GENDER O O O O O O B-NEARBYGPSCOORDINATE I-NEARBYGPSCOORDINATE I-NEARBYGPSCOORDINATE I-NEARBYGPSCOORDINATE I-NEARBYGPSCOORDINATE I-NEARBYGPSCOORDINATE I-NEARBYGPSCOORDINATE I-NEARBYGPSCOORDINATE I-NEARBYGPSCOORDINATE I-NEARBYGPSCOORDINATE I-NEARBYGPSCOORDINATE O O O O O O O O B-DATE I-DATE I-DATE O,O O O O O O B-MIDDLENAME O B-GENDER O O O O O O B-NEARBYGPSCOORDINATE I-NEARBYGPSCOORDINATE I-NEARBYGPSCOORDINATE I-NEARBYGPSCOORDINATE I-NEARBYGPSCOORDINATE I-NEARBYGPSCOORDINATE I-NEARBYGPSCOORDINATE I-NEARBYGPSCOORDINATE I-NEARBYGPSCOORDINATE I-NEARBYGPSCOORDINATE I-NEARBYGPSCOORDINATE O O O O O O O O B-DATE I-DATE I-DATE O,0.75,"[{""type"": ""FIRSTNAME"", ""start"": 6, ""end"": 7, ""text"": ""Xuân""}, {""type"": ""GENDER"", ""start"": 8, ""end"": 9, ""text"": ""nam""}, {""type"": ""NEARBYGPSCOORDINATE"", ""start"": 15, ""end"": 26, ""text"": ""[ -@@ 29.@@ 25 , -@@ 6@@ 7.@@ 10@@ 64 ]""}, {""type"": ""DATE"", ""start"": 34, ""end"": 37, ""text"": ""16/@@ 02@@ /2011""}]","[{""type"": ""MIDDLENAME"", ""start"": 6, ""end"": 7, ""text"": ""Xuân""}, {""type"": ""GENDER"", ""start"": 8, ""end"": 9, ""text"": ""nam""}, {""type"": ""NEARBYGPSCOORDINATE"", ""start"": 15, ""end"": 26, ""text"": ""[ -@@ 29.@@ 25 , -@@ 6@@ 7.@@ 10@@ 64 ]""}, {""type"": ""DATE"", ""start"": 34, ""end"": 37, ""text"": ""16/@@ 02@@ /2011""}]",O O O O O O B-FIRSTNAME O B-GENDER O O O O O O B-NEARBYGPSCOORDINATE I-NEARBYGPSCOORDINATE I-NEARBYGPSCOORDINATE I-NEARBYGPSCOORDINATE I-NEARBYGPSCOORDINATE I-NEARBYGPSCOORDINATE I-NEARBYGPSCOORDINATE I-NEARBYGPSCOORDINATE I-NEARBYGPSCOORDINATE I-NEARBYGPSCOORDINATE I-NEARBYGPSCOORDINATE O O O O O O O O B-DATE I-DATE I-DATE O,O O O O O O B-MIDDLENAME O B-GENDER O O O O O O B-NEARBYGPSCOORDINATE I-NEARBYGPSCOORDINATE I-NEARBYGPSCOORDINATE I-NEARBYGPSCOORDINATE I-NEARBYGPSCOORDINATE I-NEARBYGPSCOORDINATE I-NEARBYGPSCOORDINATE I-NEARBYGPSCOORDINATE I-NEARBYGPSCOORDINATE I-NEARBYGPSCOORDINATE I-NEARBYGPSCOORDINATE O O O O O O O O B-DATE I-DATE I-DATE O,0.5,"[{""type"": ""FIRSTNAME"", ""start"": 6, ""end"": 7, ""text"": ""Xuân""}, {""type"": ""GENDER"", ""start"": 8, ""end"": 9, ""text"": ""nam""}, {""type"": ""NEARBYGPSCOORDINATE"", ""start"": 15, ""end"": 26, ""text"": ""[ -@@ 29.@@ 25 , -@@ 6@@ 7.@@ 10@@ 64 ]""}, {""type"": ""DATE"", ""start"": 34, ""end"": 37, ""text"": ""16/@@ 02@@ /2011""}]","[{""type"": ""MIDDLENAME"", ""start"": 6, ""end"": 7, ""text"": ""Xuân""}, {""type"": ""GENDER"", ""start"": 8, ""end"": 9, ""text"": ""nam""}, {""type"": ""NEARBYGPSCOORDINATE"", ""start"": 15, ""end"": 26, ""text"": ""[ -@@ 29.@@ 25 , -@@ 6@@ 7.@@ 10@@ 64 ]""}, {""type"": ""DOB"", ""start"": 34, ""end"": 37, ""text"": ""16/@@ 02@@ /2011""}]",O O O O O O B-FIRSTNAME O B-GENDER O O O O O O B-NEARBYGPSCOORDINATE I-NEARBYGPSCOORDINATE I-NEARBYGPSCOORDINATE I-NEARBYGPSCOORDINATE I-NEARBYGPSCOORDINATE I-NEARBYGPSCOORDINATE I-NEARBYGPSCOORDINATE I-NEARBYGPSCOORDINATE I-NEARBYGPSCOORDINATE I-NEARBYGPSCOORDINATE I-NEARBYGPSCOORDINATE O O O O O O O O B-DATE I-DATE I-DATE O,O O O O O O B-MIDDLENAME O B-GENDER O O O O O O B-NEARBYGPSCOORDINATE I-NEARBYGPSCOORDINATE I-NEARBYGPSCOORDINATE I-NEARBYGPSCOORDINATE I-NEARBYGPSCOORDINATE I-NEARBYGPSCOORDINATE I-NEARBYGPSCOORDINATE I-NEARBYGPSCOORDINATE I-NEARBYGPSCOORDINATE I-NEARBYGPSCOORDINATE I-NEARBYGPSCOORDINATE O O O O O O O O B-DOB I-DOB I-DOB O,0.5,"[{""type"": ""FIRSTNAME"", ""start"": 7, ""end"": 8, ""text"": ""▁Xuân""}, {""type"": ""GENDER"", ""start"": 9, ""end"": 10, ""text"": ""▁nam""}, {""type"": ""NEARBYGPSCOORDINATE"", ""start"": 18, ""end"": 29, ""text"": ""▁[ -29 . 25 , ▁- 67 . 10 64 ]""}, {""type"": ""DATE"", ""start"": 41, ""end"": 44, ""text"": ""▁16 /02/ 2011""}]","[{""type"": ""MIDDLENAME"", ""start"": 7, ""end"": 8, ""text"": ""▁Xuân""}, {""type"": ""GENDER"", ""start"": 9, ""end"": 10, ""text"": ""▁nam""}, {""type"": ""NEARBYGPSCOORDINATE"", ""start"": 18, ""end"": 29, ""text"": ""▁[ -29 . 25 , ▁- 67 . 10 64 ]""}, {""type"": ""DOB"", ""start"": 41, ""end"": 44, ""text"": ""▁16 /02/ 2011""}]",O O O O O O O B-FIRSTNAME O B-GENDER O O O O O O O O B-NEARBYGPSCOORDINATE I-NEARBYGPSCOORDINATE I-NEARBYGPSCOORDINATE I-NEARBYGPSCOORDINATE I-NEARBYGPSCOORDINATE I-NEARBYGPSCOORDINATE I-NEARBYGPSCOORDINATE I-NEARBYGPSCOORDINATE I-NEARBYGPSCOORDINATE I-NEARBYGPSCOORDINATE I-NEARBYGPSCOORDINATE O O O O O O O O O O O O B-DATE I-DATE I-DATE O,O O O O O O O B-MIDDLENAME O B-GENDER O O O O O O O O B-NEARBYGPSCOORDINATE I-NEARBYGPSCOORDINATE I-NEARBYGPSCOORDINATE I-NEARBYGPSCOORDINATE I-NEARBYGPSCOORDINATE I-NEARBYGPSCOORDINATE I-NEARBYGPSCOORDINATE I-NEARBYGPSCOORDINATE I-NEARBYGPSCOORDINATE I-NEARBYGPSCOORDINATE I-NEARBYGPSCOORDINATE O O O O O O O O O O O O B-DOB I-DOB I-DOB O
5791,Vui lòng kiểm tra xem longthuy84 đã nộp mẫu bắt buộc cho 01/01/00 trong khu vực TP. Cần Thơ chưa.,True,0.6666666666666666,"[{""type"": ""USERNAME"", ""start"": 4, ""end"": 7, ""text"": ""long@@ thuy@@ 84""}, {""type"": ""DOB"", ""start"": 12, ""end"": 15, ""text"": ""01/@@ 01/@@ 00""}, {""type"": ""STATE"", ""start"": 17, ""end"": 19, ""text"": ""TP. Cần_Thơ""}]","[{""type"": ""USERNAME"", ""start"": 4, ""end"": 7, ""text"": ""long@@ thuy@@ 84""}, {""type"": ""DATE"", ""start"": 12, ""end"": 15, ""text"": ""01/@@ 01/@@ 00""}, {""type"": ""STATE"", ""start"": 17, ""end"": 19, ""text"": ""TP. Cần_Thơ""}]",O O O O B-USERNAME I-USERNAME I-USERNAME O O O O O B-DOB I-DOB I-DOB O O B-STATE I-STATE O O,O O O O B-USERNAME I-USERNAME I-USERNAME O O O O O B-DATE I-DATE I-DATE O O B-STATE I-STATE O O,0.6666666666666666,"[{""type"": ""USERNAME"", ""start"": 4, ""end"": 7, ""text"": ""long@@ thuy@@ 84""}, {""type"": ""DOB"", ""start"": 12, ""end"": 15, ""text"": ""01/@@ 01/@@ 00""}, {""type"": ""STATE"", ""start"": 17, ""end"": 19, ""text"": ""TP. Cần_Thơ""}]","[{""type"": ""USERNAME"", ""start"": 4, ""end"": 7, ""text"": ""long@@ thuy@@ 84""}, {""type"": ""DATE"", ""start"": 12, ""end"": 15, ""text"": ""01/@@ 01/@@ 00""}, {""type"": ""STATE"", ""start"": 17, ""end"": 19, ""text"": ""TP. Cần_Thơ""}]",O O O O B-USERNAME I-USERNAME I-USERNAME O O O O O B-DOB I-DOB I-DOB O O B-STATE I-STATE O O,O O O O B-USERNAME I-USERNAME I-USERNAME O O O O O B-DATE I-DATE I-DATE O O B-STATE I-STATE O O,0.6666666666666666,"[{""type"": ""USERNAME"", ""start"": 4, ""end"": 7, ""text"": ""long@@ thuy@@ 84""}, {""type"": ""DOB"", ""start"": 12, ""end"": 15, ""text"": ""01/@@ 01/@@ 00""}, {""type"": ""STATE"", ""start"": 17, ""end"": 19, ""text"": ""TP. Cần_Thơ""}]","[{""type"": ""USERNAME"", ""start"": 4, ""end"": 7, ""text"": ""long@@ thuy@@ 84""}, {""type"": ""DATE"", ""start"": 12, ""end"": 15, ""text"": ""01/@@ 01/@@ 00""}, {""type"": ""STATE"", ""start"": 17, ""end"": 19, ""text"": ""TP. Cần_Thơ""}]",O O O O B-USERNAME I-USERNAME I-USERNAME O O O O O B-DOB I-DOB I-DOB O O B-STATE I-STATE O O,O O O O B-USERNAME I-USERNAME I-USERNAME O O O O O B-DATE I-DATE I-DATE O O B-STATE I-STATE O O,0.6666666666666666,"[{""type"": ""USERNAME"", ""start"": 5, ""end"": 9, ""text"": ""▁long thu y 84""}, {""type"": ""DOB"", ""start"": 15, ""end"": 18, ""text"": ""▁01 /01/ 00""}, {""type"": ""STATE"", ""start"": 21, ""end"": 25, ""text"": ""▁TP . ▁Cần ▁Thơ""}]","[{""type"": ""USERNAME"", ""start"": 5, ""end"": 9, ""text"": ""▁long thu y 84""}, {""type"": ""DATE"", ""start"": 15, ""end"": 18, ""text"": ""▁01 /01/ 00""}, {""type"": ""STATE"", ""start"": 21, ""end"": 25, ""text"": ""▁TP . ▁Cần ▁Thơ""}]",O O O O O B-USERNAME I-USERNAME I-USERNAME I-USERNAME O O O O O O B-DOB I-DOB I-DOB O O O B-STATE I-STATE I-STATE I-STATE O O,O O O O O B-USERNAME I-USERNAME I-USERNAME I-USERNAME O O O O O O B-DATE I-DATE I-DATE O O O B-STATE I-STATE I-STATE I-STATE O O
5821,"Thân gửi Quang, chúng tôi đã nhận được thông báo về một giao dịch đáng ngờ từ IP 69.17.226.115 trên ví Bitcoin của bạn 3d5FwNP6YxGiV8BUtuAmiN5hdvxAJYXBHA6Huk. Nếu đây không phải là bạn, vui lòng liên hệ với chúng tôi ngay lập tức.",True,0.6666666666666666,"[{""type"": ""FIRSTNAME"", ""start"": 2, ""end"": 3, ""text"": ""Quang""}, {""type"": ""IPADDRESS"", ""start"": 16, ""end"": 22, ""text"": ""6@@ 9.@@ 17.@@ 22@@ 6.@@ 115""}, {""type"": ""BITCOINADDRESS"", ""start"": 27, ""end"": 57, ""text"": ""3@@ d@@ 5@@ F@@ w@@ NP@@ 6@@ Y@@ x@@ Gi@@ V@@ 8@@ B@@ U@@ tu@@ Ami@@ N@@ 5@@ h@@ d@@ v@@ x@@ A@@ JY@@ X@@ BH@@ A@@ 6@@ Hu@@ k""}]","[{""type"": ""MIDDLENAME"", ""start"": 2, ""end"": 3, ""text"": ""Quang""}, {""type"": ""IPADDRESS"", ""start"": 16, ""end"": 22, ""text"": ""6@@ 9.@@ 17.@@ 22@@ 6.@@ 115""}, {""type"": ""BITCOINADDRESS"", ""start"": 27, ""end"": 57, ""text"": ""3@@ d@@ 5@@ F@@ w@@ NP@@ 6@@ Y@@ x@@ Gi@@ V@@ 8@@ B@@ U@@ tu@@ Ami@@ N@@ 5@@ h@@ d@@ v@@ x@@ A@@ JY@@ X@@ BH@@ A@@ 6@@ Hu@@ k""}]",O O B-FIRSTNAME O O O O O O O O O O O O O B-IPADDRESS I-IPADDRESS I-IPADDRESS I-IPADDRESS I-IPADDRESS I-IPADDRESS O O O O O B-BITCOINADDRESS I-BITCOINADDRESS I-BITCOINADDRESS I-BITCOINADDRESS I-BITCOINADDRESS I-BITCOINADDRESS I-BITCOINADDRESS I-BITCOINADDRESS I-BITCOINADDRESS I-BITCOINADDRESS I-BITCOINADDRESS I-BITCOINADDRESS I-BITCOINADDRESS I-BITCOINADDRESS I-BITCOINADDRESS I-BITCOINADDRESS I-BITCOINADDRESS I-BITCOINADDRESS I-BITCOINADDRESS I-BITCOINADDRESS I-BITCOINADDRESS I-BITCOINADDRESS I-BITCOINADDRESS I-BITCOINADDRESS I-BITCOINADDRESS I-BITCOINADDRESS I-BITCOINADDRESS I-BITCOINADDRESS I-BITCOINADDRESS I-BITCOINADDRESS O O O O O O O O O O O O O O,O O B-MIDDLENAME O O O O O O O O O O O O O B-IPADDRESS I-IPADDRESS I-IPADDRESS I-IPADDRESS I-IPADDRESS I-IPADDRESS O O O O O B-BITCOINADDRESS I-BITCOINADDRESS I-BITCOINADDRESS I-BITCOINADDRESS I-BITCOINADDRESS I-BITCOINADDRESS I-BITCOINADDRESS I-BITCOINADDRESS I-BITCOINADDRESS I-BITCOINADDRESS I-BITCOINADDRESS I-BITCOINADDRESS I-BITCOINADDRESS I-BITCOINADDRESS I-BITCOINADDRESS I-BITCOINADDRESS I-BITCOINADDRESS I-BITCOINADDRESS I-BITCOINADDRESS I-BITCOINADDRESS I-BITCOINADDRESS I-BITCOINADDRESS I-BITCOINADDRESS I-BITCOINADDRESS I-BITCOINADDRESS I-BITCOINADDRESS I-BITCOINADDRESS I-BITCOINADDRESS I-BITCOINADDRESS I-BITCOINADDRESS O O O O O O O O O O O O O O,0.6666666666666666,"[{""type"": ""FIRSTNAME"", ""start"": 2, ""end"": 3, ""text"": ""Quang""}, {""type"": ""IPADDRESS"", ""start"": 16, ""end"": 22, ""text"": ""6@@ 9.@@ 17.@@ 22@@ 6.@@ 115""}, {""type"": ""BITCOINADDRESS"", ""start"": 27, ""end"": 57, ""text"": ""3@@ d@@ 5@@ F@@ w@@ NP@@ 6@@ Y@@ x@@ Gi@@ V@@ 8@@ B@@ U@@ tu@@ Ami@@ N@@ 5@@ h@@ d@@ v@@ x@@ A@@ JY@@ X@@ BH@@ A@@ 6@@ Hu@@ k""}]","[{""type"": ""MIDDLENAME"", ""start"": 2, ""end"": 3, ""text"": ""Quang""}, {""type"": ""IPADDRESS"", ""start"": 16, ""end"": 22, ""text"": ""6@@ 9.@@ 17.@@ 22@@ 6.@@ 115""}, {""type"": ""BITCOINADDRESS"", ""start"": 27, ""end"": 57, ""text"": ""3@@ d@@ 5@@ F@@ w@@ NP@@ 6@@ Y@@ x@@ Gi@@ V@@ 8@@ B@@ U@@ tu@@ Ami@@ N@@ 5@@ h@@ d@@ v@@ x@@ A@@ JY@@ X@@ BH@@ A@@ 6@@ Hu@@ k""}]",O O B-FIRSTNAME O O O O O O O O O O O O O B-IPADDRESS I-IPADDRESS I-IPADDRESS I-IPADDRESS I-IPADDRESS I-IPADDRESS O O O O O B-BITCOINADDRESS I-BITCOINADDRESS I-BITCOINADDRESS I-BITCOINADDRESS I-BITCOINADDRESS I-BITCOINADDRESS I-BITCOINADDRESS I-BITCOINADDRESS I-BITCOINADDRESS I-BITCOINADDRESS I-BITCOINADDRESS I-BITCOINADDRESS I-BITCOINADDRESS I-BITCOINADDRESS I-BITCOINADDRESS I-BITCOINADDRESS I-BITCOINADDRESS I-BITCOINADDRESS I-BITCOINADDRESS I-BITCOINADDRESS I-BITCOINADDRESS I-BITCOINADDRESS I-BITCOINADDRESS I-BITCOINADDRESS I-BITCOINADDRESS I-BITCOINADDRESS I-BITCOINADDRESS I-BITCOINADDRESS I-BITCOINADDRESS I-BITCOINADDRESS O O O O O O O O O O O O O O,O O B-MIDDLENAME O O O O O O O O O O O O O B-IPADDRESS I-IPADDRESS I-IPADDRESS I-IPADDRESS I-IPADDRESS I-IPADDRESS O O O O O B-BITCOINADDRESS I-BITCOINADDRESS I-BITCOINADDRESS I-BITCOINADDRESS I-BITCOINADDRESS I-BITCOINADDRESS I-BITCOINADDRESS I-BITCOINADDRESS I-BITCOINADDRESS I-BITCOINADDRESS I-BITCOINADDRESS I-BITCOINADDRESS I-BITCOINADDRESS I-BITCOINADDRESS I-BITCOINADDRESS I-BITCOINADDRESS I-BITCOINADDRESS I-BITCOINADDRESS I-BITCOINADDRESS I-BITCOINADDRESS I-BITCOINADDRESS I-BITCOINADDRESS I-BITCOINADDRESS I-BITCOINADDRESS I-BITCOINADDRESS I-BITCOINADDRESS I-BITCOINADDRESS I-BITCOINADDRESS I-BITCOINADDRESS I-BITCOINADDRESS O O O O O O O O O O O O O O,0.6666666666666666,"[{""type"": ""FIRSTNAME"", ""start"": 2, ""end"": 3, ""text"": ""Quang""}, {""type"": ""IPADDRESS"", ""start"": 16, ""end"": 22, ""text"": ""6@@ 9.@@ 17.@@ 22@@ 6.@@ 115""}, {""type"": ""BITCOINADDRESS"", ""start"": 27, ""end"": 57, ""text"": ""3@@ d@@ 5@@ F@@ w@@ NP@@ 6@@ Y@@ x@@ Gi@@ V@@ 8@@ B@@ U@@ tu@@ Ami@@ N@@ 5@@ h@@ d@@ v@@ x@@ A@@ JY@@ X@@ BH@@ A@@ 6@@ Hu@@ k""}]","[{""type"": ""MIDDLENAME"", ""start"": 2, ""end"": 3, ""text"": ""Quang""}, {""type"": ""IPADDRESS"", ""start"": 16, ""end"": 22, ""text"": ""6@@ 9.@@ 17.@@ 22@@ 6.@@ 115""}, {""type"": ""BITCOINADDRESS"", ""start"": 27, ""end"": 57, ""text"": ""3@@ d@@ 5@@ F@@ w@@ NP@@ 6@@ Y@@ x@@ Gi@@ V@@ 8@@ B@@ U@@ tu@@ Ami@@ N@@ 5@@ h@@ d@@ v@@ x@@ A@@ JY@@ X@@ BH@@ A@@ 6@@ Hu@@ k""}]",O O B-FIRSTNAME O O O O O O O O O O O O O B-IPADDRESS I-IPADDRESS I-IPADDRESS I-IPADDRESS I-IPADDRESS I-IPADDRESS O O O O O B-BITCOINADDRESS I-BITCOINADDRESS I-BITCOINADDRESS I-BITCOINADDRESS I-BITCOINADDRESS I-BITCOINADDRESS I-BITCOINADDRESS I-BITCOINADDRESS I-BITCOINADDRESS I-BITCOINADDRESS I-BITCOINADDRESS I-BITCOINADDRESS I-BITCOINADDRESS I-BITCOINADDRESS I-BITCOINADDRESS I-BITCOINADDRESS I-BITCOINADDRESS I-BITCOINADDRESS I-BITCOINADDRESS I-BITCOINADDRESS I-BITCOINADDRESS I-BITCOINADDRESS I-BITCOINADDRESS I-BITCOINADDRESS I-BITCOINADDRESS I-BITCOINADDRESS I-BITCOINADDRESS I-BITCOINADDRESS I-BITCOINADDRESS I-BITCOINADDRESS O O O O O O O O O O O O O O,O O B-MIDDLENAME O O O O O O O O O O O O O B-IPADDRESS I-IPADDRESS I-IPADDRESS I-IPADDRESS I-IPADDRESS I-IPADDRESS O O O O O B-BITCOINADDRESS I-BITCOINADDRESS I-BITCOINADDRESS I-BITCOINADDRESS I-BITCOINADDRESS I-BITCOINADDRESS I-BITCOINADDRESS I-BITCOINADDRESS I-BITCOINADDRESS I-BITCOINADDRESS I-BITCOINADDRESS I-BITCOINADDRESS I-BITCOINADDRESS I-BITCOINADDRESS I-BITCOINADDRESS I-BITCOINADDRESS I-BITCOINADDRESS I-BITCOINADDRESS I-BITCOINADDRESS I-BITCOINADDRESS I-BITCOINADDRESS I-BITCOINADDRESS I-BITCOINADDRESS I-BITCOINADDRESS I-BITCOINADDRESS I-BITCOINADDRESS I-BITCOINADDRESS I-BITCOINADDRESS I-BITCOINADDRESS I-BITCOINADDRESS O O O O O O O O O O O O O O,0.6666666666666666,"[{""type"": ""FIRSTNAME"", ""start"": 2, ""end"": 3, ""text"": ""▁Quang""}, {""type"": ""IPADDRESS"", ""start"": 19, ""end"": 26, ""text"": ""▁69 . 17 . 22 6.1 15""}, {""type"": ""BITCOINADDRESS"", ""start"": 31, ""end"": 60, ""text"": ""▁3 d 5 F w NP 6 Y x Gi V 8 BU tu A mi N 5 h dv x AJ Y X B HA 6 H uk""}]","[{""type"": ""MIDDLENAME"", ""start"": 2, ""end"": 3, ""text"": ""▁Quang""}, {""type"": ""IPADDRESS"", ""start"": 19, ""end"": 26, ""text"": ""▁69 . 17 . 22 6.1 15""}, {""type"": ""BITCOINADDRESS"", ""start"": 31, ""end"": 60, ""text"": ""▁3 d 5 F w NP 6 Y x Gi V 8 BU tu A mi N 5 h dv x AJ Y X B HA 6 H uk""}]",O O B-FIRSTNAME O O O O O O O O O O O O O O O O B-IPADDRESS I-IPADDRESS I-IPADDRESS I-IPADDRESS I-IPADDRESS I-IPADDRESS I-IPADDRESS O O O O O B-BITCOINADDRESS I-BITCOINADDRESS I-BITCOINADDRESS I-BITCOINADDRESS I-BITCOINADDRESS I-BITCOINADDRESS I-BITCOINADDRESS I-BITCOINADDRESS I-BITCOINADDRESS I-BITCOINADDRESS I-BITCOINADDRESS I-BITCOINADDRESS I-BITCOINADDRESS I-BITCOINADDRESS I-BITCOINADDRESS I-BITCOINADDRESS I-BITCOINADDRESS I-BITCOINADDRESS I-BITCOINADDRESS I-BITCOINADDRESS I-BITCOINADDRESS I-BITCOINADDRESS I-BITCOINADDRESS I-BITCOINADDRESS I-BITCOINADDRESS I-BITCOINADDRESS I-BITCOINADDRESS I-BITCOINADDRESS I-BITCOINADDRESS O O O O O O O O O O O O O O O O O O O,O O B-MIDDLENAME O O O O O O O O O O O O O O O O B-IPADDRESS I-IPADDRESS I-IPADDRESS I-IPADDRESS I-IPADDRESS I-IPADDRESS I-IPADDRESS O O O O O B-BITCOINADDRESS I-BITCOINADDRESS I-BITCOINADDRESS I-BITCOINADDRESS I-BITCOINADDRESS I-BITCOINADDRESS I-BITCOINADDRESS I-BITCOINADDRESS I-BITCOINADDRESS I-BITCOINADDRESS I-BITCOINADDRESS I-BITCOINADDRESS I-BITCOINADDRESS I-BITCOINADDRESS I-BITCOINADDRESS I-BITCOINADDRESS I-BITCOINADDRESS I-BITCOINADDRESS I-BITCOINADDRESS I-BITCOINADDRESS I-BITCOINADDRESS I-BITCOINADDRESS I-BITCOINADDRESS I-BITCOINADDRESS I-BITCOINADDRESS I-BITCOINADDRESS I-BITCOINADDRESS I-BITCOINADDRESS I-BITCOINADDRESS O O O O O O O O O O O O O O O O O O O
5894,Trường hợp bệnh nhân - 021112423714: Được chẩn đoán bị thoát vị đĩa đệm cột sống. Hiện tại cao 1 mét 97. Sẽ cần nhiều buổi điều trị. Mỗi buổi sẽ yêu cầu VND. Vui lòng liên hệ qua số 0341705456.,True,0.6666666666666665,"[{""type"": ""CCCD"", ""start"": 3, ""end"": 10, ""text"": ""02@@ 11@@ 12@@ 4@@ 23@@ 7@@ 14""}, {""type"": ""HEIGHT"", ""start"": 20, ""end"": 23, ""text"": ""1 mét 97""}, {""type"": ""CURRENCYSYMBOL"", ""start"": 34, ""end"": 35, ""text"": ""VND""}, {""type"": ""PHONENUMBER"", ""start"": 41, ""end"": 46, ""text"": ""0@@ 34@@ 17@@ 05@@ 456""}]","[{""type"": ""CCCD"", ""start"": 3, ""end"": 10, ""text"": ""02@@ 11@@ 12@@ 4@@ 23@@ 7@@ 14""}, {""type"": ""COMPANYNAME"", ""start"": 16, ""end"": 17, ""text"": ""cột_sống""}, {""type"": ""HEIGHT"", ""start"": 20, ""end"": 23, ""text"": ""1 mét 97""}, {""type"": ""CURRENCYCODE"", ""start"": 34, ""end"": 35, ""text"": ""VND""}, {""type"": ""PHONENUMBER"", ""start"": 41, ""end"": 46, ""text"": ""0@@ 34@@ 17@@ 05@@ 456""}]",O O O B-CCCD I-CCCD I-CCCD I-CCCD I-CCCD I-CCCD I-CCCD O O O O O O O O O O B-HEIGHT I-HEIGHT I-HEIGHT O O O O O O O O O O O B-CURRENCYSYMBOL O O O O O O B-PHONENUMBER I-PHONENUMBER I-PHONENUMBER I-PHONENUMBER I-PHONENUMBER O,O O O B-CCCD I-CCCD I-CCCD I-CCCD I-CCCD I-CCCD I-CCCD O O O O O O I-COMPANYNAME O O O B-HEIGHT I-HEIGHT I-HEIGHT O O O O O O O O O O O B-CURRENCYCODE O O O O O O B-PHONENUMBER I-PHONENUMBER I-PHONENUMBER I-PHONENUMBER I-PHONENUMBER O,0.75,"[{""type"": ""CCCD"", ""start"": 3, ""end"": 10, ""text"": ""02@@ 11@@ 12@@ 4@@ 23@@ 7@@ 14""}, {""type"": ""HEIGHT"", ""start"": 20, ""end"": 23, ""text"": ""1 mét 97""}, {""type"": ""CURRENCYSYMBOL"", ""start"": 34, ""end"": 35, ""text"": ""VND""}, {""type"": ""PHONENUMBER"", ""start"": 41, ""end"": 46, ""text"": ""0@@ 34@@ 17@@ 05@@ 456""}]","[{""type"": ""CCCD"", ""start"": 3, ""end"": 10, ""text"": ""02@@ 11@@ 12@@ 4@@ 23@@ 7@@ 14""}, {""type"": ""HEIGHT"", ""start"": 20, ""end"": 23, ""text"": ""1 mét 97""}, {""type"": ""CURRENCYCODE"", ""start"": 34, ""end"": 35, ""text"": ""VND""}, {""type"": ""PHONENUMBER"", ""start"": 41, ""end"": 46, ""text"": ""0@@ 34@@ 17@@ 05@@ 456""}]",O O O B-CCCD I-CCCD I-CCCD I-CCCD I-CCCD I-CCCD I-CCCD O O O O O O O O O O B-HEIGHT I-HEIGHT I-HEIGHT O O O O O O O O O O O B-CURRENCYSYMBOL O O O O O O B-PHONENUMBER I-PHONENUMBER I-PHONENUMBER I-PHONENUMBER I-PHONENUMBER O,O O O B-CCCD I-CCCD I-CCCD I-CCCD I-CCCD I-CCCD I-CCCD O O O O O O O O O O B-HEIGHT I-HEIGHT I-HEIGHT O O O O O O O O O O O B-CURRENCYCODE O O O O O O B-PHONENUMBER I-PHONENUMBER I-PHONENUMBER I-PHONENUMBER I-PHONENUMBER O,0.75,"[{""type"": ""CCCD"", ""start"": 3, ""end"": 10, ""text"": ""02@@ 11@@ 12@@ 4@@ 23@@ 7@@ 14""}, {""type"": ""HEIGHT"", ""start"": 20, ""end"": 23, ""text"": ""1 mét 97""}, {""type"": ""CURRENCYSYMBOL"", ""start"": 34, ""end"": 35, ""text"": ""VND""}, {""type"": ""PHONENUMBER"", ""start"": 41, ""end"": 46, ""text"": ""0@@ 34@@ 17@@ 05@@ 456""}]","[{""type"": ""CCCD"", ""start"": 3, ""end"": 10, ""text"": ""02@@ 11@@ 12@@ 4@@ 23@@ 7@@ 14""}, {""type"": ""HEIGHT"", ""start"": 20, ""end"": 23, ""text"": ""1 mét 97""}, {""type"": ""CURRENCYCODE"", ""start"": 34, ""end"": 35, ""text"": ""VND""}, {""type"": ""PHONENUMBER"", ""start"": 41, ""end"": 46, ""text"": ""0@@ 34@@ 17@@ 05@@ 456""}]",O O O B-CCCD I-CCCD I-CCCD I-CCCD I-CCCD I-CCCD I-CCCD O O O O O O O O O O B-HEIGHT I-HEIGHT I-HEIGHT O O O O O O O O O O O B-CURRENCYSYMBOL O O O O O O B-PHONENUMBER I-PHONENUMBER I-PHONENUMBER I-PHONENUMBER I-PHONENUMBER O,O O O B-CCCD I-CCCD I-CCCD I-CCCD I-CCCD I-CCCD I-CCCD O O O O O O O O O O B-HEIGHT I-HEIGHT I-HEIGHT O O O O O O O O O O O B-CURRENCYCODE O O O O O O B-PHONENUMBER I-PHONENUMBER I-PHONENUMBER I-PHONENUMBER I-PHONENUMBER O,0.75,"[{""type"": ""CCCD"", ""start"": 5, ""end"": 11, ""text"": ""▁02 11 12 42 37 14""}, {""type"": ""HEIGHT"", ""start"": 29, ""end"": 32, ""text"": ""▁1 ▁mét ▁97""}, {""type"": ""CURRENCYSYMBOL"", ""start"": 47, ""end"": 49, ""text"": ""▁V ND""}, {""type"": ""PHONENUMBER"", ""start"": 56, ""end"": 60, ""text"": ""▁03 4 1705 456""}]","[{""type"": ""CCCD"", ""start"": 5, ""end"": 11, ""text"": ""▁02 11 12 42 37 14""}, {""type"": ""HEIGHT"", ""start"": 29, ""end"": 32, ""text"": ""▁1 ▁mét ▁97""}, {""type"": ""CURRENCYCODE"", ""start"": 47, ""end"": 49, ""text"": ""▁V ND""}, {""type"": ""PHONENUMBER"", ""start"": 56, ""end"": 60, ""text"": ""▁03 4 1705 456""}]",O O O O O B-CCCD I-CCCD I-CCCD I-CCCD I-CCCD I-CCCD O O O O O O O O O O O O O O O O O O B-HEIGHT I-HEIGHT I-HEIGHT O O O O O O O O O O O O O O O B-CURRENCYSYMBOL I-CURRENCYSYMBOL O O O O O O O B-PHONENUMBER I-PHONENUMBER I-PHONENUMBER I-PHONENUMBER O,O O O O O B-CCCD I-CCCD I-CCCD I-CCCD I-CCCD I-CCCD O O O O O O O O O O O O O O O O O O B-HEIGHT I-HEIGHT I-HEIGHT O O O O O O O O O O O O O O O B-CURRENCYCODE I-CURRENCYCODE O O O O O O O B-PHONENUMBER I-PHONENUMBER I-PHONENUMBER I-PHONENUMBER O
5918,"Đại gia/Bà, hãy trả lại hồ sơ tại [-14.5447, -7.4593]. Sử dụng 9589609106960882 để bảo mật thông tin liên quan đến hồ sơ.",True,0.5,"[{""type"": ""NEARBYGPSCOORDINATE"", ""start"": 9, ""end"": 20, ""text"": ""[ -@@ 14.@@ 54@@ 47 , -@@ 7.@@ 45@@ 93 ]""}, {""type"": ""MASKEDNUMBER"", ""start"": 22, ""end"": 31, ""text"": ""95@@ 89@@ 60@@ 9@@ 10@@ 69@@ 60@@ 8@@ 82""}]","[{""type"": ""NEARBYGPSCOORDINATE"", ""start"": 9, ""end"": 20, ""text"": ""[ -@@ 14.@@ 54@@ 47 , -@@ 7.@@ 45@@ 93 ]""}, {""type"": ""CREDITCARDNUMBER"", ""start"": 22, ""end"": 31, ""text"": ""95@@ 89@@ 60@@ 9@@ 10@@ 69@@ 60@@ 8@@ 82""}]",O O O O O O O O O B-NEARBYGPSCOORDINATE I-NEARBYGPSCOORDINATE I-NEARBYGPSCOORDINATE I-NEARBYGPSCOORDINATE I-NEARBYGPSCOORDINATE I-NEARBYGPSCOORDINATE I-NEARBYGPSCOORDINATE I-NEARBYGPSCOORDINATE I-NEARBYGPSCOORDINATE I-NEARBYGPSCOORDINATE I-NEARBYGPSCOORDINATE O O B-MASKEDNUMBER I-MASKEDNUMBER I-MASKEDNUMBER I-MASKEDNUMBER I-MASKEDNUMBER I-MASKEDNUMBER I-MASKEDNUMBER I-MASKEDNUMBER I-MASKEDNUMBER O O O O O O O,O O O O O O O O O B-NEARBYGPSCOORDINATE I-NEARBYGPSCOORDINATE I-NEARBYGPSCOORDINATE I-NEARBYGPSCOORDINATE I-NEARBYGPSCOORDINATE I-NEARBYGPSCOORDINATE I-NEARBYGPSCOORDINATE I-NEARBYGPSCOORDINATE I-NEARBYGPSCOORDINATE I-NEARBYGPSCOORDINATE I-NEARBYGPSCOORDINATE O O B-CREDITCARDNUMBER I-CREDITCARDNUMBER I-CREDITCARDNUMBER I-CREDITCARDNUMBER I-CREDITCARDNUMBER I-CREDITCARDNUMBER I-CREDITCARDNUMBER I-CREDITCARDNUMBER I-CREDITCARDNUMBER O O O O O O O,0.5,"[{""type"": ""NEARBYGPSCOORDINATE"", ""start"": 9, ""end"": 20, ""text"": ""[ -@@ 14.@@ 54@@ 47 , -@@ 7.@@ 45@@ 93 ]""}, {""type"": ""MASKEDNUMBER"", ""start"": 22, ""end"": 31, ""text"": ""95@@ 89@@ 60@@ 9@@ 10@@ 69@@ 60@@ 8@@ 82""}]","[{""type"": ""NEARBYGPSCOORDINATE"", ""start"": 9, ""end"": 20, ""text"": ""[ -@@ 14.@@ 54@@ 47 , -@@ 7.@@ 45@@ 93 ]""}, {""type"": ""CREDITCARDNUMBER"", ""start"": 22, ""end"": 31, ""text"": ""95@@ 89@@ 60@@ 9@@ 10@@ 69@@ 60@@ 8@@ 82""}]",O O O O O O O O O B-NEARBYGPSCOORDINATE I-NEARBYGPSCOORDINATE I-NEARBYGPSCOORDINATE I-NEARBYGPSCOORDINATE I-NEARBYGPSCOORDINATE I-NEARBYGPSCOORDINATE I-NEARBYGPSCOORDINATE I-NEARBYGPSCOORDINATE I-NEARBYGPSCOORDINATE I-NEARBYGPSCOORDINATE I-NEARBYGPSCOORDINATE O O B-MASKEDNUMBER I-MASKEDNUMBER I-MASKEDNUMBER I-MASKEDNUMBER I-MASKEDNUMBER I-MASKEDNUMBER I-MASKEDNUMBER I-MASKEDNUMBER I-MASKEDNUMBER O O O O O O O,O O O O O O O O O B-NEARBYGPSCOORDINATE I-NEARBYGPSCOORDINATE I-NEARBYGPSCOORDINATE I-NEARBYGPSCOORDINATE I-NEARBYGPSCOORDINATE I-NEARBYGPSCOORDINATE I-NEARBYGPSCOORDINATE I-NEARBYGPSCOORDINATE I-NEARBYGPSCOORDINATE I-NEARBYGPSCOORDINATE I-NEARBYGPSCOORDINATE O O B-CREDITCARDNUMBER I-CREDITCARDNUMBER I-CREDITCARDNUMBER I-CREDITCARDNUMBER I-CREDITCARDNUMBER I-CREDITCARDNUMBER I-CREDITCARDNUMBER I-CREDITCARDNUMBER I-CREDITCARDNUMBER O O O O O O O,0.5,"[{""type"": ""NEARBYGPSCOORDINATE"", ""start"": 9, ""end"": 20, ""text"": ""[ -@@ 14.@@ 54@@ 47 , -@@ 7.@@ 45@@ 93 ]""}, {""type"": ""MASKEDNUMBER"", ""start"": 22, ""end"": 31, ""text"": ""95@@ 89@@ 60@@ 9@@ 10@@ 69@@ 60@@ 8@@ 82""}]","[{""type"": ""NEARBYGPSCOORDINATE"", ""start"": 9, ""end"": 20, ""text"": ""[ -@@ 14.@@ 54@@ 47 , -@@ 7.@@ 45@@ 93 ]""}, {""type"": ""CREDITCARDNUMBER"", ""start"": 22, ""end"": 31, ""text"": ""95@@ 89@@ 60@@ 9@@ 10@@ 69@@ 60@@ 8@@ 82""}]",O O O O O O O O O B-NEARBYGPSCOORDINATE I-NEARBYGPSCOORDINATE I-NEARBYGPSCOORDINATE I-NEARBYGPSCOORDINATE I-NEARBYGPSCOORDINATE I-NEARBYGPSCOORDINATE I-NEARBYGPSCOORDINATE I-NEARBYGPSCOORDINATE I-NEARBYGPSCOORDINATE I-NEARBYGPSCOORDINATE I-NEARBYGPSCOORDINATE O O B-MASKEDNUMBER I-MASKEDNUMBER I-MASKEDNUMBER I-MASKEDNUMBER I-MASKEDNUMBER I-MASKEDNUMBER I-MASKEDNUMBER I-MASKEDNUMBER I-MASKEDNUMBER O O O O O O O,O O O O O O O O O B-NEARBYGPSCOORDINATE I-NEARBYGPSCOORDINATE I-NEARBYGPSCOORDINATE I-NEARBYGPSCOORDINATE I-NEARBYGPSCOORDINATE I-NEARBYGPSCOORDINATE I-NEARBYGPSCOORDINATE I-NEARBYGPSCOORDINATE I-NEARBYGPSCOORDINATE I-NEARBYGPSCOORDINATE I-NEARBYGPSCOORDINATE O O B-CREDITCARDNUMBER I-CREDITCARDNUMBER I-CREDITCARDNUMBER I-CREDITCARDNUMBER I-CREDITCARDNUMBER I-CREDITCARDNUMBER I-CREDITCARDNUMBER I-CREDITCARDNUMBER I-CREDITCARDNUMBER O O O O O O O,0.5,"[{""type"": ""NEARBYGPSCOORDINATE"", ""start"": 12, ""end"": 23, ""text"": ""▁[ -14 . 54 47 , ▁- 7 . 459 3]""}, {""type"": ""MASKEDNUMBER"", ""start"": 26, ""end"": 33, ""text"": ""▁9 589 609 106 960 88 2""}]","[{""type"": ""NEARBYGPSCOORDINATE"", ""start"": 12, ""end"": 23, ""text"": ""▁[ -14 . 54 47 , ▁- 7 . 459 3]""}, {""type"": ""CREDITCARDNUMBER"", ""start"": 26, ""end"": 33, ""text"": ""▁9 589 609 106 960 88 2""}]",O O O O O O O O O O O O B-NEARBYGPSCOORDINATE I-NEARBYGPSCOORDINATE I-NEARBYGPSCOORDINATE I-NEARBYGPSCOORDINATE I-NEARBYGPSCOORDINATE I-NEARBYGPSCOORDINATE I-NEARBYGPSCOORDINATE I-NEARBYGPSCOORDINATE I-NEARBYGPSCOORDINATE I-NEARBYGPSCOORDINATE I-NEARBYGPSCOORDINATE O O O B-MASKEDNUMBER I-MASKEDNUMBER I-MASKEDNUMBER I-MASKEDNUMBER I-MASKEDNUMBER I-MASKEDNUMBER I-MASKEDNUMBER O O O O O O O O O O O,O O O O O O O O O O O O B-NEARBYGPSCOORDINATE I-NEARBYGPSCOORDINATE I-NEARBYGPSCOORDINATE I-NEARBYGPSCOORDINATE I-NEARBYGPSCOORDINATE I-NEARBYGPSCOORDINATE I-NEARBYGPSCOORDINATE I-NEARBYGPSCOORDINATE I-NEARBYGPSCOORDINATE I-NEARBYGPSCOORDINATE I-NEARBYGPSCOORDINATE O O O B-CREDITCARDNUMBER I-CREDITCARDNUMBER I-CREDITCARDNUMBER I-CREDITCARDNUMBER I-CREDITCARDNUMBER I-CREDITCARDNUMBER I-CREDITCARDNUMBER O O O O O O O O O O O
